SAID,GSE,GSM,species,Cells,Condition,Age,Sex,Tissue location,Fine cell types,Gross cell types,Title,Summary,Overall Design,PubMed
SAID001,GSE269455,GSM8316001,Mouse,6427,Healthy,Not mentioned,Both,dorsal skin,B Cell|Bulge Hair-Follicle Stem Cell|Ccl27a+ Pre-granular Suprabasal Keratinocyte|Ctss+ Lyz2+ Macrophage|Dcn+ Fstl1+ Col1a2+ Dermal Fibroblast|Dcn+ Lum+ Dermal Fibroblast|Dcn+ Pi16+ Fibroblast|Fbn2+ Mfap2+ Papillary Dermal Fibroblast|Gamma-delta T Cell|Hair Follicle Progenitor|Krt1+ Krt10+ Spinous Suprabasal Keratinocyte|Krt25/28+ Dlx3+ Lef1+ Inner Root Sheath Cell|Krt5+ Krt14+ Basal Keratinocyte|Krt6a+ Krt14+ Metabolically Active Basal Keratinocyte|Langerhans Cell|Mast Cell|Melanocyte|Proliferating Cell|Prrx1+ Ebf1+ Fibroblast Progenitor|S100a9+ S100a8+ Neutrophil|Schwann cells|Sebaceous Gland Cell|Sensory Neuron|Skap1+ Itk+ T Cell|Skeletal Muscle Cell|Skeletal Muscle Progenitor|Sprr1a+ Krt17+ Prolif Suprabasal Keratinocyte|Vascular Endothelial Cell|Vascular Smooth Muscle Cell|cDC1 Dendritic Cell|cDC2 Dendritic Cell,Bulge Hair-Follicle Stem Cell|Fibroblast|Hair Follicle Progenitor|Immune|Inner Root Sheath Cell|Keratinocyte|Melanocyte|Proliferating Cell|Schwann cells|Sebaceous Gland Cell|Sensory Neuron|Skeletal Muscle Cell|Skeletal Muscle Progenitor|Vascular Endothelial Cell|Vascular Smooth Muscle Cell,Humanized CXCL12 Antibody Delays Onset and Modulates Immune Response in Alopecia Areata  Mice,"It has been demonstrated that CXCL12 inhibits hair growth via CXCR4, and its neutralizing antibody (Ab) increases hair growth in alopecia areata (AA). However, the molecular mechanisms have not been fully elucidated. In the present study, we further prepared humanized CXCL12 Ab for AA treatment and investigated underlying molecular mechanisms using single-cell RNA sequencing. Subcutaneous injection of humanized CXCL12 Ab significantly delayed AA onset in mice, and dorsal skin was analyzed. T cells and dendritic cells/macrophages were increased in the AA model, but decreased after CXCL12 Ab treatment. Pseudobulk RNA sequencing identified 153 differentially expressed genes that were upregulated in AA model and downregulated after Ab treatment. Gene ontology analysis revealed that immune cell chemotaxis and cellular response to type II interferon were upregulated in AA model but downregulated after Ab treatment. We further identified key immune cell-related genes such as Ifng, Cd8a, Ccr5, Ccl4, Ccl5, and Il21r, which were colocalized with Cxcr4 in T cells and regulated by CXCL12 Ab treatment. Notably, CD8+ T cells were significantly increased and activated via Jak/Stat pathway in the AA model but inactivated after CXCL12 Ab treatment. Collectively, these results indicate that humanized CXCL12 Ab is promising for AA treatment via immune modulatory effects.","Skin samples were collected from unaffected C3H/HeN mice (negative control, Neg), AA model mice, and AA model mice treated with CXCL12-neutralizing antibody (AA + Ab).",39483478; 39795953; 40004031
SAID002,GSE269455,GSM8316002,Mouse,10076,Alopecia Areata,Not mentioned,Both,dorsal skin,B Cell|Bulge Hair-Follicle Stem Cell|Ccl27a+ Pre-granular Suprabasal Keratinocyte|Ctss+ Lyz2+ Macrophage|Dcn+ Fstl1+ Col1a2+ Dermal Fibroblast|Dcn+ Lum+ Dermal Fibroblast|Dcn+ Pi16+ Fibroblast|Fbn2+ Mfap2+ Papillary Dermal Fibroblast|Gamma-delta T Cell|Hair Follicle Progenitor|Krt1+ Krt10+ Spinous Suprabasal Keratinocyte|Krt25/28+ Dlx3+ Lef1+ Inner Root Sheath Cell|Krt5+ Krt14+ Basal Keratinocyte|Krt6a+ Krt14+ Metabolically Active Basal Keratinocyte|Langerhans Cell|Lymphatic Endothelial Cell|Melanocyte|Proliferating Cell|Prrx1+ Ebf1+ Fibroblast Progenitor|S100a9+ S100a8+ Neutrophil|Schwann cells|Sebaceous Gland Cell|Sensory Neuron|Skap1+ Itk+ T Cell|Skeletal Muscle Cell|Skeletal Muscle Progenitor|Sprr1a+ Krt16+ Granular Suprabasal Keratinocyte|Sprr1a+ Krt17+ Prolif Suprabasal Keratinocyte|Vascular Endothelial Cell|Vascular Smooth Muscle Cell|cDC1 Dendritic Cell|cDC2 Dendritic Cell,Bulge Hair-Follicle Stem Cell|Fibroblast|Hair Follicle Progenitor|Immune|Inner Root Sheath Cell|Keratinocyte|Lymphatic Endothelial Cell|Melanocyte|Proliferating Cell|Schwann cells|Sebaceous Gland Cell|Sensory Neuron|Skeletal Muscle Cell|Skeletal Muscle Progenitor|Vascular Endothelial Cell|Vascular Smooth Muscle Cell,Humanized CXCL12 Antibody Delays Onset and Modulates Immune Response in Alopecia Areata  Mice,"It has been demonstrated that CXCL12 inhibits hair growth via CXCR4, and its neutralizing antibody (Ab) increases hair growth in alopecia areata (AA). However, the molecular mechanisms have not been fully elucidated. In the present study, we further prepared humanized CXCL12 Ab for AA treatment and investigated underlying molecular mechanisms using single-cell RNA sequencing. Subcutaneous injection of humanized CXCL12 Ab significantly delayed AA onset in mice, and dorsal skin was analyzed. T cells and dendritic cells/macrophages were increased in the AA model, but decreased after CXCL12 Ab treatment. Pseudobulk RNA sequencing identified 153 differentially expressed genes that were upregulated in AA model and downregulated after Ab treatment. Gene ontology analysis revealed that immune cell chemotaxis and cellular response to type II interferon were upregulated in AA model but downregulated after Ab treatment. We further identified key immune cell-related genes such as Ifng, Cd8a, Ccr5, Ccl4, Ccl5, and Il21r, which were colocalized with Cxcr4 in T cells and regulated by CXCL12 Ab treatment. Notably, CD8+ T cells were significantly increased and activated via Jak/Stat pathway in the AA model but inactivated after CXCL12 Ab treatment. Collectively, these results indicate that humanized CXCL12 Ab is promising for AA treatment via immune modulatory effects.","Skin samples were collected from unaffected C3H/HeN mice (negative control, Neg), AA model mice, and AA model mice treated with CXCL12-neutralizing antibody (AA + Ab).",39483478; 39795953; 40004031
SAID003,GSE269455,GSM8316003,Mouse,9737,Alopecia Areata with Antibody,Not mentioned,Both,dorsal skin,B Cell|Bulge Hair-Follicle Stem Cell|Ccl27a+ Pre-granular Suprabasal Keratinocyte|Ctss+ Lyz2+ Macrophage|Dcn+ Fstl1+ Col1a2+ Dermal Fibroblast|Dcn+ Lum+ Dermal Fibroblast|Dcn+ Pi16+ Fibroblast|Gamma-delta T Cell|Hair Follicle Progenitor|Krt1+ Krt10+ Spinous Suprabasal Keratinocyte|Krt25/28+ Dlx3+ Lef1+ Inner Root Sheath Cell|Krt5+ Krt14+ Basal Keratinocyte|Krt6a+ Krt14+ Metabolically Active Basal Keratinocyte|Langerhans Cell|Lymphatic Endothelial Cell|Mast Cell|Melanocyte|Proliferating Cell|Prrx1+ Ebf1+ Fibroblast Progenitor|S100a9+ S100a8+ Neutrophil|Sebaceous Gland Cell|Sensory Neuron|Skap1+ Itk+ T Cell|Skeletal Muscle Cell|Skeletal Muscle Progenitor|Sprr1a+ Krt17+ Prolif Suprabasal Keratinocyte|Vascular Endothelial Cell|Vascular Smooth Muscle Cell|cDC1 Dendritic Cell|cDC2 Dendritic Cell,Bulge Hair-Follicle Stem Cell|Fibroblast|Hair Follicle Progenitor|Immune|Inner Root Sheath Cell|Keratinocyte|Lymphatic Endothelial Cell|Melanocyte|Proliferating Cell|Sebaceous Gland Cell|Sensory Neuron|Skeletal Muscle Cell|Skeletal Muscle Progenitor|Vascular Endothelial Cell|Vascular Smooth Muscle Cell,Humanized CXCL12 Antibody Delays Onset and Modulates Immune Response in Alopecia Areata  Mice,"It has been demonstrated that CXCL12 inhibits hair growth via CXCR4, and its neutralizing antibody (Ab) increases hair growth in alopecia areata (AA). However, the molecular mechanisms have not been fully elucidated. In the present study, we further prepared humanized CXCL12 Ab for AA treatment and investigated underlying molecular mechanisms using single-cell RNA sequencing. Subcutaneous injection of humanized CXCL12 Ab significantly delayed AA onset in mice, and dorsal skin was analyzed. T cells and dendritic cells/macrophages were increased in the AA model, but decreased after CXCL12 Ab treatment. Pseudobulk RNA sequencing identified 153 differentially expressed genes that were upregulated in AA model and downregulated after Ab treatment. Gene ontology analysis revealed that immune cell chemotaxis and cellular response to type II interferon were upregulated in AA model but downregulated after Ab treatment. We further identified key immune cell-related genes such as Ifng, Cd8a, Ccr5, Ccl4, Ccl5, and Il21r, which were colocalized with Cxcr4 in T cells and regulated by CXCL12 Ab treatment. Notably, CD8+ T cells were significantly increased and activated via Jak/Stat pathway in the AA model but inactivated after CXCL12 Ab treatment. Collectively, these results indicate that humanized CXCL12 Ab is promising for AA treatment via immune modulatory effects.","Skin samples were collected from unaffected C3H/HeN mice (negative control, Neg), AA model mice, and AA model mice treated with CXCL12-neutralizing antibody (AA + Ab).",39483478; 39795953; 40004031
SAID004,GSE261227,GSM8138118,Mouse,4225,Healthy,P63,female,Not mentioned,Adgre1+ Itgam+ Dermal Inf Macrophage|Bulge Hair-Follicle Stem Cell|Ccl27a+ Pre-granular Suprabasal Keratinocyte|Ctss+ Lyz2+ Macrophage|Dcn+ Lum+ Dermal Fibroblast|Fbn2+ Mfap2+ Papillary Dermal Fibroblast|Gamma-delta T Cell|Hair Follicle Progenitor|Krt1+ Krt10+ Spinous Suprabasal Keratinocyte|Krt5+ Krt14+ Basal Keratinocyte|Langerhans Cell|Lymphatic Endothelial Cell|Melanocyte|Proliferating Cell|Prrx1+ Ebf1+ Fibroblast Progenitor|Schwann cells|Sebaceous Gland Cell|Skap1+ Itk+ T Cell|Sprr1a+ Krt17+ Prolif Suprabasal Keratinocyte|Vascular Endothelial Cell|Vascular Smooth Muscle Cell|cDC1 Dendritic Cell|cDC2 Dendritic Cell,Bulge Hair-Follicle Stem Cell|Fibroblast|Hair Follicle Progenitor|Immune|Keratinocyte|Lymphatic Endothelial Cell|Melanocyte|Proliferating Cell|Schwann cells|Sebaceous Gland Cell|Vascular Endothelial Cell|Vascular Smooth Muscle Cell,Molecular heterogeneity of quiescent melanocyte stem cells revealed by single-cell RNA-sequencing.,"Melanocyte stem cells (McSCs) of the hair follicle are a rare cell population within the skin and are notably underrepresented in whole-skin, single-cell RNA sequencing (scRNA-seq) datasets. Using a cell enrichment strategy to isolate KIT+/CD45- cells from the telogen skin of adult female C57BL/6J mice, we evaluated the transcriptional landscape of quiescent McSCs (qMcSCs) at high resolution. Through this evaluation, we confirmed existing molecular signatures for qMcCS subpopulations (e.g., Kit+, Cd34+/-, Plp1+, Cd274+/-, Thy1+, Cdh3+/-) and identified novel qMcSC subpopulations, including two that differentially regulate their immune privilege status. Within qMcSC subpopulations, we also predicted melanocyte differentiation potential, neural crest potential, and quiescence depth. Taken together, the results demonstrate that the qMcSC population is heterogenous and future studies focused on investigating changes in qMcSCs should consider changes in subpopulation composition.","Follicular melanocyte stem cells reside in the cellular state of quiescence for the majority of their lifespan and are essential for the regeneration of hair pigmentation during hair cycling. Functional, anatomical and molecular evidence indicates that quiescent melanocyte stem cells are heterogenous and this heterogeneity is a characteristic that defines the stem and lineage potential of these cells. To further interrogate the transcriptional programs that drive this heterogeneity we isolated quiescent melanocyte stem cells from the dermis of female, 8-week-old, C57BL/6J mice (n=3) using KIT+/CD45- enrichment using flow cytometry. Isolated quiescent melanocyte stem cells were processed for single cell RNA-seq (10X genomics) to generate a high resolution map of these cells (5545 total cells analyzed after quality control and filtering). We also performed single cell RNA-seq on dissociated dermis without enrichment as a comparison.",
SAID005,GSE261227,GSM8138119,Mouse,2991,Healthy,P63,female,Not mentioned,Bulge Hair-Follicle Stem Cell|Ccl27a+ Pre-granular Suprabasal Keratinocyte|Crabp1+ Hmga2+ Prrx1+ Wound-Activated Fibroblast|Ctss+ Lyz2+ Macrophage|Dcn+ Lum+ Dermal Fibroblast|Gamma-delta T Cell|Krt1+ Krt10+ Spinous Suprabasal Keratinocyte|Krt5+ Krt14+ Basal Keratinocyte|Lymphatic Endothelial Cell|Melanocyte|Prrx1+ Ebf1+ Fibroblast Progenitor|Schwann cells|Sebaceous Gland Cell|Vascular Endothelial Cell|Vascular Smooth Muscle Cell|cDC2 Dendritic Cell,Bulge Hair-Follicle Stem Cell|Fibroblast|Immune|Keratinocyte|Lymphatic Endothelial Cell|Melanocyte|Schwann cells|Sebaceous Gland Cell|Vascular Endothelial Cell|Vascular Smooth Muscle Cell,Molecular heterogeneity of quiescent melanocyte stem cells revealed by single-cell RNA-sequencing.,"Melanocyte stem cells (McSCs) of the hair follicle are a rare cell population within the skin and are notably underrepresented in whole-skin, single-cell RNA sequencing (scRNA-seq) datasets. Using a cell enrichment strategy to isolate KIT+/CD45- cells from the telogen skin of adult female C57BL/6J mice, we evaluated the transcriptional landscape of quiescent McSCs (qMcSCs) at high resolution. Through this evaluation, we confirmed existing molecular signatures for qMcCS subpopulations (e.g., Kit+, Cd34+/-, Plp1+, Cd274+/-, Thy1+, Cdh3+/-) and identified novel qMcSC subpopulations, including two that differentially regulate their immune privilege status. Within qMcSC subpopulations, we also predicted melanocyte differentiation potential, neural crest potential, and quiescence depth. Taken together, the results demonstrate that the qMcSC population is heterogenous and future studies focused on investigating changes in qMcSCs should consider changes in subpopulation composition.","Follicular melanocyte stem cells reside in the cellular state of quiescence for the majority of their lifespan and are essential for the regeneration of hair pigmentation during hair cycling. Functional, anatomical and molecular evidence indicates that quiescent melanocyte stem cells are heterogenous and this heterogeneity is a characteristic that defines the stem and lineage potential of these cells. To further interrogate the transcriptional programs that drive this heterogeneity we isolated quiescent melanocyte stem cells from the dermis of female, 8-week-old, C57BL/6J mice (n=3) using KIT+/CD45- enrichment using flow cytometry. Isolated quiescent melanocyte stem cells were processed for single cell RNA-seq (10X genomics) to generate a high resolution map of these cells (5545 total cells analyzed after quality control and filtering). We also performed single cell RNA-seq on dissociated dermis without enrichment as a comparison.",
SAID006,GSE261227,GSM8138120,Mouse,3106,Healthy,P63,female,Not mentioned,Apod+ Ebf2+ Igfbp6+ Preadipocyte-like Dermal Fibroblast|Bulge Hair-Follicle Stem Cell|Ccl27a+ Pre-granular Suprabasal Keratinocyte|Ctss+ Lyz2+ Macrophage|Dcn+ Lum+ Dermal Fibroblast|Krt1+ Krt10+ Spinous Suprabasal Keratinocyte|Krt5+ Krt14+ Basal Keratinocyte|Lymphatic Endothelial Cell|Melanocyte|Proliferating Cell|Prrx1+ Ebf1+ Fibroblast Progenitor|Schwann cells|Sebaceous Gland Cell|Vascular Endothelial Cell|Vascular Smooth Muscle Cell|cDC2 Dendritic Cell,Bulge Hair-Follicle Stem Cell|Fibroblast|Immune|Keratinocyte|Lymphatic Endothelial Cell|Melanocyte|Proliferating Cell|Schwann cells|Sebaceous Gland Cell|Vascular Endothelial Cell|Vascular Smooth Muscle Cell,Molecular heterogeneity of quiescent melanocyte stem cells revealed by single-cell RNA-sequencing.,"Melanocyte stem cells (McSCs) of the hair follicle are a rare cell population within the skin and are notably underrepresented in whole-skin, single-cell RNA sequencing (scRNA-seq) datasets. Using a cell enrichment strategy to isolate KIT+/CD45- cells from the telogen skin of adult female C57BL/6J mice, we evaluated the transcriptional landscape of quiescent McSCs (qMcSCs) at high resolution. Through this evaluation, we confirmed existing molecular signatures for qMcCS subpopulations (e.g., Kit+, Cd34+/-, Plp1+, Cd274+/-, Thy1+, Cdh3+/-) and identified novel qMcSC subpopulations, including two that differentially regulate their immune privilege status. Within qMcSC subpopulations, we also predicted melanocyte differentiation potential, neural crest potential, and quiescence depth. Taken together, the results demonstrate that the qMcSC population is heterogenous and future studies focused on investigating changes in qMcSCs should consider changes in subpopulation composition.","Follicular melanocyte stem cells reside in the cellular state of quiescence for the majority of their lifespan and are essential for the regeneration of hair pigmentation during hair cycling. Functional, anatomical and molecular evidence indicates that quiescent melanocyte stem cells are heterogenous and this heterogeneity is a characteristic that defines the stem and lineage potential of these cells. To further interrogate the transcriptional programs that drive this heterogeneity we isolated quiescent melanocyte stem cells from the dermis of female, 8-week-old, C57BL/6J mice (n=3) using KIT+/CD45- enrichment using flow cytometry. Isolated quiescent melanocyte stem cells were processed for single cell RNA-seq (10X genomics) to generate a high resolution map of these cells (5545 total cells analyzed after quality control and filtering). We also performed single cell RNA-seq on dissociated dermis without enrichment as a comparison.",
SAID007,GSE261227,GSM8138121,Mouse,6342,Healthy,P63,female,Not mentioned,Apod+ Ebf2+ Igfbp6+ Preadipocyte-like Dermal Fibroblast|Bulge Hair-Follicle Stem Cell|Ccl27a+ Pre-granular Suprabasal Keratinocyte|Ctss+ Lyz2+ Macrophage|Dcn+ Lum+ Dermal Fibroblast|Dcn+ Pi16+ Fibroblast|Erythrocyte|Fbn2+ Mfap2+ Papillary Dermal Fibroblast|Hair Follicle Progenitor|Krt1+ Krt10+ Spinous Suprabasal Keratinocyte|Krt25/28+ Dlx3+ Lef1+ Inner Root Sheath Cell|Krt5+ Krt14+ Basal Keratinocyte|Krt6a+ Krt14+ Metabolically Active Basal Keratinocyte|Langerhans Cell|Lymphatic Endothelial Cell|Mast Cell|Melanocyte|Proliferating Cell|Prrx1+ Ebf1+ Fibroblast Progenitor|Schwann cells|Sebaceous Gland Cell|Skap1+ Itk+ T Cell|Sprr1a+ Krt17+ Prolif Suprabasal Keratinocyte|Vascular Endothelial Cell|Vascular Smooth Muscle Cell|cDC2 Dendritic Cell,Bulge Hair-Follicle Stem Cell|Erythrocyte|Fibroblast|Hair Follicle Progenitor|Immune|Inner Root Sheath Cell|Keratinocyte|Lymphatic Endothelial Cell|Melanocyte|Proliferating Cell|Schwann cells|Sebaceous Gland Cell|Vascular Endothelial Cell|Vascular Smooth Muscle Cell,Molecular heterogeneity of quiescent melanocyte stem cells revealed by single-cell RNA-sequencing.,"Melanocyte stem cells (McSCs) of the hair follicle are a rare cell population within the skin and are notably underrepresented in whole-skin, single-cell RNA sequencing (scRNA-seq) datasets. Using a cell enrichment strategy to isolate KIT+/CD45- cells from the telogen skin of adult female C57BL/6J mice, we evaluated the transcriptional landscape of quiescent McSCs (qMcSCs) at high resolution. Through this evaluation, we confirmed existing molecular signatures for qMcCS subpopulations (e.g., Kit+, Cd34+/-, Plp1+, Cd274+/-, Thy1+, Cdh3+/-) and identified novel qMcSC subpopulations, including two that differentially regulate their immune privilege status. Within qMcSC subpopulations, we also predicted melanocyte differentiation potential, neural crest potential, and quiescence depth. Taken together, the results demonstrate that the qMcSC population is heterogenous and future studies focused on investigating changes in qMcSCs should consider changes in subpopulation composition.","Follicular melanocyte stem cells reside in the cellular state of quiescence for the majority of their lifespan and are essential for the regeneration of hair pigmentation during hair cycling. Functional, anatomical and molecular evidence indicates that quiescent melanocyte stem cells are heterogenous and this heterogeneity is a characteristic that defines the stem and lineage potential of these cells. To further interrogate the transcriptional programs that drive this heterogeneity we isolated quiescent melanocyte stem cells from the dermis of female, 8-week-old, C57BL/6J mice (n=3) using KIT+/CD45- enrichment using flow cytometry. Isolated quiescent melanocyte stem cells were processed for single cell RNA-seq (10X genomics) to generate a high resolution map of these cells (5545 total cells analyzed after quality control and filtering). We also performed single cell RNA-seq on dissociated dermis without enrichment as a comparison.",
SAID008,GSE234269,GSM7461430,Mouse,4911,Wounded,P56,Both,dorsal skin,Adgre1+ Itgam+ Dermal Inf Macrophage|Apod+ Ebf2+ Igfbp6+ Preadipocyte-like Dermal Fibroblast|Basophil|Crabp1+ Hmga2+ Prrx1+ Wound-Activated Fibroblast|Ctss+ Lyz2+ Macrophage|Dcn+ Fstl1+ Col1a2+ Dermal Fibroblast|Dcn+ Lum+ Dermal Fibroblast|Dcn+ Pi16+ Fibroblast|Erythrocyte|Fbn2+ Mfap2+ Papillary Dermal Fibroblast|Hair Follicle Progenitor|Krt6a+ Krt14+ Metabolically Active Basal Keratinocyte|Langerhans Cell|Lymphatic Endothelial Cell|Mast Cell|Prrx1+ Ebf1+ Fibroblast Progenitor|S100a9+ S100a8+ Neutrophil|Schwann cells|Sebaceous Gland Cell|Skap1+ Itk+ T Cell|Skeletal Muscle Progenitor|Vascular Endothelial Cell|Vascular Smooth Muscle Cell|cDC1 Dendritic Cell|cDC2 Dendritic Cell,Erythrocyte|Fibroblast|Hair Follicle Progenitor|Immune|Keratinocyte|Lymphatic Endothelial Cell|Schwann cells|Sebaceous Gland Cell|Skeletal Muscle Progenitor|Vascular Endothelial Cell|Vascular Smooth Muscle Cell,Novel integrated multiomics analysis reveals Itgbl1-mediated regulation of fibrogenesis through antagonism of Tgfβ1 and IL1β signaling. (single cell RNA-Seq),"To understand the molecular mechanism of minority cell population in skin would healing process, we performed single cell RNA sequencing (scRNA-seq) of murine skin wound tissues at 3 different time points after injury (3d, 7d, 14d).","scRNA-seq analysis data were obtained by using murine skin wound tissues which includes on day 3, 7, and 14 post incisional injury.",39558136
SAID009,GSE234269,GSM7461431,Mouse,23248,Wounded,P56,Both,dorsal skin,Adgre1+ Itgam+ Dermal Inf Macrophage|Apod+ Ebf2+ Igfbp6+ Preadipocyte-like Dermal Fibroblast|B Cell|Basophil|Bulge Hair-Follicle Stem Cell|Ccl27a+ Pre-granular Suprabasal Keratinocyte|Crabp1+ Hmga2+ Prrx1+ Wound-Activated Fibroblast|Ctss+ Lyz2+ Macrophage|Dcn+ Fstl1+ Col1a2+ Dermal Fibroblast|Dcn+ Lum+ Dermal Fibroblast|Dcn+ Pi16+ Fibroblast|Erythrocyte|Fbn2+ Mfap2+ Papillary Dermal Fibroblast|Gamma-delta T Cell|Krt1+ Krt10+ Spinous Suprabasal Keratinocyte|Krt17+ Krt6a+ Migratory Keratinocyte|Krt5+ Krt14+ Basal Keratinocyte|Krt6a+ Krt14+ Metabolically Active Basal Keratinocyte|Langerhans Cell|Lymphatic Endothelial Cell|Mast Cell|Melanocyte|Prrx1+ Ebf1+ Fibroblast Progenitor|S100a9+ S100a8+ Neutrophil|Schwann cells|Sebaceous Gland Cell|Skap1+ Itk+ T Cell|Skeletal Muscle Progenitor|Sprr1a+ Krt17+ Prolif Suprabasal Keratinocyte|Vascular Endothelial Cell|Vascular Smooth Muscle Cell|cDC1 Dendritic Cell|cDC2 Dendritic Cell,Bulge Hair-Follicle Stem Cell|Erythrocyte|Fibroblast|Immune|Keratinocyte|Lymphatic Endothelial Cell|Melanocyte|Schwann cells|Sebaceous Gland Cell|Skeletal Muscle Progenitor|Vascular Endothelial Cell|Vascular Smooth Muscle Cell,Novel integrated multiomics analysis reveals Itgbl1-mediated regulation of fibrogenesis through antagonism of Tgfβ1 and IL1β signaling. (single cell RNA-Seq),"To understand the molecular mechanism of minority cell population in skin would healing process, we performed single cell RNA sequencing (scRNA-seq) of murine skin wound tissues at 3 different time points after injury (3d, 7d, 14d).","scRNA-seq analysis data were obtained by using murine skin wound tissues which includes on day 3, 7, and 14 post incisional injury.",39558136
SAID010,GSE230512,GSM7225686,Mouse,8783,Healthy,P56,Both,dorsal skin,Adgre1+ Itgam+ Dermal Inf Macrophage|Apod+ Ebf2+ Igfbp6+ Preadipocyte-like Dermal Fibroblast|B Cell|Basophil|Bulge Hair-Follicle Stem Cell|Ccl27a+ Pre-granular Suprabasal Keratinocyte|Crabp1+ Hmga2+ Prrx1+ Wound-Activated Fibroblast|Ctss+ Lyz2+ Macrophage|Dcn+ Fstl1+ Col1a2+ Dermal Fibroblast|Dcn+ Lum+ Dermal Fibroblast|Dcn+ Pi16+ Fibroblast|Erythrocyte|Fbn2+ Mfap2+ Papillary Dermal Fibroblast|Gamma-delta T Cell|Hair Follicle Progenitor|Krt1+ Krt10+ Spinous Suprabasal Keratinocyte|Krt17+ Krt6a+ Migratory Keratinocyte|Krt25/28+ Dlx3+ Lef1+ Inner Root Sheath Cell|Krt5+ Krt14+ Basal Keratinocyte|Krt6a+ Krt14+ Metabolically Active Basal Keratinocyte|Langerhans Cell|Lymphatic Endothelial Cell|Mast Cell|Melanocyte|Proliferating Cell|Prrx1+ Ebf1+ Fibroblast Progenitor|S100a9+ S100a8+ Neutrophil|Schwann cells|Sebaceous Gland Cell|Sensory Neuron|Skap1+ Itk+ T Cell|Skeletal Muscle Cell|Skeletal Muscle Progenitor|Sprr1a+ Krt16+ Granular Suprabasal Keratinocyte|Sprr1a+ Krt17+ Prolif Suprabasal Keratinocyte|Vascular Endothelial Cell|Vascular Smooth Muscle Cell|cDC1 Dendritic Cell|cDC2 Dendritic Cell,Bulge Hair-Follicle Stem Cell|Erythrocyte|Fibroblast|Hair Follicle Progenitor|Immune|Inner Root Sheath Cell|Keratinocyte|Lymphatic Endothelial Cell|Melanocyte|Proliferating Cell|Schwann cells|Sebaceous Gland Cell|Sensory Neuron|Skeletal Muscle Cell|Skeletal Muscle Progenitor|Vascular Endothelial Cell|Vascular Smooth Muscle Cell,IL-17 activates dermal reticular fibroblasts to promote neutrophil recruitment and host defense [scRNAseq],"The complex system by which the skin regulates immune responses to the external environment is unclear. Here, we investigated cell-cell interactions underlying cutaneous defense against S. aureus. Single-cell transcriptomics (scRNA-Seq) and unbiased network analysis revealed unexpected, dominant IL-17-mediated dermal reticular fibroblast-to-neutrophil communication. Multi-faceted in vitro omics studies demonstrated that IL-17 synergized with several factors including TNF⍺ to induce fibroblast NFKBIZ and chemokine secretion. Cultured fibroblasts drove robust neutrophil recruitment through NFKBIZ-dependent CXCR2 and CXCR4 ligands. Mice lacking IL-17R in fibroblasts (PdgfraΔIl17ra) were generated to determine the significance of fibroblast-neutrophil communication. PdgfraΔIl17ra mice exhibited drastically reduced skin neutrophilia in multiple disease models and reduced defense against S. aureus. These findings were translated to humans by comprehensive analysis of biopsies from psoriasis patients on and off anti-IL-17 treatment. Thus, dermal fibroblasts are critical for skin type 17 inflammation and represent a novel target for treatment of infection and inflammatory disease.","scRNA-seq of fibroblasts stimulated in vitro and infected, inflamed, and control mouse skin",
SAID011,GSE230512,GSM7225687,Mouse,580,Intradermal S. aureus infection,P56,Both,dorsal skin,Adgre1+ Itgam+ Dermal Inf Macrophage|B Cell|Basophil|Bulge Hair-Follicle Stem Cell|Ccl27a+ Pre-granular Suprabasal Keratinocyte|Crabp1+ Hmga2+ Prrx1+ Wound-Activated Fibroblast|Ctss+ Lyz2+ Macrophage|Dcn+ Fstl1+ Col1a2+ Dermal Fibroblast|Dcn+ Lum+ Dermal Fibroblast|Dcn+ Pi16+ Fibroblast|Erythrocyte|Fbn2+ Mfap2+ Papillary Dermal Fibroblast|Gamma-delta T Cell|Krt1+ Krt10+ Spinous Suprabasal Keratinocyte|Krt25/28+ Dlx3+ Lef1+ Inner Root Sheath Cell|Krt5+ Krt14+ Basal Keratinocyte|Lymphatic Endothelial Cell|Melanocyte|Prrx1+ Ebf1+ Fibroblast Progenitor|S100a9+ S100a8+ Neutrophil|Sebaceous Gland Cell|Sensory Neuron|Skap1+ Itk+ T Cell|Skeletal Muscle Cell|Vascular Endothelial Cell|Vascular Smooth Muscle Cell|cDC2 Dendritic Cell,Bulge Hair-Follicle Stem Cell|Erythrocyte|Fibroblast|Immune|Inner Root Sheath Cell|Keratinocyte|Lymphatic Endothelial Cell|Melanocyte|Sebaceous Gland Cell|Sensory Neuron|Skeletal Muscle Cell|Vascular Endothelial Cell|Vascular Smooth Muscle Cell,IL-17 activates dermal reticular fibroblasts to promote neutrophil recruitment and host defense [scRNAseq],"The complex system by which the skin regulates immune responses to the external environment is unclear. Here, we investigated cell-cell interactions underlying cutaneous defense against S. aureus. Single-cell transcriptomics (scRNA-Seq) and unbiased network analysis revealed unexpected, dominant IL-17-mediated dermal reticular fibroblast-to-neutrophil communication. Multi-faceted in vitro omics studies demonstrated that IL-17 synergized with several factors including TNF⍺ to induce fibroblast NFKBIZ and chemokine secretion. Cultured fibroblasts drove robust neutrophil recruitment through NFKBIZ-dependent CXCR2 and CXCR4 ligands. Mice lacking IL-17R in fibroblasts (PdgfraΔIl17ra) were generated to determine the significance of fibroblast-neutrophil communication. PdgfraΔIl17ra mice exhibited drastically reduced skin neutrophilia in multiple disease models and reduced defense against S. aureus. These findings were translated to humans by comprehensive analysis of biopsies from psoriasis patients on and off anti-IL-17 treatment. Thus, dermal fibroblasts are critical for skin type 17 inflammation and represent a novel target for treatment of infection and inflammatory disease.","scRNA-seq of fibroblasts stimulated in vitro and infected, inflamed, and control mouse skin",
SAID012,GSE230512,GSM7225688,Mouse,1699,Healthy,P56,Both,dorsal skin,Adgre1+ Itgam+ Dermal Inf Macrophage|B Cell|Basophil|Ccl27a+ Pre-granular Suprabasal Keratinocyte|Crabp1+ Hmga2+ Prrx1+ Wound-Activated Fibroblast|Ctss+ Lyz2+ Macrophage|Dcn+ Fstl1+ Col1a2+ Dermal Fibroblast|Dcn+ Lum+ Dermal Fibroblast|Dcn+ Pi16+ Fibroblast|Erythrocyte|Lymphatic Endothelial Cell|Melanocyte|Prrx1+ Ebf1+ Fibroblast Progenitor|S100a9+ S100a8+ Neutrophil|Sebaceous Gland Cell|Sensory Neuron|Skap1+ Itk+ T Cell|Skeletal Muscle Cell|Sprr1a+ Krt17+ Prolif Suprabasal Keratinocyte|Vascular Endothelial Cell|Vascular Smooth Muscle Cell|cDC2 Dendritic Cell,Erythrocyte|Fibroblast|Immune|Keratinocyte|Lymphatic Endothelial Cell|Melanocyte|Sebaceous Gland Cell|Sensory Neuron|Skeletal Muscle Cell|Vascular Endothelial Cell|Vascular Smooth Muscle Cell,IL-17 activates dermal reticular fibroblasts to promote neutrophil recruitment and host defense [scRNAseq],"The complex system by which the skin regulates immune responses to the external environment is unclear. Here, we investigated cell-cell interactions underlying cutaneous defense against S. aureus. Single-cell transcriptomics (scRNA-Seq) and unbiased network analysis revealed unexpected, dominant IL-17-mediated dermal reticular fibroblast-to-neutrophil communication. Multi-faceted in vitro omics studies demonstrated that IL-17 synergized with several factors including TNF⍺ to induce fibroblast NFKBIZ and chemokine secretion. Cultured fibroblasts drove robust neutrophil recruitment through NFKBIZ-dependent CXCR2 and CXCR4 ligands. Mice lacking IL-17R in fibroblasts (PdgfraΔIl17ra) were generated to determine the significance of fibroblast-neutrophil communication. PdgfraΔIl17ra mice exhibited drastically reduced skin neutrophilia in multiple disease models and reduced defense against S. aureus. These findings were translated to humans by comprehensive analysis of biopsies from psoriasis patients on and off anti-IL-17 treatment. Thus, dermal fibroblasts are critical for skin type 17 inflammation and represent a novel target for treatment of infection and inflammatory disease.","scRNA-seq of fibroblasts stimulated in vitro and infected, inflamed, and control mouse skin",
SAID013,GSE230512,GSM7225689,Mouse,6813,Topical imiquimod,P56,Both,dorsal skin,Bulge Hair-Follicle Stem Cell|Crabp1+ Hmga2+ Prrx1+ Wound-Activated Fibroblast|Ctss+ Lyz2+ Macrophage|Dcn+ Fstl1+ Col1a2+ Dermal Fibroblast|Dcn+ Lum+ Dermal Fibroblast|Dcn+ Pi16+ Fibroblast|Fbn2+ Mfap2+ Papillary Dermal Fibroblast|Krt17+ Krt6a+ Migratory Keratinocyte|Krt5+ Krt14+ Basal Keratinocyte|Krt6a+ Krt14+ Metabolically Active Basal Keratinocyte|Lymphatic Endothelial Cell|Melanocyte|Schwann cells|Skeletal Muscle Progenitor|Sprr1a+ Krt17+ Prolif Suprabasal Keratinocyte|Vascular Endothelial Cell|Vascular Smooth Muscle Cell,Bulge Hair-Follicle Stem Cell|Fibroblast|Immune|Keratinocyte|Lymphatic Endothelial Cell|Melanocyte|Schwann cells|Skeletal Muscle Progenitor|Vascular Endothelial Cell|Vascular Smooth Muscle Cell,IL-17 activates dermal reticular fibroblasts to promote neutrophil recruitment and host defense [scRNAseq],"The complex system by which the skin regulates immune responses to the external environment is unclear. Here, we investigated cell-cell interactions underlying cutaneous defense against S. aureus. Single-cell transcriptomics (scRNA-Seq) and unbiased network analysis revealed unexpected, dominant IL-17-mediated dermal reticular fibroblast-to-neutrophil communication. Multi-faceted in vitro omics studies demonstrated that IL-17 synergized with several factors including TNF⍺ to induce fibroblast NFKBIZ and chemokine secretion. Cultured fibroblasts drove robust neutrophil recruitment through NFKBIZ-dependent CXCR2 and CXCR4 ligands. Mice lacking IL-17R in fibroblasts (PdgfraΔIl17ra) were generated to determine the significance of fibroblast-neutrophil communication. PdgfraΔIl17ra mice exhibited drastically reduced skin neutrophilia in multiple disease models and reduced defense against S. aureus. These findings were translated to humans by comprehensive analysis of biopsies from psoriasis patients on and off anti-IL-17 treatment. Thus, dermal fibroblasts are critical for skin type 17 inflammation and represent a novel target for treatment of infection and inflammatory disease.","scRNA-seq of fibroblasts stimulated in vitro and infected, inflamed, and control mouse skin",
SAID014,GSE223660,GSM6970228,Mouse,6401,Wounded,P56,Both,dorsal skin,Adgre1+ Itgam+ Dermal Inf Macrophage|B Cell|Basophil|Ctss+ Lyz2+ Macrophage|Dcn+ Fstl1+ Col1a2+ Dermal Fibroblast|Dcn+ Lum+ Dermal Fibroblast|Dcn+ Pi16+ Fibroblast|Gamma-delta T Cell|Langerhans Cell|S100a9+ S100a8+ Neutrophil|Sensory Neuron|Skap1+ Itk+ T Cell|Skeletal Muscle Cell|Skeletal Muscle Progenitor|cDC1 Dendritic Cell|cDC2 Dendritic Cell,Fibroblast|Immune|Sensory Neuron|Skeletal Muscle Cell|Skeletal Muscle Progenitor,Apoptosis recognition receptors regulate skin tissue repair in mice,"Apoptosis and clearance of apoptotic cells via efferocytosis are evolutionarily conserved processes that drive tissue repair. However, the mechanisms by which recognition and clearance of apoptotic cells regulate repair are not fully understood. Here, we use single-cell RNA sequencing to provide a map of the cellular dynamics during early inflammation in mouse skin wounds. We find that apoptotic pathways and efferocytosis receptors are elevated in fibroblasts and immune cells, including resident Lyve1+ macrophages, during inflammation.","7-9 week-old male C57BL/6J mice were wounded during the telogen phase of hair cycling. To assess cellular and molecular heterogeneity of the wound bed during the inflammatory phase, we performed scRNA-seq on cells isolated from 4 mm full-thickness biopsy punches on mouse back skin at 24 and 48 hours (h) after injury. To ensure that we also captured the immediately adjacent tissue as well as cells that may have migrated into the wound site, we used a 6mm biopsy punch to collect the tissue before isolating cells using enzymatic digestion.",38127424
SAID015,GSE211810,GSM6502671,Mouse,4290,Healthy,P20,Both,dorsal skin,Adgre1+ Itgam+ Dermal Inf Macrophage|Apod+ Ebf2+ Igfbp6+ Preadipocyte-like Dermal Fibroblast|B Cell|Basophil|Bulge Hair-Follicle Stem Cell|Ccl27a+ Pre-granular Suprabasal Keratinocyte|Crabp1+ Hmga2+ Prrx1+ Wound-Activated Fibroblast|Ctss+ Lyz2+ Macrophage|Dcn+ Fstl1+ Col1a2+ Dermal Fibroblast|Dcn+ Lum+ Dermal Fibroblast|Dcn+ Pi16+ Fibroblast|Fbn2+ Mfap2+ Papillary Dermal Fibroblast|Gamma-delta T Cell|Hair Follicle Progenitor|Krt1+ Krt10+ Spinous Suprabasal Keratinocyte|Krt25/28+ Dlx3+ Lef1+ Inner Root Sheath Cell|Krt5+ Krt14+ Basal Keratinocyte|Krt6a+ Krt14+ Metabolically Active Basal Keratinocyte|Langerhans Cell|Lymphatic Endothelial Cell|Mast Cell|Proliferating Cell|Prrx1+ Ebf1+ Fibroblast Progenitor|S100a9+ S100a8+ Neutrophil|Schwann cells|Sebaceous Gland Cell|Sensory Neuron|Skap1+ Itk+ T Cell|Skeletal Muscle Cell|Skeletal Muscle Progenitor|Sprr1a+ Krt17+ Prolif Suprabasal Keratinocyte|Vascular Endothelial Cell|Vascular Smooth Muscle Cell|cDC1 Dendritic Cell|cDC2 Dendritic Cell,Bulge Hair-Follicle Stem Cell|Fibroblast|Hair Follicle Progenitor|Immune|Inner Root Sheath Cell|Keratinocyte|Lymphatic Endothelial Cell|Proliferating Cell|Schwann cells|Sebaceous Gland Cell|Sensory Neuron|Skeletal Muscle Cell|Skeletal Muscle Progenitor|Vascular Endothelial Cell|Vascular Smooth Muscle Cell,scRNAseq dataset of PDGFRβ+ cells in fibrosing skin and kidney with or without ZFYVE9/SARA overexpression,"Activated myofibroblasts play an essential role in tissue fibrogenesis by producing extracellular matrixes (ECM).  ECMs replace normal functioning tissue, reducing tissue plasticity and impairing functions of the organ.  Recent studies suggested that pericytes are a major source of myofibroblast precursors.  We previously showed that Smad Anchor for Receptor Activation (SARA) prevents cellular phenotypic transdifferentiation toward mesenchymal cells, and depletion of SARA induces transdifferentiation of epithelial cells to fibroblast-like phenotype.  Here, we generated a transgenic mice that overexpress SARA specifically pericytes by using PDGFRβ-Cre (SARATg, PDGFRβ-Cre). When subjected to either subcutaneous injection of bleomycin or intraperitoneal administration of aristolochic acid, which induces skin and kidney fibrosis, respectively, SARATg, PDGFRβ-Cre mice developed significantly less fibrosis compared to SARAWT, PDGFRβ-Cre mice.  To decipher molecular signature and pericyte trajectory under fibrotic conditions and effects of SARA overexpression, we isolated PDGFR+ cells from skin or kidney of SARATg or WT, PDGFRβ-Cre, Z/EG mice with or without fibrotic stimuli and performed scRNAseq analyses.  In both skin and kidney sample sets, we found pericytes and immune cell populations are the major cell components among the PDGFR+ GFP+ cells.  We found that pericyte populations are divided into canonical and non-canonical sub-populations and the latter has assumed myofibroblast characteristics.  Trajectory mapping revealed a single path from canonical to non-canonical pericyte sub-populations and SARA overexpression truncated the trajectory.  These results suggest that SARA prevents pericyte transdifferentiation into myofibroblasts under fibrotic condition, and therefore anti-fibrotic.","8-week-old SARATg or WT mice crossed with PDGFRβ-Cre and Z/EG reporter mice were subjected to either repeated subcutaneous bleomycin (20mg/kg BW 3x week for 2 weeks) or intraperitoneal injection of aristolochic acid (5mg/kg BW 3x week for 3 weeks) to induce skin or kidney fibrosis respectively, and skin an kiney were harvested.",36136606
SAID016,GSE211810,GSM6502672,Mouse,2407,Bleomycin Treatment,P20,Both,dorsal skin,Adgre1+ Itgam+ Dermal Inf Macrophage|Apod+ Ebf2+ Igfbp6+ Preadipocyte-like Dermal Fibroblast|B Cell|Bulge Hair-Follicle Stem Cell|Ccl27a+ Pre-granular Suprabasal Keratinocyte|Crabp1+ Hmga2+ Prrx1+ Wound-Activated Fibroblast|Ctss+ Lyz2+ Macrophage|Dcn+ Fstl1+ Col1a2+ Dermal Fibroblast|Dcn+ Lum+ Dermal Fibroblast|Dcn+ Pi16+ Fibroblast|Fbn2+ Mfap2+ Papillary Dermal Fibroblast|Hair Follicle Progenitor|Krt1+ Krt10+ Spinous Suprabasal Keratinocyte|Krt5+ Krt14+ Basal Keratinocyte|Krt6a+ Krt14+ Metabolically Active Basal Keratinocyte|Langerhans Cell|Lymphatic Endothelial Cell|Mast Cell|Melanocyte|Prrx1+ Ebf1+ Fibroblast Progenitor|S100a9+ S100a8+ Neutrophil|Schwann cells|Sebaceous Gland Cell|Skap1+ Itk+ T Cell|Skeletal Muscle Cell|Skeletal Muscle Progenitor|Sprr1a+ Krt17+ Prolif Suprabasal Keratinocyte|Vascular Endothelial Cell|Vascular Smooth Muscle Cell|cDC1 Dendritic Cell|cDC2 Dendritic Cell,Bulge Hair-Follicle Stem Cell|Fibroblast|Hair Follicle Progenitor|Immune|Keratinocyte|Lymphatic Endothelial Cell|Melanocyte|Schwann cells|Sebaceous Gland Cell|Skeletal Muscle Cell|Skeletal Muscle Progenitor|Vascular Endothelial Cell|Vascular Smooth Muscle Cell,scRNAseq dataset of PDGFRβ+ cells in fibrosing skin and kidney with or without ZFYVE9/SARA overexpression,"Activated myofibroblasts play an essential role in tissue fibrogenesis by producing extracellular matrixes (ECM).  ECMs replace normal functioning tissue, reducing tissue plasticity and impairing functions of the organ.  Recent studies suggested that pericytes are a major source of myofibroblast precursors.  We previously showed that Smad Anchor for Receptor Activation (SARA) prevents cellular phenotypic transdifferentiation toward mesenchymal cells, and depletion of SARA induces transdifferentiation of epithelial cells to fibroblast-like phenotype.  Here, we generated a transgenic mice that overexpress SARA specifically pericytes by using PDGFRβ-Cre (SARATg, PDGFRβ-Cre). When subjected to either subcutaneous injection of bleomycin or intraperitoneal administration of aristolochic acid, which induces skin and kidney fibrosis, respectively, SARATg, PDGFRβ-Cre mice developed significantly less fibrosis compared to SARAWT, PDGFRβ-Cre mice.  To decipher molecular signature and pericyte trajectory under fibrotic conditions and effects of SARA overexpression, we isolated PDGFR+ cells from skin or kidney of SARATg or WT, PDGFRβ-Cre, Z/EG mice with or without fibrotic stimuli and performed scRNAseq analyses.  In both skin and kidney sample sets, we found pericytes and immune cell populations are the major cell components among the PDGFR+ GFP+ cells.  We found that pericyte populations are divided into canonical and non-canonical sub-populations and the latter has assumed myofibroblast characteristics.  Trajectory mapping revealed a single path from canonical to non-canonical pericyte sub-populations and SARA overexpression truncated the trajectory.  These results suggest that SARA prevents pericyte transdifferentiation into myofibroblasts under fibrotic condition, and therefore anti-fibrotic.","8-week-old SARATg or WT mice crossed with PDGFRβ-Cre and Z/EG reporter mice were subjected to either repeated subcutaneous bleomycin (20mg/kg BW 3x week for 2 weeks) or intraperitoneal injection of aristolochic acid (5mg/kg BW 3x week for 3 weeks) to induce skin or kidney fibrosis respectively, and skin an kiney were harvested.",36136606
SAID017,GSE211810,GSM6502673,Mouse,2474,Bleomycin Treatment,P20,Both,dorsal skin,Adgre1+ Itgam+ Dermal Inf Macrophage|Apod+ Ebf2+ Igfbp6+ Preadipocyte-like Dermal Fibroblast|B Cell|Bulge Hair-Follicle Stem Cell|Ccl27a+ Pre-granular Suprabasal Keratinocyte|Crabp1+ Hmga2+ Prrx1+ Wound-Activated Fibroblast|Ctss+ Lyz2+ Macrophage|Dcn+ Fstl1+ Col1a2+ Dermal Fibroblast|Dcn+ Lum+ Dermal Fibroblast|Dcn+ Pi16+ Fibroblast|Fbn2+ Mfap2+ Papillary Dermal Fibroblast|Hair Follicle Progenitor|Krt1+ Krt10+ Spinous Suprabasal Keratinocyte|Krt5+ Krt14+ Basal Keratinocyte|Langerhans Cell|Lymphatic Endothelial Cell|Mast Cell|Melanocyte|Prrx1+ Ebf1+ Fibroblast Progenitor|S100a9+ S100a8+ Neutrophil|Schwann cells|Sebaceous Gland Cell|Skap1+ Itk+ T Cell|Skeletal Muscle Cell|Skeletal Muscle Progenitor|Sprr1a+ Krt17+ Prolif Suprabasal Keratinocyte|Vascular Endothelial Cell|Vascular Smooth Muscle Cell|cDC1 Dendritic Cell|cDC2 Dendritic Cell,Bulge Hair-Follicle Stem Cell|Fibroblast|Hair Follicle Progenitor|Immune|Keratinocyte|Lymphatic Endothelial Cell|Melanocyte|Schwann cells|Sebaceous Gland Cell|Skeletal Muscle Cell|Skeletal Muscle Progenitor|Vascular Endothelial Cell|Vascular Smooth Muscle Cell,scRNAseq dataset of PDGFRβ+ cells in fibrosing skin and kidney with or without ZFYVE9/SARA overexpression,"Activated myofibroblasts play an essential role in tissue fibrogenesis by producing extracellular matrixes (ECM).  ECMs replace normal functioning tissue, reducing tissue plasticity and impairing functions of the organ.  Recent studies suggested that pericytes are a major source of myofibroblast precursors.  We previously showed that Smad Anchor for Receptor Activation (SARA) prevents cellular phenotypic transdifferentiation toward mesenchymal cells, and depletion of SARA induces transdifferentiation of epithelial cells to fibroblast-like phenotype.  Here, we generated a transgenic mice that overexpress SARA specifically pericytes by using PDGFRβ-Cre (SARATg, PDGFRβ-Cre). When subjected to either subcutaneous injection of bleomycin or intraperitoneal administration of aristolochic acid, which induces skin and kidney fibrosis, respectively, SARATg, PDGFRβ-Cre mice developed significantly less fibrosis compared to SARAWT, PDGFRβ-Cre mice.  To decipher molecular signature and pericyte trajectory under fibrotic conditions and effects of SARA overexpression, we isolated PDGFR+ cells from skin or kidney of SARATg or WT, PDGFRβ-Cre, Z/EG mice with or without fibrotic stimuli and performed scRNAseq analyses.  In both skin and kidney sample sets, we found pericytes and immune cell populations are the major cell components among the PDGFR+ GFP+ cells.  We found that pericyte populations are divided into canonical and non-canonical sub-populations and the latter has assumed myofibroblast characteristics.  Trajectory mapping revealed a single path from canonical to non-canonical pericyte sub-populations and SARA overexpression truncated the trajectory.  These results suggest that SARA prevents pericyte transdifferentiation into myofibroblasts under fibrotic condition, and therefore anti-fibrotic.","8-week-old SARATg or WT mice crossed with PDGFRβ-Cre and Z/EG reporter mice were subjected to either repeated subcutaneous bleomycin (20mg/kg BW 3x week for 2 weeks) or intraperitoneal injection of aristolochic acid (5mg/kg BW 3x week for 3 weeks) to induce skin or kidney fibrosis respectively, and skin an kiney were harvested.",36136606
SAID018,GSE211810,GSM6502674,Mouse,1043,Healthy,P20,Both,dorsal skin,Adgre1+ Itgam+ Dermal Inf Macrophage|Apod+ Ebf2+ Igfbp6+ Preadipocyte-like Dermal Fibroblast|B Cell|Basophil|Bulge Hair-Follicle Stem Cell|Ccl27a+ Pre-granular Suprabasal Keratinocyte|Crabp1+ Hmga2+ Prrx1+ Wound-Activated Fibroblast|Ctss+ Lyz2+ Macrophage|Dcn+ Fstl1+ Col1a2+ Dermal Fibroblast|Dcn+ Lum+ Dermal Fibroblast|Dcn+ Pi16+ Fibroblast|Fbn2+ Mfap2+ Papillary Dermal Fibroblast|Hair Follicle Progenitor|Krt1+ Krt10+ Spinous Suprabasal Keratinocyte|Krt5+ Krt14+ Basal Keratinocyte|Langerhans Cell|Lymphatic Endothelial Cell|Mast Cell|Melanocyte|Prrx1+ Ebf1+ Fibroblast Progenitor|S100a9+ S100a8+ Neutrophil|Schwann cells|Skap1+ Itk+ T Cell|Skeletal Muscle Cell|Skeletal Muscle Progenitor|Sprr1a+ Krt17+ Prolif Suprabasal Keratinocyte|Vascular Endothelial Cell|Vascular Smooth Muscle Cell|cDC1 Dendritic Cell|cDC2 Dendritic Cell,Bulge Hair-Follicle Stem Cell|Fibroblast|Hair Follicle Progenitor|Immune|Keratinocyte|Lymphatic Endothelial Cell|Melanocyte|Schwann cells|Skeletal Muscle Cell|Skeletal Muscle Progenitor|Vascular Endothelial Cell|Vascular Smooth Muscle Cell,scRNAseq dataset of PDGFRβ+ cells in fibrosing skin and kidney with or without ZFYVE9/SARA overexpression,"Activated myofibroblasts play an essential role in tissue fibrogenesis by producing extracellular matrixes (ECM).  ECMs replace normal functioning tissue, reducing tissue plasticity and impairing functions of the organ.  Recent studies suggested that pericytes are a major source of myofibroblast precursors.  We previously showed that Smad Anchor for Receptor Activation (SARA) prevents cellular phenotypic transdifferentiation toward mesenchymal cells, and depletion of SARA induces transdifferentiation of epithelial cells to fibroblast-like phenotype.  Here, we generated a transgenic mice that overexpress SARA specifically pericytes by using PDGFRβ-Cre (SARATg, PDGFRβ-Cre). When subjected to either subcutaneous injection of bleomycin or intraperitoneal administration of aristolochic acid, which induces skin and kidney fibrosis, respectively, SARATg, PDGFRβ-Cre mice developed significantly less fibrosis compared to SARAWT, PDGFRβ-Cre mice.  To decipher molecular signature and pericyte trajectory under fibrotic conditions and effects of SARA overexpression, we isolated PDGFR+ cells from skin or kidney of SARATg or WT, PDGFRβ-Cre, Z/EG mice with or without fibrotic stimuli and performed scRNAseq analyses.  In both skin and kidney sample sets, we found pericytes and immune cell populations are the major cell components among the PDGFR+ GFP+ cells.  We found that pericyte populations are divided into canonical and non-canonical sub-populations and the latter has assumed myofibroblast characteristics.  Trajectory mapping revealed a single path from canonical to non-canonical pericyte sub-populations and SARA overexpression truncated the trajectory.  These results suggest that SARA prevents pericyte transdifferentiation into myofibroblasts under fibrotic condition, and therefore anti-fibrotic.","8-week-old SARATg or WT mice crossed with PDGFRβ-Cre and Z/EG reporter mice were subjected to either repeated subcutaneous bleomycin (20mg/kg BW 3x week for 2 weeks) or intraperitoneal injection of aristolochic acid (5mg/kg BW 3x week for 3 weeks) to induce skin or kidney fibrosis respectively, and skin an kiney were harvested.",36136606
SAID019,GSE211381,GSM6468127,Mouse,4289,Healthy,P20,Both,dorsal skin,Adgre1+ Itgam+ Dermal Inf Macrophage|Apod+ Ebf2+ Igfbp6+ Preadipocyte-like Dermal Fibroblast|B Cell|Basophil|Bulge Hair-Follicle Stem Cell|Ccl27a+ Pre-granular Suprabasal Keratinocyte|Crabp1+ Hmga2+ Prrx1+ Wound-Activated Fibroblast|Ctss+ Lyz2+ Macrophage|Dcn+ Fstl1+ Col1a2+ Dermal Fibroblast|Dcn+ Lum+ Dermal Fibroblast|Dcn+ Pi16+ Fibroblast|Fbn2+ Mfap2+ Papillary Dermal Fibroblast|Gamma-delta T Cell|Hair Follicle Progenitor|Krt1+ Krt10+ Spinous Suprabasal Keratinocyte|Krt25/28+ Dlx3+ Lef1+ Inner Root Sheath Cell|Krt5+ Krt14+ Basal Keratinocyte|Krt6a+ Krt14+ Metabolically Active Basal Keratinocyte|Langerhans Cell|Lymphatic Endothelial Cell|Mast Cell|Proliferating Cell|Prrx1+ Ebf1+ Fibroblast Progenitor|S100a9+ S100a8+ Neutrophil|Schwann cells|Sebaceous Gland Cell|Sensory Neuron|Skap1+ Itk+ T Cell|Skeletal Muscle Cell|Skeletal Muscle Progenitor|Sprr1a+ Krt17+ Prolif Suprabasal Keratinocyte|Vascular Endothelial Cell|Vascular Smooth Muscle Cell|cDC1 Dendritic Cell|cDC2 Dendritic Cell,Bulge Hair-Follicle Stem Cell|Fibroblast|Hair Follicle Progenitor|Immune|Inner Root Sheath Cell|Keratinocyte|Lymphatic Endothelial Cell|Proliferating Cell|Schwann cells|Sebaceous Gland Cell|Sensory Neuron|Skeletal Muscle Cell|Skeletal Muscle Progenitor|Vascular Endothelial Cell|Vascular Smooth Muscle Cell,"""Alk1 acts in non-endothelial VE-cadherin+ perineurial cells to maintain nerve branching during hair homeostasis"" and  ""Blood endothelial ALK1-BMP4 signaling axis regulates adult hair follicle stem cell activation""","Purpose: To comprehensively characterize VE-cadherin expressing lineages during adult skin homeostasis, to dissect their population-specific transcriptomic heterogeneity, and to investigate role of Alk1 in these linegease in vivo. Methods: We performed 10x genomics single-cell RNA sequencing (scRNA-seq) of FACS sorted tdTomato+ cells from tdTomato;Cdh5-CreERT2;Krt14-H2BGFP mice (for WT) or Alk1 flox flox;tdTomato;Cdh5-CreERT2 (For Alk1KO) back skin at indicated stage/genotype. FACS purified tdTomato+ single-cell suspension was processed for the barcoded single-cell 3′ cDNA libraries generation using Chromium Single Cell 3′ gel bead and library Kit v3. The final libraries were quantified using Agilent Bioanalyzer high sensitivity DNA chip and sequenced using an Illumina NextSeq-500. The raw data files were demultiplexed to generate the sample-specific FASTQ files, which were aligned to the mouse reference genome (mm10-2020-A) using the 10x Genomics Cell Ranger pipeline (v6.0.1).  The raw scRNA-seq data was processed using Cell Ranger from the 10x platform to generate expression matrix for each sample that was further analyzed in R using the Seurat package version 4.0. Only high-quality cells that had between 200 and 5000 genes expressed and had under 10% of the UMIs mapped to mitochondrial genes were retained for further analysis. Results: We obtained more than 2000 high quality cells at each stage/genotype for further analysis by Seurat pipeline Conclusions: Obtained high quality single cell transcriptomic data to dissect cellular and molecular heterogeneity of VE-cadherin expressing endothelial and non-endothelial lineages in adult mouse back skin.",Single cell RNA-seq profiles of sorted VE-cadherin+ lineages at telogen and anagen stages from wild type (WT) mice and telogen stage of Alk1 knockout (KO) mice,37699906; 36994549
SAID020,GSE211381,GSM6468128,Mouse,2407,Healthy,P20,Both,dorsal skin,Adgre1+ Itgam+ Dermal Inf Macrophage|Apod+ Ebf2+ Igfbp6+ Preadipocyte-like Dermal Fibroblast|B Cell|Bulge Hair-Follicle Stem Cell|Ccl27a+ Pre-granular Suprabasal Keratinocyte|Crabp1+ Hmga2+ Prrx1+ Wound-Activated Fibroblast|Ctss+ Lyz2+ Macrophage|Dcn+ Fstl1+ Col1a2+ Dermal Fibroblast|Dcn+ Lum+ Dermal Fibroblast|Dcn+ Pi16+ Fibroblast|Fbn2+ Mfap2+ Papillary Dermal Fibroblast|Hair Follicle Progenitor|Krt1+ Krt10+ Spinous Suprabasal Keratinocyte|Krt5+ Krt14+ Basal Keratinocyte|Krt6a+ Krt14+ Metabolically Active Basal Keratinocyte|Langerhans Cell|Lymphatic Endothelial Cell|Mast Cell|Melanocyte|Prrx1+ Ebf1+ Fibroblast Progenitor|S100a9+ S100a8+ Neutrophil|Schwann cells|Sebaceous Gland Cell|Skap1+ Itk+ T Cell|Skeletal Muscle Cell|Skeletal Muscle Progenitor|Sprr1a+ Krt17+ Prolif Suprabasal Keratinocyte|Vascular Endothelial Cell|Vascular Smooth Muscle Cell|cDC1 Dendritic Cell|cDC2 Dendritic Cell,Bulge Hair-Follicle Stem Cell|Fibroblast|Hair Follicle Progenitor|Immune|Keratinocyte|Lymphatic Endothelial Cell|Melanocyte|Schwann cells|Sebaceous Gland Cell|Skeletal Muscle Cell|Skeletal Muscle Progenitor|Vascular Endothelial Cell|Vascular Smooth Muscle Cell,"""Alk1 acts in non-endothelial VE-cadherin+ perineurial cells to maintain nerve branching during hair homeostasis"" and  ""Blood endothelial ALK1-BMP4 signaling axis regulates adult hair follicle stem cell activation""","Purpose: To comprehensively characterize VE-cadherin expressing lineages during adult skin homeostasis, to dissect their population-specific transcriptomic heterogeneity, and to investigate role of Alk1 in these linegease in vivo. Methods: We performed 10x genomics single-cell RNA sequencing (scRNA-seq) of FACS sorted tdTomato+ cells from tdTomato;Cdh5-CreERT2;Krt14-H2BGFP mice (for WT) or Alk1 flox flox;tdTomato;Cdh5-CreERT2 (For Alk1KO) back skin at indicated stage/genotype. FACS purified tdTomato+ single-cell suspension was processed for the barcoded single-cell 3′ cDNA libraries generation using Chromium Single Cell 3′ gel bead and library Kit v3. The final libraries were quantified using Agilent Bioanalyzer high sensitivity DNA chip and sequenced using an Illumina NextSeq-500. The raw data files were demultiplexed to generate the sample-specific FASTQ files, which were aligned to the mouse reference genome (mm10-2020-A) using the 10x Genomics Cell Ranger pipeline (v6.0.1).  The raw scRNA-seq data was processed using Cell Ranger from the 10x platform to generate expression matrix for each sample that was further analyzed in R using the Seurat package version 4.0. Only high-quality cells that had between 200 and 5000 genes expressed and had under 10% of the UMIs mapped to mitochondrial genes were retained for further analysis. Results: We obtained more than 2000 high quality cells at each stage/genotype for further analysis by Seurat pipeline Conclusions: Obtained high quality single cell transcriptomic data to dissect cellular and molecular heterogeneity of VE-cadherin expressing endothelial and non-endothelial lineages in adult mouse back skin.",Single cell RNA-seq profiles of sorted VE-cadherin+ lineages at telogen and anagen stages from wild type (WT) mice and telogen stage of Alk1 knockout (KO) mice,37699906; 36994549
SAID021,GSE211381,GSM6468129,Mouse,2474,Healthy,P20,Both,dorsal skin,Adgre1+ Itgam+ Dermal Inf Macrophage|Apod+ Ebf2+ Igfbp6+ Preadipocyte-like Dermal Fibroblast|B Cell|Bulge Hair-Follicle Stem Cell|Ccl27a+ Pre-granular Suprabasal Keratinocyte|Crabp1+ Hmga2+ Prrx1+ Wound-Activated Fibroblast|Ctss+ Lyz2+ Macrophage|Dcn+ Fstl1+ Col1a2+ Dermal Fibroblast|Dcn+ Lum+ Dermal Fibroblast|Dcn+ Pi16+ Fibroblast|Fbn2+ Mfap2+ Papillary Dermal Fibroblast|Hair Follicle Progenitor|Krt1+ Krt10+ Spinous Suprabasal Keratinocyte|Krt5+ Krt14+ Basal Keratinocyte|Langerhans Cell|Lymphatic Endothelial Cell|Mast Cell|Melanocyte|Prrx1+ Ebf1+ Fibroblast Progenitor|S100a9+ S100a8+ Neutrophil|Schwann cells|Sebaceous Gland Cell|Skap1+ Itk+ T Cell|Skeletal Muscle Cell|Skeletal Muscle Progenitor|Sprr1a+ Krt17+ Prolif Suprabasal Keratinocyte|Vascular Endothelial Cell|Vascular Smooth Muscle Cell|cDC1 Dendritic Cell|cDC2 Dendritic Cell,Bulge Hair-Follicle Stem Cell|Fibroblast|Hair Follicle Progenitor|Immune|Keratinocyte|Lymphatic Endothelial Cell|Melanocyte|Schwann cells|Sebaceous Gland Cell|Skeletal Muscle Cell|Skeletal Muscle Progenitor|Vascular Endothelial Cell|Vascular Smooth Muscle Cell,"""Alk1 acts in non-endothelial VE-cadherin+ perineurial cells to maintain nerve branching during hair homeostasis"" and  ""Blood endothelial ALK1-BMP4 signaling axis regulates adult hair follicle stem cell activation""","Purpose: To comprehensively characterize VE-cadherin expressing lineages during adult skin homeostasis, to dissect their population-specific transcriptomic heterogeneity, and to investigate role of Alk1 in these linegease in vivo. Methods: We performed 10x genomics single-cell RNA sequencing (scRNA-seq) of FACS sorted tdTomato+ cells from tdTomato;Cdh5-CreERT2;Krt14-H2BGFP mice (for WT) or Alk1 flox flox;tdTomato;Cdh5-CreERT2 (For Alk1KO) back skin at indicated stage/genotype. FACS purified tdTomato+ single-cell suspension was processed for the barcoded single-cell 3′ cDNA libraries generation using Chromium Single Cell 3′ gel bead and library Kit v3. The final libraries were quantified using Agilent Bioanalyzer high sensitivity DNA chip and sequenced using an Illumina NextSeq-500. The raw data files were demultiplexed to generate the sample-specific FASTQ files, which were aligned to the mouse reference genome (mm10-2020-A) using the 10x Genomics Cell Ranger pipeline (v6.0.1).  The raw scRNA-seq data was processed using Cell Ranger from the 10x platform to generate expression matrix for each sample that was further analyzed in R using the Seurat package version 4.0. Only high-quality cells that had between 200 and 5000 genes expressed and had under 10% of the UMIs mapped to mitochondrial genes were retained for further analysis. Results: We obtained more than 2000 high quality cells at each stage/genotype for further analysis by Seurat pipeline Conclusions: Obtained high quality single cell transcriptomic data to dissect cellular and molecular heterogeneity of VE-cadherin expressing endothelial and non-endothelial lineages in adult mouse back skin.",Single cell RNA-seq profiles of sorted VE-cadherin+ lineages at telogen and anagen stages from wild type (WT) mice and telogen stage of Alk1 knockout (KO) mice,37699906; 36994549
SAID022,GSE211381,GSM6468130,Mouse,1043,Healthy,P20,Both,dorsal skin,Adgre1+ Itgam+ Dermal Inf Macrophage|Apod+ Ebf2+ Igfbp6+ Preadipocyte-like Dermal Fibroblast|B Cell|Basophil|Bulge Hair-Follicle Stem Cell|Ccl27a+ Pre-granular Suprabasal Keratinocyte|Crabp1+ Hmga2+ Prrx1+ Wound-Activated Fibroblast|Ctss+ Lyz2+ Macrophage|Dcn+ Fstl1+ Col1a2+ Dermal Fibroblast|Dcn+ Lum+ Dermal Fibroblast|Dcn+ Pi16+ Fibroblast|Fbn2+ Mfap2+ Papillary Dermal Fibroblast|Hair Follicle Progenitor|Krt1+ Krt10+ Spinous Suprabasal Keratinocyte|Krt5+ Krt14+ Basal Keratinocyte|Langerhans Cell|Lymphatic Endothelial Cell|Mast Cell|Melanocyte|Prrx1+ Ebf1+ Fibroblast Progenitor|S100a9+ S100a8+ Neutrophil|Schwann cells|Skap1+ Itk+ T Cell|Skeletal Muscle Cell|Skeletal Muscle Progenitor|Sprr1a+ Krt17+ Prolif Suprabasal Keratinocyte|Vascular Endothelial Cell|Vascular Smooth Muscle Cell|cDC1 Dendritic Cell|cDC2 Dendritic Cell,Bulge Hair-Follicle Stem Cell|Fibroblast|Hair Follicle Progenitor|Immune|Keratinocyte|Lymphatic Endothelial Cell|Melanocyte|Schwann cells|Skeletal Muscle Cell|Skeletal Muscle Progenitor|Vascular Endothelial Cell|Vascular Smooth Muscle Cell,"""Alk1 acts in non-endothelial VE-cadherin+ perineurial cells to maintain nerve branching during hair homeostasis"" and  ""Blood endothelial ALK1-BMP4 signaling axis regulates adult hair follicle stem cell activation""","Purpose: To comprehensively characterize VE-cadherin expressing lineages during adult skin homeostasis, to dissect their population-specific transcriptomic heterogeneity, and to investigate role of Alk1 in these linegease in vivo. Methods: We performed 10x genomics single-cell RNA sequencing (scRNA-seq) of FACS sorted tdTomato+ cells from tdTomato;Cdh5-CreERT2;Krt14-H2BGFP mice (for WT) or Alk1 flox flox;tdTomato;Cdh5-CreERT2 (For Alk1KO) back skin at indicated stage/genotype. FACS purified tdTomato+ single-cell suspension was processed for the barcoded single-cell 3′ cDNA libraries generation using Chromium Single Cell 3′ gel bead and library Kit v3. The final libraries were quantified using Agilent Bioanalyzer high sensitivity DNA chip and sequenced using an Illumina NextSeq-500. The raw data files were demultiplexed to generate the sample-specific FASTQ files, which were aligned to the mouse reference genome (mm10-2020-A) using the 10x Genomics Cell Ranger pipeline (v6.0.1).  The raw scRNA-seq data was processed using Cell Ranger from the 10x platform to generate expression matrix for each sample that was further analyzed in R using the Seurat package version 4.0. Only high-quality cells that had between 200 and 5000 genes expressed and had under 10% of the UMIs mapped to mitochondrial genes were retained for further analysis. Results: We obtained more than 2000 high quality cells at each stage/genotype for further analysis by Seurat pipeline Conclusions: Obtained high quality single cell transcriptomic data to dissect cellular and molecular heterogeneity of VE-cadherin expressing endothelial and non-endothelial lineages in adult mouse back skin.",Single cell RNA-seq profiles of sorted VE-cadherin+ lineages at telogen and anagen stages from wild type (WT) mice and telogen stage of Alk1 knockout (KO) mice,37699906; 36994549
SAID023,GSE211381,GSM6468131,Mouse,4619,Alk1 Knockout,P20,Both,dorsal skin,Adgre1+ Itgam+ Dermal Inf Macrophage|Apod+ Ebf2+ Igfbp6+ Preadipocyte-like Dermal Fibroblast|B Cell|Bulge Hair-Follicle Stem Cell|Ccl27a+ Pre-granular Suprabasal Keratinocyte|Crabp1+ Hmga2+ Prrx1+ Wound-Activated Fibroblast|Ctss+ Lyz2+ Macrophage|Dcn+ Fstl1+ Col1a2+ Dermal Fibroblast|Dcn+ Lum+ Dermal Fibroblast|Dcn+ Pi16+ Fibroblast|Gamma-delta T Cell|Krt1+ Krt10+ Spinous Suprabasal Keratinocyte|Krt25/28+ Dlx3+ Lef1+ Inner Root Sheath Cell|Krt5+ Krt14+ Basal Keratinocyte|Krt6a+ Krt14+ Metabolically Active Basal Keratinocyte|Langerhans Cell|Lymphatic Endothelial Cell|Mast Cell|Melanocyte|Proliferating Cell|Prrx1+ Ebf1+ Fibroblast Progenitor|S100a9+ S100a8+ Neutrophil|Schwann cells|Sebaceous Gland Cell|Skap1+ Itk+ T Cell|Skeletal Muscle Cell|Skeletal Muscle Progenitor|Sprr1a+ Krt16+ Granular Suprabasal Keratinocyte|Sprr1a+ Krt17+ Prolif Suprabasal Keratinocyte|Vascular Endothelial Cell|Vascular Smooth Muscle Cell|cDC1 Dendritic Cell|cDC2 Dendritic Cell,Bulge Hair-Follicle Stem Cell|Fibroblast|Immune|Inner Root Sheath Cell|Keratinocyte|Lymphatic Endothelial Cell|Melanocyte|Proliferating Cell|Schwann cells|Sebaceous Gland Cell|Skeletal Muscle Cell|Skeletal Muscle Progenitor|Vascular Endothelial Cell|Vascular Smooth Muscle Cell,"""Alk1 acts in non-endothelial VE-cadherin+ perineurial cells to maintain nerve branching during hair homeostasis"" and  ""Blood endothelial ALK1-BMP4 signaling axis regulates adult hair follicle stem cell activation""","Purpose: To comprehensively characterize VE-cadherin expressing lineages during adult skin homeostasis, to dissect their population-specific transcriptomic heterogeneity, and to investigate role of Alk1 in these linegease in vivo. Methods: We performed 10x genomics single-cell RNA sequencing (scRNA-seq) of FACS sorted tdTomato+ cells from tdTomato;Cdh5-CreERT2;Krt14-H2BGFP mice (for WT) or Alk1 flox flox;tdTomato;Cdh5-CreERT2 (For Alk1KO) back skin at indicated stage/genotype. FACS purified tdTomato+ single-cell suspension was processed for the barcoded single-cell 3′ cDNA libraries generation using Chromium Single Cell 3′ gel bead and library Kit v3. The final libraries were quantified using Agilent Bioanalyzer high sensitivity DNA chip and sequenced using an Illumina NextSeq-500. The raw data files were demultiplexed to generate the sample-specific FASTQ files, which were aligned to the mouse reference genome (mm10-2020-A) using the 10x Genomics Cell Ranger pipeline (v6.0.1).  The raw scRNA-seq data was processed using Cell Ranger from the 10x platform to generate expression matrix for each sample that was further analyzed in R using the Seurat package version 4.0. Only high-quality cells that had between 200 and 5000 genes expressed and had under 10% of the UMIs mapped to mitochondrial genes were retained for further analysis. Results: We obtained more than 2000 high quality cells at each stage/genotype for further analysis by Seurat pipeline Conclusions: Obtained high quality single cell transcriptomic data to dissect cellular and molecular heterogeneity of VE-cadherin expressing endothelial and non-endothelial lineages in adult mouse back skin.",Single cell RNA-seq profiles of sorted VE-cadherin+ lineages at telogen and anagen stages from wild type (WT) mice and telogen stage of Alk1 knockout (KO) mice,37699906; 36994549
SAID024,GSE211381,GSM6468132,Mouse,5283,Alk1 Knockout,P20,Both,dorsal skin,Adgre1+ Itgam+ Dermal Inf Macrophage|Apod+ Ebf2+ Igfbp6+ Preadipocyte-like Dermal Fibroblast|B Cell|Basophil|Bulge Hair-Follicle Stem Cell|Ccl27a+ Pre-granular Suprabasal Keratinocyte|Crabp1+ Hmga2+ Prrx1+ Wound-Activated Fibroblast|Ctss+ Lyz2+ Macrophage|Dcn+ Fstl1+ Col1a2+ Dermal Fibroblast|Dcn+ Lum+ Dermal Fibroblast|Dcn+ Pi16+ Fibroblast|Fbn2+ Mfap2+ Papillary Dermal Fibroblast|Gamma-delta T Cell|Krt1+ Krt10+ Spinous Suprabasal Keratinocyte|Krt25/28+ Dlx3+ Lef1+ Inner Root Sheath Cell|Krt5+ Krt14+ Basal Keratinocyte|Krt6a+ Krt14+ Metabolically Active Basal Keratinocyte|Langerhans Cell|Lymphatic Endothelial Cell|Mast Cell|Melanocyte|Proliferating Cell|Prrx1+ Ebf1+ Fibroblast Progenitor|S100a9+ S100a8+ Neutrophil|Schwann cells|Sebaceous Gland Cell|Sensory Neuron|Skap1+ Itk+ T Cell|Skeletal Muscle Cell|Skeletal Muscle Progenitor|Sprr1a+ Krt16+ Granular Suprabasal Keratinocyte|Sprr1a+ Krt17+ Prolif Suprabasal Keratinocyte|Vascular Endothelial Cell|Vascular Smooth Muscle Cell|cDC1 Dendritic Cell|cDC2 Dendritic Cell,Bulge Hair-Follicle Stem Cell|Fibroblast|Immune|Inner Root Sheath Cell|Keratinocyte|Lymphatic Endothelial Cell|Melanocyte|Proliferating Cell|Schwann cells|Sebaceous Gland Cell|Sensory Neuron|Skeletal Muscle Cell|Skeletal Muscle Progenitor|Vascular Endothelial Cell|Vascular Smooth Muscle Cell,"""Alk1 acts in non-endothelial VE-cadherin+ perineurial cells to maintain nerve branching during hair homeostasis"" and  ""Blood endothelial ALK1-BMP4 signaling axis regulates adult hair follicle stem cell activation""","Purpose: To comprehensively characterize VE-cadherin expressing lineages during adult skin homeostasis, to dissect their population-specific transcriptomic heterogeneity, and to investigate role of Alk1 in these linegease in vivo. Methods: We performed 10x genomics single-cell RNA sequencing (scRNA-seq) of FACS sorted tdTomato+ cells from tdTomato;Cdh5-CreERT2;Krt14-H2BGFP mice (for WT) or Alk1 flox flox;tdTomato;Cdh5-CreERT2 (For Alk1KO) back skin at indicated stage/genotype. FACS purified tdTomato+ single-cell suspension was processed for the barcoded single-cell 3′ cDNA libraries generation using Chromium Single Cell 3′ gel bead and library Kit v3. The final libraries were quantified using Agilent Bioanalyzer high sensitivity DNA chip and sequenced using an Illumina NextSeq-500. The raw data files were demultiplexed to generate the sample-specific FASTQ files, which were aligned to the mouse reference genome (mm10-2020-A) using the 10x Genomics Cell Ranger pipeline (v6.0.1).  The raw scRNA-seq data was processed using Cell Ranger from the 10x platform to generate expression matrix for each sample that was further analyzed in R using the Seurat package version 4.0. Only high-quality cells that had between 200 and 5000 genes expressed and had under 10% of the UMIs mapped to mitochondrial genes were retained for further analysis. Results: We obtained more than 2000 high quality cells at each stage/genotype for further analysis by Seurat pipeline Conclusions: Obtained high quality single cell transcriptomic data to dissect cellular and molecular heterogeneity of VE-cadherin expressing endothelial and non-endothelial lineages in adult mouse back skin.",Single cell RNA-seq profiles of sorted VE-cadherin+ lineages at telogen and anagen stages from wild type (WT) mice and telogen stage of Alk1 knockout (KO) mice,37699906; 36994549
SAID025,GSE211279,GSM6460378,Mouse,15284,C. acnes infected,P56,Both,dorsal skin,Apod+ Ebf2+ Igfbp6+ Preadipocyte-like Dermal Fibroblast|B Cell|Basophil|Bulge Hair-Follicle Stem Cell|Ccl27a+ Pre-granular Suprabasal Keratinocyte|Crabp1+ Hmga2+ Prrx1+ Wound-Activated Fibroblast|Ctss+ Lyz2+ Macrophage|Dcn+ Fstl1+ Col1a2+ Dermal Fibroblast|Dcn+ Lum+ Dermal Fibroblast|Dcn+ Pi16+ Fibroblast|Erythrocyte|Fbn2+ Mfap2+ Papillary Dermal Fibroblast|Gamma-delta T Cell|Hair Follicle Progenitor|Krt1+ Krt10+ Spinous Suprabasal Keratinocyte|Krt17+ Krt6a+ Migratory Keratinocyte|Krt25/28+ Dlx3+ Lef1+ Inner Root Sheath Cell|Krt5+ Krt14+ Basal Keratinocyte|Krt6a+ Krt14+ Metabolically Active Basal Keratinocyte|Langerhans Cell|Lst1+ Fcer1g+ Monocyte|Lymphatic Endothelial Cell|Mast Cell|Melanocyte|Proliferating Cell|Prrx1+ Ebf1+ Fibroblast Progenitor|S100a9+ S100a8+ Neutrophil|Schwann cells|Sebaceous Gland Cell|Sensory Neuron|Skap1+ Itk+ T Cell|Skeletal Muscle Cell|Skeletal Muscle Progenitor|Sprr1a+ Krt17+ Prolif Suprabasal Keratinocyte|Vascular Endothelial Cell|Vascular Smooth Muscle Cell|cDC1 Dendritic Cell|cDC2 Dendritic Cell,Bulge Hair-Follicle Stem Cell|Erythrocyte|Fibroblast|Hair Follicle Progenitor|Immune|Inner Root Sheath Cell|Keratinocyte|Lymphatic Endothelial Cell|Melanocyte|Proliferating Cell|Schwann cells|Sebaceous Gland Cell|Sensory Neuron|Skeletal Muscle Cell|Skeletal Muscle Progenitor|Vascular Endothelial Cell|Vascular Smooth Muscle Cell,Molecular typing and functional profiling of acne-derived Cutibacterium acnes isolates reveal determinants of skin inflammation,"Cutibacterium acnes (C. acnes) is a ubiquitous skin commensal bacterium that is generally well tolerated by the immune system. Different strain-types of C. acnes have been reported to be enriched on patients with acne. To understand if these strain-types contribute to skin inflammation, we generated a library of over 200 C. acnes isolates from skin swabs of healthy and acne subjects and assessed their strain-level identity and inflammatory potential. Phylotype II K-type strains were more frequent on healthy and acne non-lesional skin compared to lesional. Phylotype IA-1 C-type strains were dominant on acne lesional skin but absent from healthy. Measurement of host cytokine responses from C. acnes supernatant revealed neither strain-type nor skin-type association predicted inflammatory potential. However, differential proinflammatory responses were induced from identical strain-types, but these differences were not attributable to protease, short chain fatty acid or porphyrin production. Instead, whole genome sequencing revealed the presence of a linear plasmid in high inflammatory strain-types. Intradermal injection of C. acnes in mouse skin revealed a plasmid-associated inflammatory response in dermal fibroblasts, revealed by single-cell RNA sequencing. We conclude that C. acnes strain-type is not sufficient to predict inflammation but other virulence factors including a plasmid may contribute to disease.",Single-cell RNA-seq of skin biopsies from mice intradermally infected with C acnes,37478901
SAID026,GSE210224,GSM6423811,Mouse,6236,Trichophyton rubrum infection,P105,Both,dorsal skin,Apod+ Ebf2+ Igfbp6+ Preadipocyte-like Dermal Fibroblast|Basophil|Bulge Hair-Follicle Stem Cell|Ccl27a+ Pre-granular Suprabasal Keratinocyte|Crabp1+ Hmga2+ Prrx1+ Wound-Activated Fibroblast|Ctss+ Lyz2+ Macrophage|Dcn+ Fstl1+ Col1a2+ Dermal Fibroblast|Dcn+ Lum+ Dermal Fibroblast|Dcn+ Pi16+ Fibroblast|Erythrocyte|Fbn2+ Mfap2+ Papillary Dermal Fibroblast|Gamma-delta T Cell|Hair Follicle Progenitor|Krt1+ Krt10+ Spinous Suprabasal Keratinocyte|Krt17+ Krt6a+ Migratory Keratinocyte|Krt25/28+ Dlx3+ Lef1+ Inner Root Sheath Cell|Krt5+ Krt14+ Basal Keratinocyte|Krt6a+ Krt14+ Metabolically Active Basal Keratinocyte|Langerhans Cell|Lymphatic Endothelial Cell|Mast Cell|Melanocyte|Proliferating Cell|Prrx1+ Ebf1+ Fibroblast Progenitor|S100a9+ S100a8+ Neutrophil|Schwann cells|Sebaceous Gland Cell|Sensory Neuron|Skap1+ Itk+ T Cell|Skeletal Muscle Cell|Skeletal Muscle Progenitor|Sprr1a+ Krt16+ Granular Suprabasal Keratinocyte|Sprr1a+ Krt17+ Prolif Suprabasal Keratinocyte|Vascular Endothelial Cell|Vascular Smooth Muscle Cell|cDC1 Dendritic Cell|cDC2 Dendritic Cell,Bulge Hair-Follicle Stem Cell|Erythrocyte|Fibroblast|Hair Follicle Progenitor|Immune|Inner Root Sheath Cell|Keratinocyte|Lymphatic Endothelial Cell|Melanocyte|Proliferating Cell|Schwann cells|Sebaceous Gland Cell|Sensory Neuron|Skeletal Muscle Cell|Skeletal Muscle Progenitor|Vascular Endothelial Cell|Vascular Smooth Muscle Cell,Single cell gene expression profiling of CARD9 WT and R101C murine skin infected with Trichophyton rubrum,We used scRNA-seq to understand how CARD9 R101C remodels skin immunity and cell state in response to fungal infection in a mouse model of dermatophytosis.,We performed single cell RNA sequencing (scRNAseq) of skin from WT and CARD9 R101C mice infected with T. rubrum at day two (D2) and day nine (D9) post-infection (3 replicates of each WT and CARD9 R101C at each timepoint),38489265
SAID027,GSE210224,GSM6423812,Mouse,6556,Trichophyton rubrum infection,P105,Both,dorsal skin,Adgre1+ Itgam+ Dermal Inf Macrophage|Apod+ Ebf2+ Igfbp6+ Preadipocyte-like Dermal Fibroblast|B Cell|Basophil|Bulge Hair-Follicle Stem Cell|Ccl27a+ Pre-granular Suprabasal Keratinocyte|Crabp1+ Hmga2+ Prrx1+ Wound-Activated Fibroblast|Ctss+ Lyz2+ Macrophage|Dcn+ Fstl1+ Col1a2+ Dermal Fibroblast|Dcn+ Lum+ Dermal Fibroblast|Dcn+ Pi16+ Fibroblast|Erythrocyte|Fbn2+ Mfap2+ Papillary Dermal Fibroblast|Gamma-delta T Cell|Hair Follicle Progenitor|Krt1+ Krt10+ Spinous Suprabasal Keratinocyte|Krt17+ Krt6a+ Migratory Keratinocyte|Krt25/28+ Dlx3+ Lef1+ Inner Root Sheath Cell|Krt5+ Krt14+ Basal Keratinocyte|Krt6a+ Krt14+ Metabolically Active Basal Keratinocyte|Langerhans Cell|Lymphatic Endothelial Cell|Mast Cell|Melanocyte|Proliferating Cell|Prrx1+ Ebf1+ Fibroblast Progenitor|S100a9+ S100a8+ Neutrophil|Schwann cells|Sebaceous Gland Cell|Sensory Neuron|Skap1+ Itk+ T Cell|Skeletal Muscle Cell|Skeletal Muscle Progenitor|Sprr1a+ Krt16+ Granular Suprabasal Keratinocyte|Sprr1a+ Krt17+ Prolif Suprabasal Keratinocyte|Vascular Endothelial Cell|Vascular Smooth Muscle Cell|cDC1 Dendritic Cell|cDC2 Dendritic Cell,Bulge Hair-Follicle Stem Cell|Erythrocyte|Fibroblast|Hair Follicle Progenitor|Immune|Inner Root Sheath Cell|Keratinocyte|Lymphatic Endothelial Cell|Melanocyte|Proliferating Cell|Schwann cells|Sebaceous Gland Cell|Sensory Neuron|Skeletal Muscle Cell|Skeletal Muscle Progenitor|Vascular Endothelial Cell|Vascular Smooth Muscle Cell,Single cell gene expression profiling of CARD9 WT and R101C murine skin infected with Trichophyton rubrum,We used scRNA-seq to understand how CARD9 R101C remodels skin immunity and cell state in response to fungal infection in a mouse model of dermatophytosis.,We performed single cell RNA sequencing (scRNAseq) of skin from WT and CARD9 R101C mice infected with T. rubrum at day two (D2) and day nine (D9) post-infection (3 replicates of each WT and CARD9 R101C at each timepoint),38489265
SAID028,GSE210224,GSM6423813,Mouse,15992,Trichophyton rubrum infection,P105,Both,dorsal skin,Adgre1+ Itgam+ Dermal Inf Macrophage|Apod+ Ebf2+ Igfbp6+ Preadipocyte-like Dermal Fibroblast|B Cell|Basophil|Bulge Hair-Follicle Stem Cell|Ccl27a+ Pre-granular Suprabasal Keratinocyte|Crabp1+ Hmga2+ Prrx1+ Wound-Activated Fibroblast|Ctss+ Lyz2+ Macrophage|Dcn+ Fstl1+ Col1a2+ Dermal Fibroblast|Dcn+ Lum+ Dermal Fibroblast|Dcn+ Pi16+ Fibroblast|Erythrocyte|Fbn2+ Mfap2+ Papillary Dermal Fibroblast|Gamma-delta T Cell|Hair Follicle Progenitor|Krt1+ Krt10+ Spinous Suprabasal Keratinocyte|Krt17+ Krt6a+ Migratory Keratinocyte|Krt25/28+ Dlx3+ Lef1+ Inner Root Sheath Cell|Krt5+ Krt14+ Basal Keratinocyte|Krt6a+ Krt14+ Metabolically Active Basal Keratinocyte|Langerhans Cell|Lymphatic Endothelial Cell|Mast Cell|Melanocyte|Proliferating Cell|Prrx1+ Ebf1+ Fibroblast Progenitor|S100a9+ S100a8+ Neutrophil|Schwann cells|Sebaceous Gland Cell|Sensory Neuron|Skap1+ Itk+ T Cell|Skeletal Muscle Cell|Skeletal Muscle Progenitor|Sprr1a+ Krt17+ Prolif Suprabasal Keratinocyte|Vascular Endothelial Cell|Vascular Smooth Muscle Cell|cDC1 Dendritic Cell|cDC2 Dendritic Cell,Bulge Hair-Follicle Stem Cell|Erythrocyte|Fibroblast|Hair Follicle Progenitor|Immune|Inner Root Sheath Cell|Keratinocyte|Lymphatic Endothelial Cell|Melanocyte|Proliferating Cell|Schwann cells|Sebaceous Gland Cell|Sensory Neuron|Skeletal Muscle Cell|Skeletal Muscle Progenitor|Vascular Endothelial Cell|Vascular Smooth Muscle Cell,Single cell gene expression profiling of CARD9 WT and R101C murine skin infected with Trichophyton rubrum,We used scRNA-seq to understand how CARD9 R101C remodels skin immunity and cell state in response to fungal infection in a mouse model of dermatophytosis.,We performed single cell RNA sequencing (scRNAseq) of skin from WT and CARD9 R101C mice infected with T. rubrum at day two (D2) and day nine (D9) post-infection (3 replicates of each WT and CARD9 R101C at each timepoint),38489265
SAID029,GSE210224,GSM6423814,Mouse,3692,Healthy,P105,Both,dorsal skin,Apod+ Ebf2+ Igfbp6+ Preadipocyte-like Dermal Fibroblast|Basophil|Bulge Hair-Follicle Stem Cell|Ccl27a+ Pre-granular Suprabasal Keratinocyte|Crabp1+ Hmga2+ Prrx1+ Wound-Activated Fibroblast|Ctss+ Lyz2+ Macrophage|Dcn+ Fstl1+ Col1a2+ Dermal Fibroblast|Dcn+ Lum+ Dermal Fibroblast|Dcn+ Pi16+ Fibroblast|Gamma-delta T Cell|Krt1+ Krt10+ Spinous Suprabasal Keratinocyte|Krt25/28+ Dlx3+ Lef1+ Inner Root Sheath Cell|Krt5+ Krt14+ Basal Keratinocyte|Krt6a+ Krt14+ Metabolically Active Basal Keratinocyte|Lymphatic Endothelial Cell|Mast Cell|Melanocyte|Proliferating Cell|Prrx1+ Ebf1+ Fibroblast Progenitor|S100a9+ S100a8+ Neutrophil|Schwann cells|Sebaceous Gland Cell|Skap1+ Itk+ T Cell|Skeletal Muscle Cell|Skeletal Muscle Progenitor|Sprr1a+ Krt17+ Prolif Suprabasal Keratinocyte|Vascular Endothelial Cell|Vascular Smooth Muscle Cell|cDC1 Dendritic Cell|cDC2 Dendritic Cell,Bulge Hair-Follicle Stem Cell|Fibroblast|Immune|Inner Root Sheath Cell|Keratinocyte|Lymphatic Endothelial Cell|Melanocyte|Proliferating Cell|Schwann cells|Sebaceous Gland Cell|Skeletal Muscle Cell|Skeletal Muscle Progenitor|Vascular Endothelial Cell|Vascular Smooth Muscle Cell,Single cell gene expression profiling of CARD9 WT and R101C murine skin infected with Trichophyton rubrum,We used scRNA-seq to understand how CARD9 R101C remodels skin immunity and cell state in response to fungal infection in a mouse model of dermatophytosis.,We performed single cell RNA sequencing (scRNAseq) of skin from WT and CARD9 R101C mice infected with T. rubrum at day two (D2) and day nine (D9) post-infection (3 replicates of each WT and CARD9 R101C at each timepoint),38489265
SAID030,GSE210224,GSM6423815,Mouse,9002,Healthy,P105,Both,dorsal skin,Adgre1+ Itgam+ Dermal Inf Macrophage|Apod+ Ebf2+ Igfbp6+ Preadipocyte-like Dermal Fibroblast|B Cell|Basophil|Bulge Hair-Follicle Stem Cell|Ccl27a+ Pre-granular Suprabasal Keratinocyte|Crabp1+ Hmga2+ Prrx1+ Wound-Activated Fibroblast|Ctss+ Lyz2+ Macrophage|Dcn+ Fstl1+ Col1a2+ Dermal Fibroblast|Dcn+ Lum+ Dermal Fibroblast|Dcn+ Pi16+ Fibroblast|Fbn2+ Mfap2+ Papillary Dermal Fibroblast|Gamma-delta T Cell|Krt1+ Krt10+ Spinous Suprabasal Keratinocyte|Krt5+ Krt14+ Basal Keratinocyte|Krt6a+ Krt14+ Metabolically Active Basal Keratinocyte|Langerhans Cell|Lce1+ Lor+ Cornified Keratinocyte_2|Lymphatic Endothelial Cell|Mast Cell|Melanocyte|Proliferating Cell|Prrx1+ Ebf1+ Fibroblast Progenitor|S100a9+ S100a8+ Neutrophil|Schwann cells|Sebaceous Gland Cell|Sensory Neuron|Skap1+ Itk+ T Cell|Skeletal Muscle Cell|Skeletal Muscle Progenitor|Sprr1a+ Krt16+ Granular Suprabasal Keratinocyte|Sprr1a+ Krt17+ Prolif Suprabasal Keratinocyte|Vascular Endothelial Cell|Vascular Smooth Muscle Cell|cDC1 Dendritic Cell|cDC2 Dendritic Cell,Bulge Hair-Follicle Stem Cell|Fibroblast|Immune|Keratinocyte|Lymphatic Endothelial Cell|Melanocyte|Proliferating Cell|Schwann cells|Sebaceous Gland Cell|Sensory Neuron|Skeletal Muscle Cell|Skeletal Muscle Progenitor|Vascular Endothelial Cell|Vascular Smooth Muscle Cell,Single cell gene expression profiling of CARD9 WT and R101C murine skin infected with Trichophyton rubrum,We used scRNA-seq to understand how CARD9 R101C remodels skin immunity and cell state in response to fungal infection in a mouse model of dermatophytosis.,We performed single cell RNA sequencing (scRNAseq) of skin from WT and CARD9 R101C mice infected with T. rubrum at day two (D2) and day nine (D9) post-infection (3 replicates of each WT and CARD9 R101C at each timepoint),38489265
SAID031,GSE210224,GSM6423816,Mouse,5528,Healthy,P105,Both,dorsal skin,Adgre1+ Itgam+ Dermal Inf Macrophage|Apod+ Ebf2+ Igfbp6+ Preadipocyte-like Dermal Fibroblast|B Cell|Basophil|Bulge Hair-Follicle Stem Cell|Ccl27a+ Pre-granular Suprabasal Keratinocyte|Crabp1+ Hmga2+ Prrx1+ Wound-Activated Fibroblast|Ctss+ Lyz2+ Macrophage|Dcn+ Fstl1+ Col1a2+ Dermal Fibroblast|Dcn+ Lum+ Dermal Fibroblast|Dcn+ Pi16+ Fibroblast|Erythrocyte|Gamma-delta T Cell|Hair Follicle Progenitor|Krt1+ Krt10+ Spinous Suprabasal Keratinocyte|Krt25/28+ Dlx3+ Lef1+ Inner Root Sheath Cell|Krt5+ Krt14+ Basal Keratinocyte|Krt6a+ Krt14+ Metabolically Active Basal Keratinocyte|Langerhans Cell|Lymphatic Endothelial Cell|Mast Cell|Melanocyte|Prrx1+ Ebf1+ Fibroblast Progenitor|S100a9+ S100a8+ Neutrophil|Schwann cells|Sebaceous Gland Cell|Sensory Neuron|Skap1+ Itk+ T Cell|Skeletal Muscle Cell|Skeletal Muscle Progenitor|Sprr1a+ Krt17+ Prolif Suprabasal Keratinocyte|Vascular Endothelial Cell|Vascular Smooth Muscle Cell|cDC1 Dendritic Cell|cDC2 Dendritic Cell,Bulge Hair-Follicle Stem Cell|Erythrocyte|Fibroblast|Hair Follicle Progenitor|Immune|Inner Root Sheath Cell|Keratinocyte|Lymphatic Endothelial Cell|Melanocyte|Schwann cells|Sebaceous Gland Cell|Sensory Neuron|Skeletal Muscle Cell|Skeletal Muscle Progenitor|Vascular Endothelial Cell|Vascular Smooth Muscle Cell,Single cell gene expression profiling of CARD9 WT and R101C murine skin infected with Trichophyton rubrum,We used scRNA-seq to understand how CARD9 R101C remodels skin immunity and cell state in response to fungal infection in a mouse model of dermatophytosis.,We performed single cell RNA sequencing (scRNAseq) of skin from WT and CARD9 R101C mice infected with T. rubrum at day two (D2) and day nine (D9) post-infection (3 replicates of each WT and CARD9 R101C at each timepoint),38489265
SAID032,GSE210224,GSM6423817,Mouse,2546,Trichophyton rubrum infection,P105,Both,dorsal skin,Adgre1+ Itgam+ Dermal Inf Macrophage|Apod+ Ebf2+ Igfbp6+ Preadipocyte-like Dermal Fibroblast|B Cell|Basophil|Bulge Hair-Follicle Stem Cell|Ccl27a+ Pre-granular Suprabasal Keratinocyte|Crabp1+ Hmga2+ Prrx1+ Wound-Activated Fibroblast|Ctss+ Lyz2+ Macrophage|Dcn+ Fstl1+ Col1a2+ Dermal Fibroblast|Dcn+ Lum+ Dermal Fibroblast|Dcn+ Pi16+ Fibroblast|Fbn2+ Mfap2+ Papillary Dermal Fibroblast|Gamma-delta T Cell|Krt1+ Krt10+ Spinous Suprabasal Keratinocyte|Krt17+ Krt6a+ Migratory Keratinocyte|Krt25/28+ Dlx3+ Lef1+ Inner Root Sheath Cell|Krt5+ Krt14+ Basal Keratinocyte|Krt6a+ Krt14+ Metabolically Active Basal Keratinocyte|Langerhans Cell|Lymphatic Endothelial Cell|Mast Cell|Melanocyte|Proliferating Cell|Prrx1+ Ebf1+ Fibroblast Progenitor|S100a9+ S100a8+ Neutrophil|Schwann cells|Sebaceous Gland Cell|Sensory Neuron|Skap1+ Itk+ T Cell|Skeletal Muscle Cell|Skeletal Muscle Progenitor|Sprr1a+ Krt17+ Prolif Suprabasal Keratinocyte|Vascular Endothelial Cell|Vascular Smooth Muscle Cell|cDC1 Dendritic Cell|cDC2 Dendritic Cell,Bulge Hair-Follicle Stem Cell|Fibroblast|Immune|Inner Root Sheath Cell|Keratinocyte|Lymphatic Endothelial Cell|Melanocyte|Proliferating Cell|Schwann cells|Sebaceous Gland Cell|Sensory Neuron|Skeletal Muscle Cell|Skeletal Muscle Progenitor|Vascular Endothelial Cell|Vascular Smooth Muscle Cell,Single cell gene expression profiling of CARD9 WT and R101C murine skin infected with Trichophyton rubrum,We used scRNA-seq to understand how CARD9 R101C remodels skin immunity and cell state in response to fungal infection in a mouse model of dermatophytosis.,We performed single cell RNA sequencing (scRNAseq) of skin from WT and CARD9 R101C mice infected with T. rubrum at day two (D2) and day nine (D9) post-infection (3 replicates of each WT and CARD9 R101C at each timepoint),38489265
SAID033,GSE210224,GSM6423818,Mouse,6632,Trichophyton rubrum infection,P105,Both,dorsal skin,Adgre1+ Itgam+ Dermal Inf Macrophage|Apod+ Ebf2+ Igfbp6+ Preadipocyte-like Dermal Fibroblast|B Cell|Basophil|Bulge Hair-Follicle Stem Cell|Ccl27a+ Pre-granular Suprabasal Keratinocyte|Crabp1+ Hmga2+ Prrx1+ Wound-Activated Fibroblast|Ctss+ Lyz2+ Macrophage|Dcn+ Fstl1+ Col1a2+ Dermal Fibroblast|Dcn+ Lum+ Dermal Fibroblast|Dcn+ Pi16+ Fibroblast|Fbn2+ Mfap2+ Papillary Dermal Fibroblast|Gamma-delta T Cell|Hair Follicle Progenitor|Krt1+ Krt10+ Spinous Suprabasal Keratinocyte|Krt25/28+ Dlx3+ Lef1+ Inner Root Sheath Cell|Krt5+ Krt14+ Basal Keratinocyte|Langerhans Cell|Lymphatic Endothelial Cell|Mast Cell|Melanocyte|Prrx1+ Ebf1+ Fibroblast Progenitor|S100a9+ S100a8+ Neutrophil|Schwann cells|Sebaceous Gland Cell|Sensory Neuron|Skap1+ Itk+ T Cell|Skeletal Muscle Cell|Skeletal Muscle Progenitor|Sprr1a+ Krt17+ Prolif Suprabasal Keratinocyte|Vascular Endothelial Cell|Vascular Smooth Muscle Cell|cDC1 Dendritic Cell|cDC2 Dendritic Cell,Bulge Hair-Follicle Stem Cell|Fibroblast|Hair Follicle Progenitor|Immune|Inner Root Sheath Cell|Keratinocyte|Lymphatic Endothelial Cell|Melanocyte|Schwann cells|Sebaceous Gland Cell|Sensory Neuron|Skeletal Muscle Cell|Skeletal Muscle Progenitor|Vascular Endothelial Cell|Vascular Smooth Muscle Cell,Single cell gene expression profiling of CARD9 WT and R101C murine skin infected with Trichophyton rubrum,We used scRNA-seq to understand how CARD9 R101C remodels skin immunity and cell state in response to fungal infection in a mouse model of dermatophytosis.,We performed single cell RNA sequencing (scRNAseq) of skin from WT and CARD9 R101C mice infected with T. rubrum at day two (D2) and day nine (D9) post-infection (3 replicates of each WT and CARD9 R101C at each timepoint),38489265
SAID034,GSE210224,GSM6423819,Mouse,5449,Trichophyton rubrum infection,P105,Both,dorsal skin,Adgre1+ Itgam+ Dermal Inf Macrophage|Apod+ Ebf2+ Igfbp6+ Preadipocyte-like Dermal Fibroblast|B Cell|Basophil|Bulge Hair-Follicle Stem Cell|Ccl27a+ Pre-granular Suprabasal Keratinocyte|Crabp1+ Hmga2+ Prrx1+ Wound-Activated Fibroblast|Ctss+ Lyz2+ Macrophage|Dcn+ Fstl1+ Col1a2+ Dermal Fibroblast|Dcn+ Lum+ Dermal Fibroblast|Dcn+ Pi16+ Fibroblast|Fbn2+ Mfap2+ Papillary Dermal Fibroblast|Gamma-delta T Cell|Krt1+ Krt10+ Spinous Suprabasal Keratinocyte|Krt5+ Krt14+ Basal Keratinocyte|Krt6a+ Krt14+ Metabolically Active Basal Keratinocyte|Langerhans Cell|Lymphatic Endothelial Cell|Mast Cell|Melanocyte|Proliferating Cell|Prrx1+ Ebf1+ Fibroblast Progenitor|S100a9+ S100a8+ Neutrophil|Schwann cells|Sebaceous Gland Cell|Sensory Neuron|Skap1+ Itk+ T Cell|Skeletal Muscle Cell|Skeletal Muscle Progenitor|Sprr1a+ Krt17+ Prolif Suprabasal Keratinocyte|Vascular Endothelial Cell|Vascular Smooth Muscle Cell|cDC1 Dendritic Cell|cDC2 Dendritic Cell,Bulge Hair-Follicle Stem Cell|Fibroblast|Immune|Keratinocyte|Lymphatic Endothelial Cell|Melanocyte|Proliferating Cell|Schwann cells|Sebaceous Gland Cell|Sensory Neuron|Skeletal Muscle Cell|Skeletal Muscle Progenitor|Vascular Endothelial Cell|Vascular Smooth Muscle Cell,Single cell gene expression profiling of CARD9 WT and R101C murine skin infected with Trichophyton rubrum,We used scRNA-seq to understand how CARD9 R101C remodels skin immunity and cell state in response to fungal infection in a mouse model of dermatophytosis.,We performed single cell RNA sequencing (scRNAseq) of skin from WT and CARD9 R101C mice infected with T. rubrum at day two (D2) and day nine (D9) post-infection (3 replicates of each WT and CARD9 R101C at each timepoint),38489265
SAID035,GSE210224,GSM6423820,Mouse,4676,Healthy,P105,Both,dorsal skin,Adgre1+ Itgam+ Dermal Inf Macrophage|Apod+ Ebf2+ Igfbp6+ Preadipocyte-like Dermal Fibroblast|B Cell|Basophil|Bulge Hair-Follicle Stem Cell|Ccl27a+ Pre-granular Suprabasal Keratinocyte|Crabp1+ Hmga2+ Prrx1+ Wound-Activated Fibroblast|Ctss+ Lyz2+ Macrophage|Dcn+ Fstl1+ Col1a2+ Dermal Fibroblast|Dcn+ Lum+ Dermal Fibroblast|Dcn+ Pi16+ Fibroblast|Erythrocyte|Fbn2+ Mfap2+ Papillary Dermal Fibroblast|Gamma-delta T Cell|Hair Follicle Progenitor|Krt1+ Krt10+ Spinous Suprabasal Keratinocyte|Krt25/28+ Dlx3+ Lef1+ Inner Root Sheath Cell|Krt5+ Krt14+ Basal Keratinocyte|Krt6a+ Krt14+ Metabolically Active Basal Keratinocyte|Langerhans Cell|Lymphatic Endothelial Cell|Mast Cell|Melanocyte|Proliferating Cell|Prrx1+ Ebf1+ Fibroblast Progenitor|S100a9+ S100a8+ Neutrophil|Schwann cells|Sebaceous Gland Cell|Sensory Neuron|Skap1+ Itk+ T Cell|Skeletal Muscle Cell|Skeletal Muscle Progenitor|Sprr1a+ Krt17+ Prolif Suprabasal Keratinocyte|Vascular Endothelial Cell|Vascular Smooth Muscle Cell|cDC1 Dendritic Cell|cDC2 Dendritic Cell,Bulge Hair-Follicle Stem Cell|Erythrocyte|Fibroblast|Hair Follicle Progenitor|Immune|Inner Root Sheath Cell|Keratinocyte|Lymphatic Endothelial Cell|Melanocyte|Proliferating Cell|Schwann cells|Sebaceous Gland Cell|Sensory Neuron|Skeletal Muscle Cell|Skeletal Muscle Progenitor|Vascular Endothelial Cell|Vascular Smooth Muscle Cell,Single cell gene expression profiling of CARD9 WT and R101C murine skin infected with Trichophyton rubrum,We used scRNA-seq to understand how CARD9 R101C remodels skin immunity and cell state in response to fungal infection in a mouse model of dermatophytosis.,We performed single cell RNA sequencing (scRNAseq) of skin from WT and CARD9 R101C mice infected with T. rubrum at day two (D2) and day nine (D9) post-infection (3 replicates of each WT and CARD9 R101C at each timepoint),38489265
SAID036,GSE210224,GSM6423821,Mouse,4325,Healthy,P105,Both,dorsal skin,Adgre1+ Itgam+ Dermal Inf Macrophage|Apod+ Ebf2+ Igfbp6+ Preadipocyte-like Dermal Fibroblast|B Cell|Basophil|Bulge Hair-Follicle Stem Cell|Ccl27a+ Pre-granular Suprabasal Keratinocyte|Crabp1+ Hmga2+ Prrx1+ Wound-Activated Fibroblast|Ctss+ Lyz2+ Macrophage|Dcn+ Fstl1+ Col1a2+ Dermal Fibroblast|Dcn+ Lum+ Dermal Fibroblast|Dcn+ Pi16+ Fibroblast|Erythrocyte|Fbn2+ Mfap2+ Papillary Dermal Fibroblast|Gamma-delta T Cell|Hair Follicle Progenitor|Krt1+ Krt10+ Spinous Suprabasal Keratinocyte|Krt25/28+ Dlx3+ Lef1+ Inner Root Sheath Cell|Krt5+ Krt14+ Basal Keratinocyte|Krt6a+ Krt14+ Metabolically Active Basal Keratinocyte|Langerhans Cell|Lymphatic Endothelial Cell|Mast Cell|Melanocyte|Proliferating Cell|Prrx1+ Ebf1+ Fibroblast Progenitor|S100a9+ S100a8+ Neutrophil|Schwann cells|Sebaceous Gland Cell|Sensory Neuron|Skap1+ Itk+ T Cell|Skeletal Muscle Cell|Skeletal Muscle Progenitor|Sprr1a+ Krt17+ Prolif Suprabasal Keratinocyte|Vascular Endothelial Cell|Vascular Smooth Muscle Cell|cDC1 Dendritic Cell|cDC2 Dendritic Cell,Bulge Hair-Follicle Stem Cell|Erythrocyte|Fibroblast|Hair Follicle Progenitor|Immune|Inner Root Sheath Cell|Keratinocyte|Lymphatic Endothelial Cell|Melanocyte|Proliferating Cell|Schwann cells|Sebaceous Gland Cell|Sensory Neuron|Skeletal Muscle Cell|Skeletal Muscle Progenitor|Vascular Endothelial Cell|Vascular Smooth Muscle Cell,Single cell gene expression profiling of CARD9 WT and R101C murine skin infected with Trichophyton rubrum,We used scRNA-seq to understand how CARD9 R101C remodels skin immunity and cell state in response to fungal infection in a mouse model of dermatophytosis.,We performed single cell RNA sequencing (scRNAseq) of skin from WT and CARD9 R101C mice infected with T. rubrum at day two (D2) and day nine (D9) post-infection (3 replicates of each WT and CARD9 R101C at each timepoint),38489265
SAID037,GSE210224,GSM6423822,Mouse,6409,Healthy,P105,Both,dorsal skin,Apod+ Ebf2+ Igfbp6+ Preadipocyte-like Dermal Fibroblast|B Cell|Basophil|Bulge Hair-Follicle Stem Cell|Ccl27a+ Pre-granular Suprabasal Keratinocyte|Crabp1+ Hmga2+ Prrx1+ Wound-Activated Fibroblast|Ctss+ Lyz2+ Macrophage|Dcn+ Fstl1+ Col1a2+ Dermal Fibroblast|Dcn+ Lum+ Dermal Fibroblast|Dcn+ Pi16+ Fibroblast|Erythrocyte|Fbn2+ Mfap2+ Papillary Dermal Fibroblast|Gamma-delta T Cell|Hair Follicle Progenitor|Krt1+ Krt10+ Spinous Suprabasal Keratinocyte|Krt25/28+ Dlx3+ Lef1+ Inner Root Sheath Cell|Krt5+ Krt14+ Basal Keratinocyte|Krt6a+ Krt14+ Metabolically Active Basal Keratinocyte|Langerhans Cell|Lymphatic Endothelial Cell|Mast Cell|Melanocyte|Proliferating Cell|Prrx1+ Ebf1+ Fibroblast Progenitor|S100a9+ S100a8+ Neutrophil|Schwann cells|Sebaceous Gland Cell|Sensory Neuron|Skap1+ Itk+ T Cell|Skeletal Muscle Cell|Skeletal Muscle Progenitor|Sprr1a+ Krt16+ Granular Suprabasal Keratinocyte|Sprr1a+ Krt17+ Prolif Suprabasal Keratinocyte|Vascular Endothelial Cell|Vascular Smooth Muscle Cell|cDC1 Dendritic Cell|cDC2 Dendritic Cell,Bulge Hair-Follicle Stem Cell|Erythrocyte|Fibroblast|Hair Follicle Progenitor|Immune|Inner Root Sheath Cell|Keratinocyte|Lymphatic Endothelial Cell|Melanocyte|Proliferating Cell|Schwann cells|Sebaceous Gland Cell|Sensory Neuron|Skeletal Muscle Cell|Skeletal Muscle Progenitor|Vascular Endothelial Cell|Vascular Smooth Muscle Cell,Single cell gene expression profiling of CARD9 WT and R101C murine skin infected with Trichophyton rubrum,We used scRNA-seq to understand how CARD9 R101C remodels skin immunity and cell state in response to fungal infection in a mouse model of dermatophytosis.,We performed single cell RNA sequencing (scRNAseq) of skin from WT and CARD9 R101C mice infected with T. rubrum at day two (D2) and day nine (D9) post-infection (3 replicates of each WT and CARD9 R101C at each timepoint),38489265
SAID038,GSE205020,GSM6204200,Mouse,390,Healthy,P64,Both,dermal skin,Apod+ Ebf2+ Igfbp6+ Preadipocyte-like Dermal Fibroblast|B Cell|Bulge Hair-Follicle Stem Cell|Dcn+ Lum+ Dermal Fibroblast|Dcn+ Pi16+ Fibroblast|Fbn2+ Mfap2+ Papillary Dermal Fibroblast|Gamma-delta T Cell|Prrx1+ Ebf1+ Fibroblast Progenitor|Sensory Neuron|Skap1+ Itk+ T Cell|Vascular Endothelial Cell|cDC2 Dendritic Cell,Bulge Hair-Follicle Stem Cell|Fibroblast|Immune|Sensory Neuron|Vascular Endothelial Cell,Gene expression profile at single cell level of fibroblasts from untreated (UT) and imiquimod (IMQ)-induced mouse skin.,We used single-cell RNA sequencing (scRNA-seq) to analyze the heterogeneity of dermal fibroblasts in homeostasis and skin inflammation.,Dermal fibroblasts of the UT/IMQ-induced PdgfraDreER-tdTomato mice were isolated by Fluorescence-activated cell sorting (FACS) according to the presence or absence of tdTomato signal and analyzed using scRNA-seq.,37037861
SAID039,GSE205020,GSM6204201,Mouse,9387,IMQ-induced psoriasis,P64,Both,dermal skin,Apod+ Ebf2+ Igfbp6+ Preadipocyte-like Dermal Fibroblast|B Cell|Bulge Hair-Follicle Stem Cell|Crabp1+ Hmga2+ Prrx1+ Wound-Activated Fibroblast|Ctss+ Lyz2+ Macrophage|Dcn+ Fstl1+ Col1a2+ Dermal Fibroblast|Dcn+ Lum+ Dermal Fibroblast|Dcn+ Pi16+ Fibroblast|Fbn2+ Mfap2+ Papillary Dermal Fibroblast|Krt1+ Krt10+ Spinous Suprabasal Keratinocyte|Krt5+ Krt14+ Basal Keratinocyte|Krt6a+ Krt14+ Metabolically Active Basal Keratinocyte|Lymphatic Endothelial Cell|Melanocyte|Prrx1+ Ebf1+ Fibroblast Progenitor|Schwann cells|Sebaceous Gland Cell|Skeletal Muscle Cell|Vascular Endothelial Cell|Vascular Smooth Muscle Cell,Bulge Hair-Follicle Stem Cell|Fibroblast|Immune|Keratinocyte|Lymphatic Endothelial Cell|Melanocyte|Schwann cells|Sebaceous Gland Cell|Skeletal Muscle Cell|Vascular Endothelial Cell|Vascular Smooth Muscle Cell,Gene expression profile at single cell level of fibroblasts from untreated (UT) and imiquimod (IMQ)-induced mouse skin.,We used single-cell RNA sequencing (scRNA-seq) to analyze the heterogeneity of dermal fibroblasts in homeostasis and skin inflammation.,Dermal fibroblasts of the UT/IMQ-induced PdgfraDreER-tdTomato mice were isolated by Fluorescence-activated cell sorting (FACS) according to the presence or absence of tdTomato signal and analyzed using scRNA-seq.,37037861
SAID040,GSE196677,GSM5898068,Mouse,384,Healthy,P56,Both,dorsal skin,Apod+ Ebf2+ Igfbp6+ Preadipocyte-like Dermal Fibroblast|B Cell|Bulge Hair-Follicle Stem Cell|Dcn+ Lum+ Dermal Fibroblast|Dcn+ Pi16+ Fibroblast|Fbn2+ Mfap2+ Papillary Dermal Fibroblast|Gamma-delta T Cell|Prrx1+ Ebf1+ Fibroblast Progenitor|Sensory Neuron|Skap1+ Itk+ T Cell|Vascular Endothelial Cell|cDC2 Dendritic Cell,Bulge Hair-Follicle Stem Cell|Fibroblast|Immune|Sensory Neuron|Vascular Endothelial Cell,Single-cell transcriptomics reveals natural product Shi-Bi-Man promotes hair regeneration,"Purpose: This study aimed to explore the mechanism of SBM to promote hair regeneration through single-cell transcriptomics Methods: Supplementation with intragastric administration or smear administration of SBM in artificially shaved C57BL/6 mice to observe its hair growth.  Single-cell RNA sequencing were performed to explore the role of SBM for hair regeneration. Results: SBM significantly induced hair growth compared with control treatment.The results of single-cell sequencing revealed that after SBM treatment, the number of hair follicle stem cells (HFSCs) and dermal papilla cells (DPCs) increased significantly. Cell interactions and volcano maps show that interaction of FGF signaling pathway was significantly enhanced, in which FGF7 expression was especially upregulated in DPCs. In addition, Wnt signaling pathway also had a partially enhanced effect on the interactions between various cells in the skin. Network pharmacology study showed that the promotion of FGF and Wnt pathways by SBM was also enriched in alopecia diseases. Conclusion: We report that SBM has a potential effect on the promotion of hair growth by mainly activating FGF signaling pathway. The use of SBM may be a novel therapeutic option for hair loss.",Molecular mechanism of  natural product Shi-Bi-Man  promoting hair growth,38429819
SAID041,GSE196677,GSM5898069,Mouse,10165,Shi-Bi-Man Treatment (Smear),P56,female,dorsal skin,Adgre1+ Itgam+ Dermal Inf Macrophage|Apod+ Ebf2+ Igfbp6+ Preadipocyte-like Dermal Fibroblast|B Cell|Basophil|Bulge Hair-Follicle Stem Cell|Ccl27a+ Pre-granular Suprabasal Keratinocyte|Crabp1+ Hmga2+ Prrx1+ Wound-Activated Fibroblast|Ctss+ Lyz2+ Macrophage|Dcn+ Fstl1+ Col1a2+ Dermal Fibroblast|Dcn+ Lum+ Dermal Fibroblast|Dcn+ Pi16+ Fibroblast|Fbn2+ Mfap2+ Papillary Dermal Fibroblast|Gamma-delta T Cell|Hair Follicle Progenitor|Krt1+ Krt10+ Spinous Suprabasal Keratinocyte|Krt17+ Krt6a+ Migratory Keratinocyte|Krt25/28+ Dlx3+ Lef1+ Inner Root Sheath Cell|Krt5+ Krt14+ Basal Keratinocyte|Krt6a+ Krt14+ Metabolically Active Basal Keratinocyte|Langerhans Cell|Lymphatic Endothelial Cell|Mast Cell|Melanocyte|Proliferating Cell|Prrx1+ Ebf1+ Fibroblast Progenitor|S100a9+ S100a8+ Neutrophil|Schwann cells|Sebaceous Gland Cell|Skap1+ Itk+ T Cell|Skeletal Muscle Progenitor|Sprr1a+ Krt17+ Prolif Suprabasal Keratinocyte|Vascular Endothelial Cell|Vascular Smooth Muscle Cell|cDC1 Dendritic Cell|cDC2 Dendritic Cell,Bulge Hair-Follicle Stem Cell|Fibroblast|Hair Follicle Progenitor|Immune|Inner Root Sheath Cell|Keratinocyte|Lymphatic Endothelial Cell|Melanocyte|Proliferating Cell|Schwann cells|Sebaceous Gland Cell|Skeletal Muscle Progenitor|Vascular Endothelial Cell|Vascular Smooth Muscle Cell,Single-cell transcriptomics reveals natural product Shi-Bi-Man promotes hair regeneration,"Purpose: This study aimed to explore the mechanism of SBM to promote hair regeneration through single-cell transcriptomics Methods: Supplementation with intragastric administration or smear administration of SBM in artificially shaved C57BL/6 mice to observe its hair growth.  Single-cell RNA sequencing were performed to explore the role of SBM for hair regeneration. Results: SBM significantly induced hair growth compared with control treatment.The results of single-cell sequencing revealed that after SBM treatment, the number of hair follicle stem cells (HFSCs) and dermal papilla cells (DPCs) increased significantly. Cell interactions and volcano maps show that interaction of FGF signaling pathway was significantly enhanced, in which FGF7 expression was especially upregulated in DPCs. In addition, Wnt signaling pathway also had a partially enhanced effect on the interactions between various cells in the skin. Network pharmacology study showed that the promotion of FGF and Wnt pathways by SBM was also enriched in alopecia diseases. Conclusion: We report that SBM has a potential effect on the promotion of hair growth by mainly activating FGF signaling pathway. The use of SBM may be a novel therapeutic option for hair loss.",Molecular mechanism of  natural product Shi-Bi-Man  promoting hair growth,38429819
SAID042,GSE196677,GSM5898070,Mouse,11191,Shi-Bi-Man Treatment (Oral),P56,female,dorsal skin,Adgre1+ Itgam+ Dermal Inf Macrophage|Apod+ Ebf2+ Igfbp6+ Preadipocyte-like Dermal Fibroblast|B Cell|Basophil|Bulge Hair-Follicle Stem Cell|Ccl27a+ Pre-granular Suprabasal Keratinocyte|Crabp1+ Hmga2+ Prrx1+ Wound-Activated Fibroblast|Ctss+ Lyz2+ Macrophage|Dcn+ Fstl1+ Col1a2+ Dermal Fibroblast|Dcn+ Lum+ Dermal Fibroblast|Dcn+ Pi16+ Fibroblast|Fbn2+ Mfap2+ Papillary Dermal Fibroblast|Gamma-delta T Cell|Hair Follicle Progenitor|Krt1+ Krt10+ Spinous Suprabasal Keratinocyte|Krt17+ Krt6a+ Migratory Keratinocyte|Krt25/28+ Dlx3+ Lef1+ Inner Root Sheath Cell|Krt5+ Krt14+ Basal Keratinocyte|Krt6a+ Krt14+ Metabolically Active Basal Keratinocyte|Langerhans Cell|Lymphatic Endothelial Cell|Mast Cell|Melanocyte|Proliferating Cell|Prrx1+ Ebf1+ Fibroblast Progenitor|S100a9+ S100a8+ Neutrophil|Schwann cells|Sebaceous Gland Cell|Skap1+ Itk+ T Cell|Skeletal Muscle Progenitor|Sprr1a+ Krt17+ Prolif Suprabasal Keratinocyte|Vascular Endothelial Cell|Vascular Smooth Muscle Cell|cDC1 Dendritic Cell|cDC2 Dendritic Cell,Bulge Hair-Follicle Stem Cell|Fibroblast|Hair Follicle Progenitor|Immune|Inner Root Sheath Cell|Keratinocyte|Lymphatic Endothelial Cell|Melanocyte|Proliferating Cell|Schwann cells|Sebaceous Gland Cell|Skeletal Muscle Progenitor|Vascular Endothelial Cell|Vascular Smooth Muscle Cell,Single-cell transcriptomics reveals natural product Shi-Bi-Man promotes hair regeneration,"Purpose: This study aimed to explore the mechanism of SBM to promote hair regeneration through single-cell transcriptomics Methods: Supplementation with intragastric administration or smear administration of SBM in artificially shaved C57BL/6 mice to observe its hair growth.  Single-cell RNA sequencing were performed to explore the role of SBM for hair regeneration. Results: SBM significantly induced hair growth compared with control treatment.The results of single-cell sequencing revealed that after SBM treatment, the number of hair follicle stem cells (HFSCs) and dermal papilla cells (DPCs) increased significantly. Cell interactions and volcano maps show that interaction of FGF signaling pathway was significantly enhanced, in which FGF7 expression was especially upregulated in DPCs. In addition, Wnt signaling pathway also had a partially enhanced effect on the interactions between various cells in the skin. Network pharmacology study showed that the promotion of FGF and Wnt pathways by SBM was also enriched in alopecia diseases. Conclusion: We report that SBM has a potential effect on the promotion of hair growth by mainly activating FGF signaling pathway. The use of SBM may be a novel therapeutic option for hair loss.",Molecular mechanism of  natural product Shi-Bi-Man  promoting hair growth,38429819
SAID043,GSE189210,GSM5696148,Mouse,13240,Healthy,P0,Both,whole trunk skin,Apod+ Ebf2+ Igfbp6+ Preadipocyte-like Dermal Fibroblast|B Cell|Basophil|Bulge Hair-Follicle Stem Cell|Ccl27a+ Pre-granular Suprabasal Keratinocyte|Crabp1+ Hmga2+ Prrx1+ Wound-Activated Fibroblast|Ctss+ Lyz2+ Macrophage|Dcn+ Fstl1+ Col1a2+ Dermal Fibroblast|Dcn+ Lum+ Dermal Fibroblast|Dcn+ Pi16+ Fibroblast|Erythrocyte|Fbn2+ Mfap2+ Papillary Dermal Fibroblast|Hair Follicle Progenitor|Krt1+ Krt10+ Spinous Suprabasal Keratinocyte|Krt25/28+ Dlx3+ Lef1+ Inner Root Sheath Cell|Krt5+ Krt14+ Basal Keratinocyte|Krt6a+ Krt14+ Metabolically Active Basal Keratinocyte|Langerhans Cell|Lst1+ Fcer1g+ Monocyte|Lymphatic Endothelial Cell|Mast Cell|Melanocyte|Proliferating Cell|Prrx1+ Ebf1+ Fibroblast Progenitor|S100a9+ S100a8+ Neutrophil|Schwann cells|Sebaceous Gland Cell|Sensory Neuron|Skap1+ Itk+ T Cell|Skeletal Muscle Cell|Skeletal Muscle Progenitor|Sprr1a+ Krt17+ Prolif Suprabasal Keratinocyte|Vascular Endothelial Cell|Vascular Smooth Muscle Cell|cDC1 Dendritic Cell|cDC2 Dendritic Cell,Bulge Hair-Follicle Stem Cell|Erythrocyte|Fibroblast|Hair Follicle Progenitor|Immune|Inner Root Sheath Cell|Keratinocyte|Lymphatic Endothelial Cell|Melanocyte|Proliferating Cell|Schwann cells|Sebaceous Gland Cell|Sensory Neuron|Skeletal Muscle Cell|Skeletal Muscle Progenitor|Vascular Endothelial Cell|Vascular Smooth Muscle Cell,Parallel single cell multi-omics analysis of neonatal skin reveals transitional fibroblast states that restrict differentiation into distinct fates,"One of the keys to achieving skin regeneration lies within understanding the heterogeneity of neonatal fibroblasts, which support skin regeneration. However, the molecular underpinnings regulating the cellular states and fates of these cells are not fully understood. To investigate this, we performed a parallel multi-omics analysis by processing neonatal murine skin for single-cell ATAC-sequencing (scATAC-seq) and single-cell RNA-sequencing (scRNA-seq) separately. Our approach revealed that fibroblast clusters could be sorted into papillary and reticular lineages based on transcriptome profiling, as previously published. However, scATAC-seq analysis of neonatal fibroblast lineage markers, such as, Dpp4/CD26, Corin, and Dlk1 along with markers of myofibroblasts, revealed accessible chromatin in all fibroblast populations despite their lineage specific transcriptome profiles. These results suggests that accessible chromatin does not always translate to gene expression and that many fibroblast lineage markers reflect a fibroblast state, which includes neonatal papillary, reticular, and myofibroblasts. This analysis also provides a possible explanation as to why these marker genes can be promiscuously expressed in different fibroblast populations under different conditions. Our scATAC-seq analysis also revealed that the functional lineage restriction between dermal papilla and adipocytes fates are regulated by distinct chromatin landscapes. Finally, we have developed a webtool for our multi-omics analysis: https://skinregeneration.org/scatacseq-and-scrnaseq-data-from-thompson-et-al-2021-2/.",Trunk skin from 4 wild-type postnatal day 0 mouse littermates were used to generate single-cell suspensions of skin cells. These single-cell suspensions were pooled and parallel scRNA-seq and scATAC-seq experiments were conducted on the same pool of cells. The resulting sequencing data was aligned to the mm10 genome.,34922949
SAID044,GSE158691,GSM4805563,Mouse,10726,FR Treatment,P56,Both,dermal skin,B Cell|Bulge Hair-Follicle Stem Cell|Ccl27a+ Pre-granular Suprabasal Keratinocyte|Crabp1+ Hmga2+ Prrx1+ Wound-Activated Fibroblast|Ctss+ Lyz2+ Macrophage|Dcn+ Fstl1+ Col1a2+ Dermal Fibroblast|Dcn+ Lum+ Dermal Fibroblast|Dcn+ Pi16+ Fibroblast|Fbn2+ Mfap2+ Papillary Dermal Fibroblast|Gamma-delta T Cell|Hair Follicle Progenitor|Krt1+ Krt10+ Spinous Suprabasal Keratinocyte|Krt17+ Krt6a+ Migratory Keratinocyte|Krt5+ Krt14+ Basal Keratinocyte|Krt6a+ Krt14+ Metabolically Active Basal Keratinocyte|Lymphatic Endothelial Cell|Melanocyte|Prrx1+ Ebf1+ Fibroblast Progenitor|S100a9+ S100a8+ Neutrophil|Schwann cells|Sebaceous Gland Cell|Sensory Neuron|Skeletal Muscle Progenitor|Sprr1a+ Krt16+ Granular Suprabasal Keratinocyte|Sprr1a+ Krt17+ Prolif Suprabasal Keratinocyte|Vascular Endothelial Cell|Vascular Smooth Muscle Cell|cDC2 Dendritic Cell,Bulge Hair-Follicle Stem Cell|Fibroblast|Hair Follicle Progenitor|Immune|Keratinocyte|Lymphatic Endothelial Cell|Melanocyte|Schwann cells|Sebaceous Gland Cell|Sensory Neuron|Skeletal Muscle Progenitor|Vascular Endothelial Cell|Vascular Smooth Muscle Cell,Single cell RNA-sequencing of murine dermal cells and hindlimb skeletal muscle stromal cells.,"Traumatic injury often results in muscle loss and impairment, which is worsened under aged and diseased conditions. Activation of resident stem cells or transplantation of myogenic stem cells can promote muscle regeneration. However, major challenges remain in harvesting sufficient autologous myogenic stem cells and expanding such cells efficiently for muscle regeneration therapies. Here, we identified a chemical cocktail that selectively induced a robust expansion of myogenic stem cells from readily-obtainable dermal cells and from muscle stromal cells. By differential plating and lineage tracing, we showed that Pax7+ cells were the major source for chemical-induced myogenic stem cells (CiMCs). We further performed single-cell RNA sequencing (scRNA-seq) analysis to characterize the transcriptomic profile of CiMCs and demonstrate a specific expansion of myogenic cells from heterogeneous dermal cell population. Upon transplantation into the injured muscle, CiMCs were efficiently engrafted and improved functional muscle regeneration in both adult and aged mice. In addition, CiMC transplantation rescued muscle function in mice with Duchenne muscular dystrophy (DMD). Furthermore, an in situ therapeutic modality using this cocktail was developed by loading the chemical cocktail into injectable nanoparticles, which enabled a sustained release of the cocktail in injured muscle and a local expansion of resident satellite cells for muscle regeneration in adult and aged mice. These findings will lead to the development of novel in vitro and in situ stem cell therapies for effective skeletal muscle repair.","Freshly isolated neonatal dermal cells, neonatal dermal cells treated with FR medium for 3 days, adult dermal cells treated with FR medium for 3 days and freshly isolated adult hindlimb skeletal muscle stromal cells were subjected to single cell RNA sequencing. FR medium is 20 μM F, 20 μM R, 50 μg/ml AA, and 50 ng/ml bFGF in high-glucose DMEM containing 10% fetal bovine serum (FBS) and 1% penicillin/streptomycin.",33737730
SAID045,GSE158691,GSM4805560,Mouse,8090,FR Treatment,P2,Both,whole trunk skin,B Cell|Bulge Hair-Follicle Stem Cell|Crabp1+ Hmga2+ Prrx1+ Wound-Activated Fibroblast|Ctss+ Lyz2+ Macrophage|Dcn+ Fstl1+ Col1a2+ Dermal Fibroblast|Dcn+ Lum+ Dermal Fibroblast|Dcn+ Pi16+ Fibroblast|Fbn2+ Mfap2+ Papillary Dermal Fibroblast|Hair Follicle Progenitor|Krt1+ Krt10+ Spinous Suprabasal Keratinocyte|Krt17+ Krt6a+ Migratory Keratinocyte|Krt6a+ Krt14+ Metabolically Active Basal Keratinocyte|Lymphatic Endothelial Cell|Melanocyte|Prrx1+ Ebf1+ Fibroblast Progenitor|Schwann cells|Sebaceous Gland Cell|Sensory Neuron|Skeletal Muscle Cell|Skeletal Muscle Progenitor|Sprr1a+ Krt17+ Prolif Suprabasal Keratinocyte|Vascular Endothelial Cell|Vascular Smooth Muscle Cell,Bulge Hair-Follicle Stem Cell|Fibroblast|Hair Follicle Progenitor|Immune|Keratinocyte|Lymphatic Endothelial Cell|Melanocyte|Schwann cells|Sebaceous Gland Cell|Sensory Neuron|Skeletal Muscle Cell|Skeletal Muscle Progenitor|Vascular Endothelial Cell|Vascular Smooth Muscle Cell,Single cell RNA-sequencing of murine dermal cells and hindlimb skeletal muscle stromal cells.,"Traumatic injury often results in muscle loss and impairment, which is worsened under aged and diseased conditions. Activation of resident stem cells or transplantation of myogenic stem cells can promote muscle regeneration. However, major challenges remain in harvesting sufficient autologous myogenic stem cells and expanding such cells efficiently for muscle regeneration therapies. Here, we identified a chemical cocktail that selectively induced a robust expansion of myogenic stem cells from readily-obtainable dermal cells and from muscle stromal cells. By differential plating and lineage tracing, we showed that Pax7+ cells were the major source for chemical-induced myogenic stem cells (CiMCs). We further performed single-cell RNA sequencing (scRNA-seq) analysis to characterize the transcriptomic profile of CiMCs and demonstrate a specific expansion of myogenic cells from heterogeneous dermal cell population. Upon transplantation into the injured muscle, CiMCs were efficiently engrafted and improved functional muscle regeneration in both adult and aged mice. In addition, CiMC transplantation rescued muscle function in mice with Duchenne muscular dystrophy (DMD). Furthermore, an in situ therapeutic modality using this cocktail was developed by loading the chemical cocktail into injectable nanoparticles, which enabled a sustained release of the cocktail in injured muscle and a local expansion of resident satellite cells for muscle regeneration in adult and aged mice. These findings will lead to the development of novel in vitro and in situ stem cell therapies for effective skeletal muscle repair.","Freshly isolated neonatal dermal cells, neonatal dermal cells treated with FR medium for 3 days, adult dermal cells treated with FR medium for 3 days and freshly isolated adult hindlimb skeletal muscle stromal cells were subjected to single cell RNA sequencing. FR medium is 20 μM F, 20 μM R, 50 μg/ml AA, and 50 ng/ml bFGF in high-glucose DMEM containing 10% fetal bovine serum (FBS) and 1% penicillin/streptomycin.",33737730
SAID046,GSE158691,GSM4805558,Mouse,9683,Healthy,P2,Both,whole trunk skin,B Cell|Bulge Hair-Follicle Stem Cell|Ccl27a+ Pre-granular Suprabasal Keratinocyte|Crabp1+ Hmga2+ Prrx1+ Wound-Activated Fibroblast|Ctss+ Lyz2+ Macrophage|Dcn+ Fstl1+ Col1a2+ Dermal Fibroblast|Dcn+ Lum+ Dermal Fibroblast|Dcn+ Pi16+ Fibroblast|Fbn2+ Mfap2+ Papillary Dermal Fibroblast|Hair Follicle Progenitor|Krt17+ Krt6a+ Migratory Keratinocyte|Krt25/28+ Dlx3+ Lef1+ Inner Root Sheath Cell|Krt5+ Krt14+ Basal Keratinocyte|Krt6a+ Krt14+ Metabolically Active Basal Keratinocyte|Lymphatic Endothelial Cell|Melanocyte|Prrx1+ Ebf1+ Fibroblast Progenitor|Schwann cells|Sensory Neuron|Skap1+ Itk+ T Cell|Skeletal Muscle Progenitor|Sprr1a+ Krt16+ Granular Suprabasal Keratinocyte|Sprr1a+ Krt17+ Prolif Suprabasal Keratinocyte|Vascular Endothelial Cell|Vascular Smooth Muscle Cell,Bulge Hair-Follicle Stem Cell|Fibroblast|Hair Follicle Progenitor|Immune|Inner Root Sheath Cell|Keratinocyte|Lymphatic Endothelial Cell|Melanocyte|Schwann cells|Sensory Neuron|Skeletal Muscle Progenitor|Vascular Endothelial Cell|Vascular Smooth Muscle Cell,Single cell RNA-sequencing of murine dermal cells and hindlimb skeletal muscle stromal cells.,"Traumatic injury often results in muscle loss and impairment, which is worsened under aged and diseased conditions. Activation of resident stem cells or transplantation of myogenic stem cells can promote muscle regeneration. However, major challenges remain in harvesting sufficient autologous myogenic stem cells and expanding such cells efficiently for muscle regeneration therapies. Here, we identified a chemical cocktail that selectively induced a robust expansion of myogenic stem cells from readily-obtainable dermal cells and from muscle stromal cells. By differential plating and lineage tracing, we showed that Pax7+ cells were the major source for chemical-induced myogenic stem cells (CiMCs). We further performed single-cell RNA sequencing (scRNA-seq) analysis to characterize the transcriptomic profile of CiMCs and demonstrate a specific expansion of myogenic cells from heterogeneous dermal cell population. Upon transplantation into the injured muscle, CiMCs were efficiently engrafted and improved functional muscle regeneration in both adult and aged mice. In addition, CiMC transplantation rescued muscle function in mice with Duchenne muscular dystrophy (DMD). Furthermore, an in situ therapeutic modality using this cocktail was developed by loading the chemical cocktail into injectable nanoparticles, which enabled a sustained release of the cocktail in injured muscle and a local expansion of resident satellite cells for muscle regeneration in adult and aged mice. These findings will lead to the development of novel in vitro and in situ stem cell therapies for effective skeletal muscle repair.","Freshly isolated neonatal dermal cells, neonatal dermal cells treated with FR medium for 3 days, adult dermal cells treated with FR medium for 3 days and freshly isolated adult hindlimb skeletal muscle stromal cells were subjected to single cell RNA sequencing. FR medium is 20 μM F, 20 μM R, 50 μg/ml AA, and 50 ng/ml bFGF in high-glucose DMEM containing 10% fetal bovine serum (FBS) and 1% penicillin/streptomycin.",33737730
SAID047,GSE153596,GSM4647785,Mouse,2270,Healthy,P2,Both,dorsal skin,Basophil|Bulge Hair-Follicle Stem Cell|Ccl27a+ Pre-granular Suprabasal Keratinocyte|Crabp1+ Hmga2+ Prrx1+ Wound-Activated Fibroblast|Ctss+ Lyz2+ Macrophage|Dcn+ Fstl1+ Col1a2+ Dermal Fibroblast|Dcn+ Lum+ Dermal Fibroblast|Fbn2+ Mfap2+ Papillary Dermal Fibroblast|Hair Follicle Progenitor|Krt1+ Krt10+ Spinous Suprabasal Keratinocyte|Krt25/28+ Dlx3+ Lef1+ Inner Root Sheath Cell|Krt5+ Krt14+ Basal Keratinocyte|Krt6a+ Krt14+ Metabolically Active Basal Keratinocyte|Lymphatic Endothelial Cell|Mast Cell|Melanocyte|Proliferating Cell|Prrx1+ Ebf1+ Fibroblast Progenitor|Schwann cells|Sebaceous Gland Cell|Sensory Neuron|Skap1+ Itk+ T Cell|Skeletal Muscle Progenitor|Sprr1a+ Krt17+ Prolif Suprabasal Keratinocyte|Vascular Endothelial Cell|Vascular Smooth Muscle Cell|cDC2 Dendritic Cell,Bulge Hair-Follicle Stem Cell|Fibroblast|Hair Follicle Progenitor|Immune|Inner Root Sheath Cell|Keratinocyte|Lymphatic Endothelial Cell|Melanocyte|Proliferating Cell|Schwann cells|Sebaceous Gland Cell|Sensory Neuron|Skeletal Muscle Progenitor|Vascular Endothelial Cell|Vascular Smooth Muscle Cell,Single Cell RNA Sequencing of neonatal and juvenile mice skin (wound and unwounded),"We perform 10X Genomics scRNA-Seq on P2, P21, P2 + 7 days post wound, P21 + 7 days post wound, with 3 bioreplicates for each condition. Fastq files and output folders were generated from Cellranger pipeline. Loom files were generated using Velocyto.py for downstream analysis. Chemistry: V2","scRNA-Seq on P2, P21, P2 7 days post wound, P21 7 days post wound, with 3 bioreplicates for each condition",32990218
SAID048,GSE153596,GSM4647786,Mouse,1941,Healthy,P2,Both,dorsal skin,Basophil|Bulge Hair-Follicle Stem Cell|Ccl27a+ Pre-granular Suprabasal Keratinocyte|Crabp1+ Hmga2+ Prrx1+ Wound-Activated Fibroblast|Ctss+ Lyz2+ Macrophage|Dcn+ Fstl1+ Col1a2+ Dermal Fibroblast|Dcn+ Lum+ Dermal Fibroblast|Fbn2+ Mfap2+ Papillary Dermal Fibroblast|Krt1+ Krt10+ Spinous Suprabasal Keratinocyte|Krt17+ Krt6a+ Migratory Keratinocyte|Krt25/28+ Dlx3+ Lef1+ Inner Root Sheath Cell|Krt5+ Krt14+ Basal Keratinocyte|Krt6a+ Krt14+ Metabolically Active Basal Keratinocyte|Langerhans Cell|Lymphatic Endothelial Cell|Mast Cell|Melanocyte|Prrx1+ Ebf1+ Fibroblast Progenitor|Schwann cells|Sebaceous Gland Cell|Skap1+ Itk+ T Cell|Skeletal Muscle Progenitor|Sprr1a+ Krt17+ Prolif Suprabasal Keratinocyte|Vascular Endothelial Cell|Vascular Smooth Muscle Cell|cDC2 Dendritic Cell,Bulge Hair-Follicle Stem Cell|Fibroblast|Immune|Inner Root Sheath Cell|Keratinocyte|Lymphatic Endothelial Cell|Melanocyte|Schwann cells|Sebaceous Gland Cell|Skeletal Muscle Progenitor|Vascular Endothelial Cell|Vascular Smooth Muscle Cell,Single Cell RNA Sequencing of neonatal and juvenile mice skin (wound and unwounded),"We perform 10X Genomics scRNA-Seq on P2, P21, P2 + 7 days post wound, P21 + 7 days post wound, with 3 bioreplicates for each condition. Fastq files and output folders were generated from Cellranger pipeline. Loom files were generated using Velocyto.py for downstream analysis. Chemistry: V2","scRNA-Seq on P2, P21, P2 7 days post wound, P21 7 days post wound, with 3 bioreplicates for each condition",32990218
SAID049,GSE153596,GSM4647787,Mouse,2897,Healthy,P2,Both,dorsal skin,Bulge Hair-Follicle Stem Cell|Ccl27a+ Pre-granular Suprabasal Keratinocyte|Crabp1+ Hmga2+ Prrx1+ Wound-Activated Fibroblast|Ctss+ Lyz2+ Macrophage|Dcn+ Fstl1+ Col1a2+ Dermal Fibroblast|Dcn+ Lum+ Dermal Fibroblast|Dcn+ Pi16+ Fibroblast|Fbn2+ Mfap2+ Papillary Dermal Fibroblast|Hair Follicle Progenitor|Krt1+ Krt10+ Spinous Suprabasal Keratinocyte|Krt17+ Krt6a+ Migratory Keratinocyte|Krt25/28+ Dlx3+ Lef1+ Inner Root Sheath Cell|Krt5+ Krt14+ Basal Keratinocyte|Lymphatic Endothelial Cell|Mast Cell|Melanocyte|Prrx1+ Ebf1+ Fibroblast Progenitor|Schwann cells|Sebaceous Gland Cell|Skap1+ Itk+ T Cell|Skeletal Muscle Progenitor|Sprr1a+ Krt17+ Prolif Suprabasal Keratinocyte|Vascular Endothelial Cell|Vascular Smooth Muscle Cell|cDC2 Dendritic Cell,Bulge Hair-Follicle Stem Cell|Fibroblast|Hair Follicle Progenitor|Immune|Inner Root Sheath Cell|Keratinocyte|Lymphatic Endothelial Cell|Melanocyte|Schwann cells|Sebaceous Gland Cell|Skeletal Muscle Progenitor|Vascular Endothelial Cell|Vascular Smooth Muscle Cell,Single Cell RNA Sequencing of neonatal and juvenile mice skin (wound and unwounded),"We perform 10X Genomics scRNA-Seq on P2, P21, P2 + 7 days post wound, P21 + 7 days post wound, with 3 bioreplicates for each condition. Fastq files and output folders were generated from Cellranger pipeline. Loom files were generated using Velocyto.py for downstream analysis. Chemistry: V2","scRNA-Seq on P2, P21, P2 7 days post wound, P21 7 days post wound, with 3 bioreplicates for each condition",32990218
SAID050,GSE153596,GSM4647788,Mouse,2626,Healthy,P21,Both,dorsal skin,Apod+ Ebf2+ Igfbp6+ Preadipocyte-like Dermal Fibroblast|B Cell|Basophil|Bulge Hair-Follicle Stem Cell|Ccl27a+ Pre-granular Suprabasal Keratinocyte|Crabp1+ Hmga2+ Prrx1+ Wound-Activated Fibroblast|Ctss+ Lyz2+ Macrophage|Dcn+ Fstl1+ Col1a2+ Dermal Fibroblast|Dcn+ Lum+ Dermal Fibroblast|Dcn+ Pi16+ Fibroblast|Erythrocyte|Fbn2+ Mfap2+ Papillary Dermal Fibroblast|Gamma-delta T Cell|Krt1+ Krt10+ Spinous Suprabasal Keratinocyte|Krt25/28+ Dlx3+ Lef1+ Inner Root Sheath Cell|Krt5+ Krt14+ Basal Keratinocyte|Lymphatic Endothelial Cell|Mast Cell|Melanocyte|Proliferating Cell|Prrx1+ Ebf1+ Fibroblast Progenitor|S100a9+ S100a8+ Neutrophil|Schwann cells|Sebaceous Gland Cell|Sensory Neuron|Skap1+ Itk+ T Cell|Skeletal Muscle Cell|Sprr1a+ Krt17+ Prolif Suprabasal Keratinocyte|Vascular Endothelial Cell|Vascular Smooth Muscle Cell|cDC1 Dendritic Cell|cDC2 Dendritic Cell,Bulge Hair-Follicle Stem Cell|Erythrocyte|Fibroblast|Immune|Inner Root Sheath Cell|Keratinocyte|Lymphatic Endothelial Cell|Melanocyte|Proliferating Cell|Schwann cells|Sebaceous Gland Cell|Sensory Neuron|Skeletal Muscle Cell|Vascular Endothelial Cell|Vascular Smooth Muscle Cell,Single Cell RNA Sequencing of neonatal and juvenile mice skin (wound and unwounded),"We perform 10X Genomics scRNA-Seq on P2, P21, P2 + 7 days post wound, P21 + 7 days post wound, with 3 bioreplicates for each condition. Fastq files and output folders were generated from Cellranger pipeline. Loom files were generated using Velocyto.py for downstream analysis. Chemistry: V2","scRNA-Seq on P2, P21, P2 7 days post wound, P21 7 days post wound, with 3 bioreplicates for each condition",32990218
SAID051,GSE153596,GSM4647789,Mouse,1853,Healthy,P21,Both,dorsal skin,Apod+ Ebf2+ Igfbp6+ Preadipocyte-like Dermal Fibroblast|B Cell|Bulge Hair-Follicle Stem Cell|Ccl27a+ Pre-granular Suprabasal Keratinocyte|Ctss+ Lyz2+ Macrophage|Dcn+ Fstl1+ Col1a2+ Dermal Fibroblast|Dcn+ Lum+ Dermal Fibroblast|Fbn2+ Mfap2+ Papillary Dermal Fibroblast|Gamma-delta T Cell|Krt1+ Krt10+ Spinous Suprabasal Keratinocyte|Krt5+ Krt14+ Basal Keratinocyte|Krt6a+ Krt14+ Metabolically Active Basal Keratinocyte|Langerhans Cell|Lst1+ Fcer1g+ Monocyte|Lymphatic Endothelial Cell|Melanocyte|Proliferating Cell|Prrx1+ Ebf1+ Fibroblast Progenitor|Schwann cells|Sebaceous Gland Cell|Sensory Neuron|Skap1+ Itk+ T Cell|Skeletal Muscle Cell|Sprr1a+ Krt17+ Prolif Suprabasal Keratinocyte|Vascular Endothelial Cell|Vascular Smooth Muscle Cell|cDC1 Dendritic Cell|cDC2 Dendritic Cell,Bulge Hair-Follicle Stem Cell|Fibroblast|Immune|Keratinocyte|Lymphatic Endothelial Cell|Melanocyte|Proliferating Cell|Schwann cells|Sebaceous Gland Cell|Sensory Neuron|Skeletal Muscle Cell|Vascular Endothelial Cell|Vascular Smooth Muscle Cell,Single Cell RNA Sequencing of neonatal and juvenile mice skin (wound and unwounded),"We perform 10X Genomics scRNA-Seq on P2, P21, P2 + 7 days post wound, P21 + 7 days post wound, with 3 bioreplicates for each condition. Fastq files and output folders were generated from Cellranger pipeline. Loom files were generated using Velocyto.py for downstream analysis. Chemistry: V2","scRNA-Seq on P2, P21, P2 7 days post wound, P21 7 days post wound, with 3 bioreplicates for each condition",32990218
SAID052,GSE153596,GSM4647790,Mouse,1712,Healthy,P21,Both,dorsal skin,Apod+ Ebf2+ Igfbp6+ Preadipocyte-like Dermal Fibroblast|B Cell|Bulge Hair-Follicle Stem Cell|Ccl27a+ Pre-granular Suprabasal Keratinocyte|Ctss+ Lyz2+ Macrophage|Dcn+ Fstl1+ Col1a2+ Dermal Fibroblast|Dcn+ Lum+ Dermal Fibroblast|Fbn2+ Mfap2+ Papillary Dermal Fibroblast|Gamma-delta T Cell|Krt25/28+ Dlx3+ Lef1+ Inner Root Sheath Cell|Krt5+ Krt14+ Basal Keratinocyte|Langerhans Cell|Lymphatic Endothelial Cell|Mast Cell|Melanocyte|Prrx1+ Ebf1+ Fibroblast Progenitor|Schwann cells|Sebaceous Gland Cell|Sensory Neuron|Skap1+ Itk+ T Cell|Skeletal Muscle Cell|Skeletal Muscle Progenitor|Vascular Endothelial Cell|Vascular Smooth Muscle Cell|cDC1 Dendritic Cell|cDC2 Dendritic Cell,Bulge Hair-Follicle Stem Cell|Fibroblast|Immune|Inner Root Sheath Cell|Keratinocyte|Lymphatic Endothelial Cell|Melanocyte|Schwann cells|Sebaceous Gland Cell|Sensory Neuron|Skeletal Muscle Cell|Skeletal Muscle Progenitor|Vascular Endothelial Cell|Vascular Smooth Muscle Cell,Single Cell RNA Sequencing of neonatal and juvenile mice skin (wound and unwounded),"We perform 10X Genomics scRNA-Seq on P2, P21, P2 + 7 days post wound, P21 + 7 days post wound, with 3 bioreplicates for each condition. Fastq files and output folders were generated from Cellranger pipeline. Loom files were generated using Velocyto.py for downstream analysis. Chemistry: V2","scRNA-Seq on P2, P21, P2 7 days post wound, P21 7 days post wound, with 3 bioreplicates for each condition",32990218
SAID053,GSE146122,GSM4378540,Mouse,9956,Healthy,P7,Both,tail epidermis,Bulge Hair-Follicle Stem Cell|Ccl27a+ Pre-granular Suprabasal Keratinocyte|Dcn+ Lum+ Dermal Fibroblast|Dcn+ Pi16+ Fibroblast|Hair Follicle Progenitor|Krt1+ Krt10+ Spinous Suprabasal Keratinocyte|Krt25/28+ Dlx3+ Lef1+ Inner Root Sheath Cell|Krt5+ Krt14+ Basal Keratinocyte|Krt6a+ Krt14+ Metabolically Active Basal Keratinocyte|Langerhans Cell|Melanocyte|Proliferating Cell|Sebaceous Gland Cell|Sensory Neuron|Sprr1a+ Krt17+ Prolif Suprabasal Keratinocyte|cDC2 Dendritic Cell,Bulge Hair-Follicle Stem Cell|Fibroblast|Hair Follicle Progenitor|Immune|Inner Root Sheath Cell|Keratinocyte|Melanocyte|Proliferating Cell|Sebaceous Gland Cell|Sensory Neuron,"Single Cell RNA-sequencing of murine tail interfollicular epidermis basal cells at postnatal days 7, 30 and in adult","The purpose of this study was to define, at the single cell level, the transcriptionnal profile of murine tail epidermal basal cells during potsnatal growth and to compare with adult homeostatic basal cells.  The analysis was performed on Lgr5DTR-EGFP mice (Tian et al., 2011)(knockin mice containing an Enhanced Green Fluorescent Protein (EGFP) under the control of the Lgr5 regulatory region), allowing to identify and exclude Lgr5-expressing cells of the bulge and basal cells of the interfollicular epidermis were enriched using EGFP negative, CD34 negative, alpha6 integrin positive gating. Our single-cell RNA sequencing revealed that epidermal basal cells at P7 form a more uniform population compared to adult basal cells and that heterogeneity starts to appear around P30.","Mouse tail epidermis was collected on mice at postnatal day 7, 30 and 60. (3 samples)  The dermis and epidermis were removed from the tail bone of untreated Lgr5DTR-EGFP mice (Tian et al., Nature, 2011)(knockin mice containing an Enhanced Green Fluorescent Protein (EGFP) under the control of the Lgr5 regulatory region) using forceps. The samples were incubated in HBSS (Gibco) 0,25% trypsin  (Gibco) at 4°C overnight. The next day, the epidermis was separated from the dermis. Epidermis was then incubated on a rocking plate (100 rpm) at room temperature for 5 min. BCs were mechanically separated from the epidermis by flushing 10 times under the epidermis. Tissues were then cut in small pieces with a scalpel and trypsin was neutralized by adding DMEM medium (Gibco) supplemented with 2% Chelex Fetal Calf Serum (cFCS). Samples were filtrated on 70 and 40µm filter (Falcon). Cells were incubated in PBS 2% cFCS with primary antibodies for 30 min on ice, protected from the light, with shaking every 10 min. Basal IFE and upper hair follicle  cells were stained using PE-conjugated anti-a6-integrin (clone GoH3; 1:200, ebioscience) and bulge cells were stained with biotinylated CD34 (clone RAM34; 1:50, BD Biosciences). Primary antibodies were washed with PBS 2% cFCS and cells incubated for 30 min in APC-conjugated streptavidin (BD Biosciences), on ice, with shaking every 10 min. Secondary antibody was washed with PBS 2% FCS and cells were incubated in Hoechst solution (1:4000 in PBS 2%cFCS) prior FACS analysis. Living epidermal cells were gated by forward scatter, side scatter and negative staining for Hoechst dye. Cells from the bulge were excluded from the sort using EGFP negative and CD34 negative gating and basal cells of the interfollicular epidermis were enriched using α6 integrin positive gating. Analysis were performed on a FACS Fortessa (BD Bioscience) and using FACS Diva software. Cell sorting was performed using a BD Influx at KULeuven Core facility (Leuven, Belgium) (P7 and P60) or a FACS Aria I at the ULB Flow Cytometry platform (Brussels, Belgium) (P30). After sorting, 6000 cells were loaded onto each channel of the Chromium Single Cell 3’ microfluidic chips (V2-chemistry, PN-120232, 10X Genomics) and individually barcoded with a 10X Chromium controller according to the manufacturer’s recommendations (10X Genomics). RNA from the barcoded cells was reverse transcribed, followed by amplification, shearing 5′ adaptor and sample index attachment. The libraries were prepared using the Chromium Single Cell 3’ Library Kit (V2-chemistry, PN-120233, 10X Genomics), quantified using a low coverage Illumina NextSeq 550 run and sequenced on an Illumina NovaSeq generating 343M, 245M and 336M reads for the P7, P30 and P60 libraries respectively. 10.338, 948 and 10.920  cells were detected, with a mean number of 33.179, 245.972 and 30.857 reads per cell, detecting a median of 2.290, 5.050 and 2.309 of genes per cell.",32259486
SAID054,GSE146122,GSM4378541,Mouse,916,Healthy,P30,Both,tail epidermis,Bulge Hair-Follicle Stem Cell|Ccl27a+ Pre-granular Suprabasal Keratinocyte|Dcn+ Pi16+ Fibroblast|Hair Follicle Progenitor|Krt1+ Krt10+ Spinous Suprabasal Keratinocyte|Krt25/28+ Dlx3+ Lef1+ Inner Root Sheath Cell|Krt5+ Krt14+ Basal Keratinocyte|Melanocyte|Proliferating Cell|Sebaceous Gland Cell|Sensory Neuron|Sprr1a+ Krt17+ Prolif Suprabasal Keratinocyte,Bulge Hair-Follicle Stem Cell|Fibroblast|Hair Follicle Progenitor|Inner Root Sheath Cell|Keratinocyte|Melanocyte|Proliferating Cell|Sebaceous Gland Cell|Sensory Neuron,"Single Cell RNA-sequencing of murine tail interfollicular epidermis basal cells at postnatal days 7, 30 and in adult","The purpose of this study was to define, at the single cell level, the transcriptionnal profile of murine tail epidermal basal cells during potsnatal growth and to compare with adult homeostatic basal cells.  The analysis was performed on Lgr5DTR-EGFP mice (Tian et al., 2011)(knockin mice containing an Enhanced Green Fluorescent Protein (EGFP) under the control of the Lgr5 regulatory region), allowing to identify and exclude Lgr5-expressing cells of the bulge and basal cells of the interfollicular epidermis were enriched using EGFP negative, CD34 negative, alpha6 integrin positive gating. Our single-cell RNA sequencing revealed that epidermal basal cells at P7 form a more uniform population compared to adult basal cells and that heterogeneity starts to appear around P30.","Mouse tail epidermis was collected on mice at postnatal day 7, 30 and 60. (3 samples)  The dermis and epidermis were removed from the tail bone of untreated Lgr5DTR-EGFP mice (Tian et al., Nature, 2011)(knockin mice containing an Enhanced Green Fluorescent Protein (EGFP) under the control of the Lgr5 regulatory region) using forceps. The samples were incubated in HBSS (Gibco) 0,25% trypsin  (Gibco) at 4°C overnight. The next day, the epidermis was separated from the dermis. Epidermis was then incubated on a rocking plate (100 rpm) at room temperature for 5 min. BCs were mechanically separated from the epidermis by flushing 10 times under the epidermis. Tissues were then cut in small pieces with a scalpel and trypsin was neutralized by adding DMEM medium (Gibco) supplemented with 2% Chelex Fetal Calf Serum (cFCS). Samples were filtrated on 70 and 40µm filter (Falcon). Cells were incubated in PBS 2% cFCS with primary antibodies for 30 min on ice, protected from the light, with shaking every 10 min. Basal IFE and upper hair follicle  cells were stained using PE-conjugated anti-a6-integrin (clone GoH3; 1:200, ebioscience) and bulge cells were stained with biotinylated CD34 (clone RAM34; 1:50, BD Biosciences). Primary antibodies were washed with PBS 2% cFCS and cells incubated for 30 min in APC-conjugated streptavidin (BD Biosciences), on ice, with shaking every 10 min. Secondary antibody was washed with PBS 2% FCS and cells were incubated in Hoechst solution (1:4000 in PBS 2%cFCS) prior FACS analysis. Living epidermal cells were gated by forward scatter, side scatter and negative staining for Hoechst dye. Cells from the bulge were excluded from the sort using EGFP negative and CD34 negative gating and basal cells of the interfollicular epidermis were enriched using α6 integrin positive gating. Analysis were performed on a FACS Fortessa (BD Bioscience) and using FACS Diva software. Cell sorting was performed using a BD Influx at KULeuven Core facility (Leuven, Belgium) (P7 and P60) or a FACS Aria I at the ULB Flow Cytometry platform (Brussels, Belgium) (P30). After sorting, 6000 cells were loaded onto each channel of the Chromium Single Cell 3’ microfluidic chips (V2-chemistry, PN-120232, 10X Genomics) and individually barcoded with a 10X Chromium controller according to the manufacturer’s recommendations (10X Genomics). RNA from the barcoded cells was reverse transcribed, followed by amplification, shearing 5′ adaptor and sample index attachment. The libraries were prepared using the Chromium Single Cell 3’ Library Kit (V2-chemistry, PN-120233, 10X Genomics), quantified using a low coverage Illumina NextSeq 550 run and sequenced on an Illumina NovaSeq generating 343M, 245M and 336M reads for the P7, P30 and P60 libraries respectively. 10.338, 948 and 10.920  cells were detected, with a mean number of 33.179, 245.972 and 30.857 reads per cell, detecting a median of 2.290, 5.050 and 2.309 of genes per cell.",32259486
SAID055,GSE146122,GSM4378542,Mouse,10471,Healthy,P60,Both,tail epidermis,Bulge Hair-Follicle Stem Cell|Ccl27a+ Pre-granular Suprabasal Keratinocyte|Dcn+ Pi16+ Fibroblast|Hair Follicle Progenitor|Krt1+ Krt10+ Spinous Suprabasal Keratinocyte|Krt5+ Krt14+ Basal Keratinocyte|Langerhans Cell|Melanocyte|Proliferating Cell|Sebaceous Gland Cell|Sensory Neuron|Sprr1a+ Krt16+ Granular Suprabasal Keratinocyte|Sprr1a+ Krt17+ Prolif Suprabasal Keratinocyte,Bulge Hair-Follicle Stem Cell|Fibroblast|Hair Follicle Progenitor|Immune|Keratinocyte|Melanocyte|Proliferating Cell|Sebaceous Gland Cell|Sensory Neuron,"Single Cell RNA-sequencing of murine tail interfollicular epidermis basal cells at postnatal days 7, 30 and in adult","The purpose of this study was to define, at the single cell level, the transcriptionnal profile of murine tail epidermal basal cells during potsnatal growth and to compare with adult homeostatic basal cells.  The analysis was performed on Lgr5DTR-EGFP mice (Tian et al., 2011)(knockin mice containing an Enhanced Green Fluorescent Protein (EGFP) under the control of the Lgr5 regulatory region), allowing to identify and exclude Lgr5-expressing cells of the bulge and basal cells of the interfollicular epidermis were enriched using EGFP negative, CD34 negative, alpha6 integrin positive gating. Our single-cell RNA sequencing revealed that epidermal basal cells at P7 form a more uniform population compared to adult basal cells and that heterogeneity starts to appear around P30.","Mouse tail epidermis was collected on mice at postnatal day 7, 30 and 60. (3 samples)  The dermis and epidermis were removed from the tail bone of untreated Lgr5DTR-EGFP mice (Tian et al., Nature, 2011)(knockin mice containing an Enhanced Green Fluorescent Protein (EGFP) under the control of the Lgr5 regulatory region) using forceps. The samples were incubated in HBSS (Gibco) 0,25% trypsin  (Gibco) at 4°C overnight. The next day, the epidermis was separated from the dermis. Epidermis was then incubated on a rocking plate (100 rpm) at room temperature for 5 min. BCs were mechanically separated from the epidermis by flushing 10 times under the epidermis. Tissues were then cut in small pieces with a scalpel and trypsin was neutralized by adding DMEM medium (Gibco) supplemented with 2% Chelex Fetal Calf Serum (cFCS). Samples were filtrated on 70 and 40µm filter (Falcon). Cells were incubated in PBS 2% cFCS with primary antibodies for 30 min on ice, protected from the light, with shaking every 10 min. Basal IFE and upper hair follicle  cells were stained using PE-conjugated anti-a6-integrin (clone GoH3; 1:200, ebioscience) and bulge cells were stained with biotinylated CD34 (clone RAM34; 1:50, BD Biosciences). Primary antibodies were washed with PBS 2% cFCS and cells incubated for 30 min in APC-conjugated streptavidin (BD Biosciences), on ice, with shaking every 10 min. Secondary antibody was washed with PBS 2% FCS and cells were incubated in Hoechst solution (1:4000 in PBS 2%cFCS) prior FACS analysis. Living epidermal cells were gated by forward scatter, side scatter and negative staining for Hoechst dye. Cells from the bulge were excluded from the sort using EGFP negative and CD34 negative gating and basal cells of the interfollicular epidermis were enriched using α6 integrin positive gating. Analysis were performed on a FACS Fortessa (BD Bioscience) and using FACS Diva software. Cell sorting was performed using a BD Influx at KULeuven Core facility (Leuven, Belgium) (P7 and P60) or a FACS Aria I at the ULB Flow Cytometry platform (Brussels, Belgium) (P30). After sorting, 6000 cells were loaded onto each channel of the Chromium Single Cell 3’ microfluidic chips (V2-chemistry, PN-120232, 10X Genomics) and individually barcoded with a 10X Chromium controller according to the manufacturer’s recommendations (10X Genomics). RNA from the barcoded cells was reverse transcribed, followed by amplification, shearing 5′ adaptor and sample index attachment. The libraries were prepared using the Chromium Single Cell 3’ Library Kit (V2-chemistry, PN-120233, 10X Genomics), quantified using a low coverage Illumina NextSeq 550 run and sequenced on an Illumina NovaSeq generating 343M, 245M and 336M reads for the P7, P30 and P60 libraries respectively. 10.338, 948 and 10.920  cells were detected, with a mean number of 33.179, 245.972 and 30.857 reads per cell, detecting a median of 2.290, 5.050 and 2.309 of genes per cell.",32259486
SAID056,GSE122043,GSM3453536,Mouse,6402,Healthy,E13.5,Both,dorsal skin,Adgre1+ Itgam+ Dermal Inf Macrophage|B Cell|Basophil|Bulge Hair-Follicle Stem Cell|Crabp1+ Hmga2+ Prrx1+ Wound-Activated Fibroblast|Ctss+ Lyz2+ Macrophage|Dcn+ Fstl1+ Col1a2+ Dermal Fibroblast|Dcn+ Lum+ Dermal Fibroblast|Dcn+ Pi16+ Fibroblast|Erythrocyte|Fbn2+ Mfap2+ Papillary Dermal Fibroblast|Hair Follicle Progenitor|Krt1+ Krt10+ Spinous Suprabasal Keratinocyte|Krt25/28+ Dlx3+ Lef1+ Inner Root Sheath Cell|Krt5+ Krt14+ Basal Keratinocyte|Krt6a+ Krt14+ Metabolically Active Basal Keratinocyte|Lst1+ Fcer1g+ Monocyte|Lymphatic Endothelial Cell|Mast Cell|Melanocyte|Schwann cells|Skap1+ Itk+ T Cell|Skeletal Muscle Progenitor|Vascular Endothelial Cell|Vascular Smooth Muscle Cell,Bulge Hair-Follicle Stem Cell|Erythrocyte|Fibroblast|Hair Follicle Progenitor|Immune|Inner Root Sheath Cell|Keratinocyte|Lymphatic Endothelial Cell|Melanocyte|Schwann cells|Skeletal Muscle Progenitor|Vascular Endothelial Cell|Vascular Smooth Muscle Cell,Single-cell analysis RNA sequencing of whole mouse skin at embryonic day 13.5 and 14.5,"A major challenge in delineating molecular and cellular events that precede appendage morphogenesis stems from the inability to distinguish quantitative molecular differences between cells that lack histological distinction. The hair follicle (HF) dermal condensate (DC) is a cluster of cells critical for HF development and regeneration. Events that presage emergence of this distinctive population are poorly understood. Using unbiased single-cell RNA sequencing and in vivo methods, we infer a sequence of transcriptional states through which DC cells pass that begins prior to HF morphogenesis. Our data indicate that Wnt/b-catenin signaling is required to progress into an intermediate stage that precedes quiescence and differentiation. Further, we provide evidence that quiescent DC cells are recent selective progeny of proliferating cells present prior to morphogenesis and that are identified in the peri-DC zone during DC expansion. Together, these findings provide an inferred path of molecular states that lead to DC cell differentiation.","6 embryo samples total, 3 collected at E13.5 and 3 collected at E14.5. Embryonic dorsolateral/flank skin was micro-dissected and pooled (3-4 embryos per sample) and dissociated into a single-cell suspension using 0.25% trypsin (Gibco, Life Technologies) for 30 minutes at 37° C. Single-cell suspensions were then stained with DAPI (Fisher Scientific, NBP2-31156) just prior to fluorescence-activated cell sorting. DAPI-excluded live skin cells were sorted on a BD Facs Aria II (Biosciences) sorter with a 100 µm nozzle. Cells were sorted in bulk for 10X Genomics platform. Chromium Single cell 3’ Library and Gel Bead Kit v2 Chromium Single Cell 3′ Library & Gel Bead Kit v2 (PN- 120237), Chromium Single Cell 3′ Chip kit v2 (PN-120236) and Chromium i7 Multiplex Kit (PN-120262) were used according to the manufacturer’s instructions in the Chromium Single Cell 3′ Reagents Kits V2 User Guide. After cDNA libraries were created, they were subjected to HiSeq 2500 (Illumina) sequencing.",30595533
SAID057,GSE122043,GSM3453538,Mouse,6392,Healthy,E13.5,Both,dorsal skin,Adgre1+ Itgam+ Dermal Inf Macrophage|B Cell|Basophil|Crabp1+ Hmga2+ Prrx1+ Wound-Activated Fibroblast|Ctss+ Lyz2+ Macrophage|Dcn+ Fstl1+ Col1a2+ Dermal Fibroblast|Dcn+ Lum+ Dermal Fibroblast|Dcn+ Pi16+ Fibroblast|Erythrocyte|Fbn2+ Mfap2+ Papillary Dermal Fibroblast|Hair Follicle Progenitor|Krt1+ Krt10+ Spinous Suprabasal Keratinocyte|Krt25/28+ Dlx3+ Lef1+ Inner Root Sheath Cell|Krt5+ Krt14+ Basal Keratinocyte|Krt6a+ Krt14+ Metabolically Active Basal Keratinocyte|Langerhans Cell|Lst1+ Fcer1g+ Monocyte|Lymphatic Endothelial Cell|Mast Cell|Melanocyte|Prrx1+ Ebf1+ Fibroblast Progenitor|Schwann cells|Skap1+ Itk+ T Cell|Skeletal Muscle Cell|Skeletal Muscle Progenitor|Sprr1a+ Krt17+ Prolif Suprabasal Keratinocyte|Vascular Endothelial Cell|Vascular Smooth Muscle Cell|cDC2 Dendritic Cell,Erythrocyte|Fibroblast|Hair Follicle Progenitor|Immune|Inner Root Sheath Cell|Keratinocyte|Lymphatic Endothelial Cell|Melanocyte|Schwann cells|Skeletal Muscle Cell|Skeletal Muscle Progenitor|Vascular Endothelial Cell|Vascular Smooth Muscle Cell,Single-cell analysis RNA sequencing of whole mouse skin at embryonic day 13.5 and 14.5,"A major challenge in delineating molecular and cellular events that precede appendage morphogenesis stems from the inability to distinguish quantitative molecular differences between cells that lack histological distinction. The hair follicle (HF) dermal condensate (DC) is a cluster of cells critical for HF development and regeneration. Events that presage emergence of this distinctive population are poorly understood. Using unbiased single-cell RNA sequencing and in vivo methods, we infer a sequence of transcriptional states through which DC cells pass that begins prior to HF morphogenesis. Our data indicate that Wnt/b-catenin signaling is required to progress into an intermediate stage that precedes quiescence and differentiation. Further, we provide evidence that quiescent DC cells are recent selective progeny of proliferating cells present prior to morphogenesis and that are identified in the peri-DC zone during DC expansion. Together, these findings provide an inferred path of molecular states that lead to DC cell differentiation.","6 embryo samples total, 3 collected at E13.5 and 3 collected at E14.5. Embryonic dorsolateral/flank skin was micro-dissected and pooled (3-4 embryos per sample) and dissociated into a single-cell suspension using 0.25% trypsin (Gibco, Life Technologies) for 30 minutes at 37° C. Single-cell suspensions were then stained with DAPI (Fisher Scientific, NBP2-31156) just prior to fluorescence-activated cell sorting. DAPI-excluded live skin cells were sorted on a BD Facs Aria II (Biosciences) sorter with a 100 µm nozzle. Cells were sorted in bulk for 10X Genomics platform. Chromium Single cell 3’ Library and Gel Bead Kit v2 Chromium Single Cell 3′ Library & Gel Bead Kit v2 (PN- 120237), Chromium Single Cell 3′ Chip kit v2 (PN-120236) and Chromium i7 Multiplex Kit (PN-120262) were used according to the manufacturer’s instructions in the Chromium Single Cell 3′ Reagents Kits V2 User Guide. After cDNA libraries were created, they were subjected to HiSeq 2500 (Illumina) sequencing.",30595533
SAID058,GSE261766,GSM8150922,Mouse,1951,Squamous cell carcinoma,Not mentioned,Both,epidermis,Bulge Hair-Follicle Stem Cell|Ccl27a+ Pre-granular Suprabasal Keratinocyte|Ctss+ Lyz2+ Macrophage|Dcn+ Fstl1+ Col1a2+ Dermal Fibroblast|Dcn+ Pi16+ Fibroblast|Erythrocyte|Hair Follicle Progenitor|Krt1+ Krt10+ Spinous Suprabasal Keratinocyte|Krt17+ Krt6a+ Migratory Keratinocyte|Krt5+ Krt14+ Basal Keratinocyte|Krt6a+ Krt14+ Metabolically Active Basal Keratinocyte|Langerhans Cell|S100a9+ S100a8+ Neutrophil|Sebaceous Gland Cell|Sprr1a+ Krt17+ Prolif Suprabasal Keratinocyte|Vascular Endothelial Cell,Bulge Hair-Follicle Stem Cell|Erythrocyte|Fibroblast|Hair Follicle Progenitor|Immune|Keratinocyte|Sebaceous Gland Cell|Vascular Endothelial Cell,Stem-cell states converge in multi-stage cutaneous squamous cell carcinoma development [scRNA-seq],"Stem cells play a critical role in cancer development by contributing to cell heterogeneity, lineage plasticity, and drug resistance. We created gene expression networks from hundreds of mouse normal and tumor samples, and integrated these with lineage tracing and single-cell RNA-seq, to identify convergence of cell states in pre-malignant tumor cells expressing markers of lineage plasticity and drug resistance. Two of these cell states representing multilineage plasticity or proliferation were inversely correlated, suggesting a mutually exclusive relationship. Treatment of carcinomas in vivo with chemotherapy repressed the proliferative state and activated multilineage plasticity, while inhibition of differentiation repressed plasticity and potentiated responses to cell-cycle inhibitors. Manipulation of this cell state transition point may provide a rich source of potential combinatorial targets for cancer therapy.  These scRNAseq data encompass normal skin, papilloma, and squamous cell cacinoma samples.","To investigate cell state identities of individual cells in mouse squamous cell carcinomas as they grow from normal skin, to papilloma, to carcinoma, and are then treated with cisplatin.  These cancers were initiated with DMBA and promoted with TPA.  Several samples were lineage traced using Lgr6-EGFP-CreERT2 mice carrying the Rosa26-LSL-Tomato reporter (Lgr6eGFPtdTomato) lineage tracing system to track Lgr6+ cells (GRF+) and their progeny (tomato).",
SAID059,GSE261766,GSM8150923,Mouse,5385,Squamous cell carcinoma,Not mentioned,Both,epidermis,Bulge Hair-Follicle Stem Cell|Ccl27a+ Pre-granular Suprabasal Keratinocyte|Crabp1+ Hmga2+ Prrx1+ Wound-Activated Fibroblast|Ctss+ Lyz2+ Macrophage|Dcn+ Fstl1+ Col1a2+ Dermal Fibroblast|Dcn+ Lum+ Dermal Fibroblast|Dcn+ Pi16+ Fibroblast|Hair Follicle Progenitor|Krt1+ Krt10+ Spinous Suprabasal Keratinocyte|Krt17+ Krt6a+ Migratory Keratinocyte|Krt25/28+ Dlx3+ Lef1+ Inner Root Sheath Cell|Krt5+ Krt14+ Basal Keratinocyte|Krt6a+ Krt14+ Metabolically Active Basal Keratinocyte|Langerhans Cell|Lymphatic Endothelial Cell|Melanocyte|S100a9+ S100a8+ Neutrophil|Schwann cells|Sebaceous Gland Cell|Skap1+ Itk+ T Cell|Skeletal Muscle Cell|Sprr1a+ Krt16+ Granular Suprabasal Keratinocyte|Sprr1a+ Krt17+ Prolif Suprabasal Keratinocyte|Vascular Endothelial Cell|Vascular Smooth Muscle Cell|cDC2 Dendritic Cell,Bulge Hair-Follicle Stem Cell|Fibroblast|Hair Follicle Progenitor|Immune|Inner Root Sheath Cell|Keratinocyte|Lymphatic Endothelial Cell|Melanocyte|Schwann cells|Sebaceous Gland Cell|Skeletal Muscle Cell|Vascular Endothelial Cell|Vascular Smooth Muscle Cell,Stem-cell states converge in multi-stage cutaneous squamous cell carcinoma development [scRNA-seq],"Stem cells play a critical role in cancer development by contributing to cell heterogeneity, lineage plasticity, and drug resistance. We created gene expression networks from hundreds of mouse normal and tumor samples, and integrated these with lineage tracing and single-cell RNA-seq, to identify convergence of cell states in pre-malignant tumor cells expressing markers of lineage plasticity and drug resistance. Two of these cell states representing multilineage plasticity or proliferation were inversely correlated, suggesting a mutually exclusive relationship. Treatment of carcinomas in vivo with chemotherapy repressed the proliferative state and activated multilineage plasticity, while inhibition of differentiation repressed plasticity and potentiated responses to cell-cycle inhibitors. Manipulation of this cell state transition point may provide a rich source of potential combinatorial targets for cancer therapy.  These scRNAseq data encompass normal skin, papilloma, and squamous cell cacinoma samples.","To investigate cell state identities of individual cells in mouse squamous cell carcinomas as they grow from normal skin, to papilloma, to carcinoma, and are then treated with cisplatin.  These cancers were initiated with DMBA and promoted with TPA.  Several samples were lineage traced using Lgr6-EGFP-CreERT2 mice carrying the Rosa26-LSL-Tomato reporter (Lgr6eGFPtdTomato) lineage tracing system to track Lgr6+ cells (GRF+) and their progeny (tomato).",
SAID060,GSE261766,GSM8150924,Mouse,2562,Squamous cell carcinoma,Not mentioned,Both,epidermis,B Cell|Basophil|Bulge Hair-Follicle Stem Cell|Ccl27a+ Pre-granular Suprabasal Keratinocyte|Ctss+ Lyz2+ Macrophage|Dcn+ Fstl1+ Col1a2+ Dermal Fibroblast|Dcn+ Pi16+ Fibroblast|Erythrocyte|Hair Follicle Progenitor|Krt1+ Krt10+ Spinous Suprabasal Keratinocyte|Krt17+ Krt6a+ Migratory Keratinocyte|Krt5+ Krt14+ Basal Keratinocyte|Krt6a+ Krt14+ Metabolically Active Basal Keratinocyte|Langerhans Cell|Lymphatic Endothelial Cell|Melanocyte|Prrx1+ Ebf1+ Fibroblast Progenitor|S100a9+ S100a8+ Neutrophil|Schwann cells|Skap1+ Itk+ T Cell|Skeletal Muscle Progenitor|Sprr1a+ Krt17+ Prolif Suprabasal Keratinocyte|Vascular Endothelial Cell|Vascular Smooth Muscle Cell|cDC1 Dendritic Cell|cDC2 Dendritic Cell,Bulge Hair-Follicle Stem Cell|Erythrocyte|Fibroblast|Hair Follicle Progenitor|Immune|Keratinocyte|Lymphatic Endothelial Cell|Melanocyte|Schwann cells|Skeletal Muscle Progenitor|Vascular Endothelial Cell|Vascular Smooth Muscle Cell,Stem-cell states converge in multi-stage cutaneous squamous cell carcinoma development [scRNA-seq],"Stem cells play a critical role in cancer development by contributing to cell heterogeneity, lineage plasticity, and drug resistance. We created gene expression networks from hundreds of mouse normal and tumor samples, and integrated these with lineage tracing and single-cell RNA-seq, to identify convergence of cell states in pre-malignant tumor cells expressing markers of lineage plasticity and drug resistance. Two of these cell states representing multilineage plasticity or proliferation were inversely correlated, suggesting a mutually exclusive relationship. Treatment of carcinomas in vivo with chemotherapy repressed the proliferative state and activated multilineage plasticity, while inhibition of differentiation repressed plasticity and potentiated responses to cell-cycle inhibitors. Manipulation of this cell state transition point may provide a rich source of potential combinatorial targets for cancer therapy.  These scRNAseq data encompass normal skin, papilloma, and squamous cell cacinoma samples.","To investigate cell state identities of individual cells in mouse squamous cell carcinomas as they grow from normal skin, to papilloma, to carcinoma, and are then treated with cisplatin.  These cancers were initiated with DMBA and promoted with TPA.  Several samples were lineage traced using Lgr6-EGFP-CreERT2 mice carrying the Rosa26-LSL-Tomato reporter (Lgr6eGFPtdTomato) lineage tracing system to track Lgr6+ cells (GRF+) and their progeny (tomato).",
SAID061,GSE261766,GSM8150925,Mouse,1924,Papilloma,Not mentioned,Both,epidermis,Bulge Hair-Follicle Stem Cell|Ccl27a+ Pre-granular Suprabasal Keratinocyte|Ctss+ Lyz2+ Macrophage|Dcn+ Pi16+ Fibroblast|Gamma-delta T Cell|Hair Follicle Progenitor|Krt1+ Krt10+ Spinous Suprabasal Keratinocyte|Krt25/28+ Dlx3+ Lef1+ Inner Root Sheath Cell|Krt5+ Krt14+ Basal Keratinocyte|Krt6a+ Krt14+ Metabolically Active Basal Keratinocyte|Langerhans Cell|Melanocyte|Proliferating Cell|Prrx1+ Ebf1+ Fibroblast Progenitor|S100a9+ S100a8+ Neutrophil|Schwann cells|Sebaceous Gland Cell|Skap1+ Itk+ T Cell|Sprr1a+ Krt17+ Prolif Suprabasal Keratinocyte|Vascular Endothelial Cell|Vascular Smooth Muscle Cell|cDC1 Dendritic Cell|cDC2 Dendritic Cell,Bulge Hair-Follicle Stem Cell|Fibroblast|Hair Follicle Progenitor|Immune|Inner Root Sheath Cell|Keratinocyte|Melanocyte|Proliferating Cell|Schwann cells|Sebaceous Gland Cell|Vascular Endothelial Cell|Vascular Smooth Muscle Cell,Stem-cell states converge in multi-stage cutaneous squamous cell carcinoma development [scRNA-seq],"Stem cells play a critical role in cancer development by contributing to cell heterogeneity, lineage plasticity, and drug resistance. We created gene expression networks from hundreds of mouse normal and tumor samples, and integrated these with lineage tracing and single-cell RNA-seq, to identify convergence of cell states in pre-malignant tumor cells expressing markers of lineage plasticity and drug resistance. Two of these cell states representing multilineage plasticity or proliferation were inversely correlated, suggesting a mutually exclusive relationship. Treatment of carcinomas in vivo with chemotherapy repressed the proliferative state and activated multilineage plasticity, while inhibition of differentiation repressed plasticity and potentiated responses to cell-cycle inhibitors. Manipulation of this cell state transition point may provide a rich source of potential combinatorial targets for cancer therapy.  These scRNAseq data encompass normal skin, papilloma, and squamous cell cacinoma samples.","To investigate cell state identities of individual cells in mouse squamous cell carcinomas as they grow from normal skin, to papilloma, to carcinoma, and are then treated with cisplatin.  These cancers were initiated with DMBA and promoted with TPA.  Several samples were lineage traced using Lgr6-EGFP-CreERT2 mice carrying the Rosa26-LSL-Tomato reporter (Lgr6eGFPtdTomato) lineage tracing system to track Lgr6+ cells (GRF+) and their progeny (tomato).",
SAID062,GSE261766,GSM8150926,Mouse,8125,Papilloma,Not mentioned,Both,epidermis,Basophil|Bulge Hair-Follicle Stem Cell|Ccl27a+ Pre-granular Suprabasal Keratinocyte|Crabp1+ Hmga2+ Prrx1+ Wound-Activated Fibroblast|Ctss+ Lyz2+ Macrophage|Dcn+ Fstl1+ Col1a2+ Dermal Fibroblast|Dcn+ Pi16+ Fibroblast|Gamma-delta T Cell|Hair Follicle Progenitor|Krt1+ Krt10+ Spinous Suprabasal Keratinocyte|Krt17+ Krt6a+ Migratory Keratinocyte|Krt25/28+ Dlx3+ Lef1+ Inner Root Sheath Cell|Krt5+ Krt14+ Basal Keratinocyte|Krt6a+ Krt14+ Metabolically Active Basal Keratinocyte|Langerhans Cell|Lymphatic Endothelial Cell|Melanocyte|Proliferating Cell|S100a9+ S100a8+ Neutrophil|Schwann cells|Sebaceous Gland Cell|Skap1+ Itk+ T Cell|Sprr1a+ Krt17+ Prolif Suprabasal Keratinocyte|Vascular Endothelial Cell|Vascular Smooth Muscle Cell|cDC2 Dendritic Cell,Bulge Hair-Follicle Stem Cell|Fibroblast|Hair Follicle Progenitor|Immune|Inner Root Sheath Cell|Keratinocyte|Lymphatic Endothelial Cell|Melanocyte|Proliferating Cell|Schwann cells|Sebaceous Gland Cell|Vascular Endothelial Cell|Vascular Smooth Muscle Cell,Stem-cell states converge in multi-stage cutaneous squamous cell carcinoma development [scRNA-seq],"Stem cells play a critical role in cancer development by contributing to cell heterogeneity, lineage plasticity, and drug resistance. We created gene expression networks from hundreds of mouse normal and tumor samples, and integrated these with lineage tracing and single-cell RNA-seq, to identify convergence of cell states in pre-malignant tumor cells expressing markers of lineage plasticity and drug resistance. Two of these cell states representing multilineage plasticity or proliferation were inversely correlated, suggesting a mutually exclusive relationship. Treatment of carcinomas in vivo with chemotherapy repressed the proliferative state and activated multilineage plasticity, while inhibition of differentiation repressed plasticity and potentiated responses to cell-cycle inhibitors. Manipulation of this cell state transition point may provide a rich source of potential combinatorial targets for cancer therapy.  These scRNAseq data encompass normal skin, papilloma, and squamous cell cacinoma samples.","To investigate cell state identities of individual cells in mouse squamous cell carcinomas as they grow from normal skin, to papilloma, to carcinoma, and are then treated with cisplatin.  These cancers were initiated with DMBA and promoted with TPA.  Several samples were lineage traced using Lgr6-EGFP-CreERT2 mice carrying the Rosa26-LSL-Tomato reporter (Lgr6eGFPtdTomato) lineage tracing system to track Lgr6+ cells (GRF+) and their progeny (tomato).",
SAID063,GSE261766,GSM8150927,Mouse,7070,Papilloma,Not mentioned,Both,epidermis,B Cell|Basophil|Bulge Hair-Follicle Stem Cell|Ccl27a+ Pre-granular Suprabasal Keratinocyte|Crabp1+ Hmga2+ Prrx1+ Wound-Activated Fibroblast|Ctss+ Lyz2+ Macrophage|Dcn+ Fstl1+ Col1a2+ Dermal Fibroblast|Dcn+ Lum+ Dermal Fibroblast|Dcn+ Pi16+ Fibroblast|Fbn2+ Mfap2+ Papillary Dermal Fibroblast|Gamma-delta T Cell|Hair Follicle Progenitor|Krt1+ Krt10+ Spinous Suprabasal Keratinocyte|Krt5+ Krt14+ Basal Keratinocyte|Krt6a+ Krt14+ Metabolically Active Basal Keratinocyte|Langerhans Cell|Lymphatic Endothelial Cell|Melanocyte|Proliferating Cell|Prrx1+ Ebf1+ Fibroblast Progenitor|S100a9+ S100a8+ Neutrophil|Schwann cells|Sebaceous Gland Cell|Skap1+ Itk+ T Cell|Sprr1a+ Krt16+ Granular Suprabasal Keratinocyte|Sprr1a+ Krt17+ Prolif Suprabasal Keratinocyte|Vascular Endothelial Cell|Vascular Smooth Muscle Cell|cDC1 Dendritic Cell|cDC2 Dendritic Cell,Bulge Hair-Follicle Stem Cell|Fibroblast|Hair Follicle Progenitor|Immune|Keratinocyte|Lymphatic Endothelial Cell|Melanocyte|Proliferating Cell|Schwann cells|Sebaceous Gland Cell|Vascular Endothelial Cell|Vascular Smooth Muscle Cell,Stem-cell states converge in multi-stage cutaneous squamous cell carcinoma development [scRNA-seq],"Stem cells play a critical role in cancer development by contributing to cell heterogeneity, lineage plasticity, and drug resistance. We created gene expression networks from hundreds of mouse normal and tumor samples, and integrated these with lineage tracing and single-cell RNA-seq, to identify convergence of cell states in pre-malignant tumor cells expressing markers of lineage plasticity and drug resistance. Two of these cell states representing multilineage plasticity or proliferation were inversely correlated, suggesting a mutually exclusive relationship. Treatment of carcinomas in vivo with chemotherapy repressed the proliferative state and activated multilineage plasticity, while inhibition of differentiation repressed plasticity and potentiated responses to cell-cycle inhibitors. Manipulation of this cell state transition point may provide a rich source of potential combinatorial targets for cancer therapy.  These scRNAseq data encompass normal skin, papilloma, and squamous cell cacinoma samples.","To investigate cell state identities of individual cells in mouse squamous cell carcinomas as they grow from normal skin, to papilloma, to carcinoma, and are then treated with cisplatin.  These cancers were initiated with DMBA and promoted with TPA.  Several samples were lineage traced using Lgr6-EGFP-CreERT2 mice carrying the Rosa26-LSL-Tomato reporter (Lgr6eGFPtdTomato) lineage tracing system to track Lgr6+ cells (GRF+) and their progeny (tomato).",
SAID064,GSE261766,GSM8150928,Mouse,10396,Healthy,Not mentioned,Both,epidermis,Bulge Hair-Follicle Stem Cell|Ccl27a+ Pre-granular Suprabasal Keratinocyte|Crabp1+ Hmga2+ Prrx1+ Wound-Activated Fibroblast|Ctss+ Lyz2+ Macrophage|Dcn+ Pi16+ Fibroblast|Gamma-delta T Cell|Hair Follicle Progenitor|Krt1+ Krt10+ Spinous Suprabasal Keratinocyte|Krt5+ Krt14+ Basal Keratinocyte|Krt6a+ Krt14+ Metabolically Active Basal Keratinocyte|Langerhans Cell|Lymphatic Endothelial Cell|Melanocyte|Proliferating Cell|Prrx1+ Ebf1+ Fibroblast Progenitor|Sebaceous Gland Cell|Sensory Neuron|Skap1+ Itk+ T Cell|Sprr1a+ Krt16+ Granular Suprabasal Keratinocyte|Sprr1a+ Krt17+ Prolif Suprabasal Keratinocyte|Vascular Endothelial Cell|cDC2 Dendritic Cell,Bulge Hair-Follicle Stem Cell|Fibroblast|Hair Follicle Progenitor|Immune|Keratinocyte|Lymphatic Endothelial Cell|Melanocyte|Proliferating Cell|Sebaceous Gland Cell|Sensory Neuron|Vascular Endothelial Cell,Stem-cell states converge in multi-stage cutaneous squamous cell carcinoma development [scRNA-seq],"Stem cells play a critical role in cancer development by contributing to cell heterogeneity, lineage plasticity, and drug resistance. We created gene expression networks from hundreds of mouse normal and tumor samples, and integrated these with lineage tracing and single-cell RNA-seq, to identify convergence of cell states in pre-malignant tumor cells expressing markers of lineage plasticity and drug resistance. Two of these cell states representing multilineage plasticity or proliferation were inversely correlated, suggesting a mutually exclusive relationship. Treatment of carcinomas in vivo with chemotherapy repressed the proliferative state and activated multilineage plasticity, while inhibition of differentiation repressed plasticity and potentiated responses to cell-cycle inhibitors. Manipulation of this cell state transition point may provide a rich source of potential combinatorial targets for cancer therapy.  These scRNAseq data encompass normal skin, papilloma, and squamous cell cacinoma samples.","To investigate cell state identities of individual cells in mouse squamous cell carcinomas as they grow from normal skin, to papilloma, to carcinoma, and are then treated with cisplatin.  These cancers were initiated with DMBA and promoted with TPA.  Several samples were lineage traced using Lgr6-EGFP-CreERT2 mice carrying the Rosa26-LSL-Tomato reporter (Lgr6eGFPtdTomato) lineage tracing system to track Lgr6+ cells (GRF+) and their progeny (tomato).",
SAID065,GSE261766,GSM8150929,Mouse,10139,Healthy,Not mentioned,Both,epidermis,Bulge Hair-Follicle Stem Cell|Ccl27a+ Pre-granular Suprabasal Keratinocyte|Ctss+ Lyz2+ Macrophage|Dcn+ Lum+ Dermal Fibroblast|Dcn+ Pi16+ Fibroblast|Gamma-delta T Cell|Hair Follicle Progenitor|Krt1+ Krt10+ Spinous Suprabasal Keratinocyte|Krt5+ Krt14+ Basal Keratinocyte|Krt6a+ Krt14+ Metabolically Active Basal Keratinocyte|Langerhans Cell|Lymphatic Endothelial Cell|Melanocyte|Proliferating Cell|Prrx1+ Ebf1+ Fibroblast Progenitor|Sebaceous Gland Cell|Sensory Neuron|Skap1+ Itk+ T Cell|Sprr1a+ Krt16+ Granular Suprabasal Keratinocyte|Sprr1a+ Krt17+ Prolif Suprabasal Keratinocyte|Vascular Endothelial Cell|cDC2 Dendritic Cell,Bulge Hair-Follicle Stem Cell|Fibroblast|Hair Follicle Progenitor|Immune|Keratinocyte|Lymphatic Endothelial Cell|Melanocyte|Proliferating Cell|Sebaceous Gland Cell|Sensory Neuron|Vascular Endothelial Cell,Stem-cell states converge in multi-stage cutaneous squamous cell carcinoma development [scRNA-seq],"Stem cells play a critical role in cancer development by contributing to cell heterogeneity, lineage plasticity, and drug resistance. We created gene expression networks from hundreds of mouse normal and tumor samples, and integrated these with lineage tracing and single-cell RNA-seq, to identify convergence of cell states in pre-malignant tumor cells expressing markers of lineage plasticity and drug resistance. Two of these cell states representing multilineage plasticity or proliferation were inversely correlated, suggesting a mutually exclusive relationship. Treatment of carcinomas in vivo with chemotherapy repressed the proliferative state and activated multilineage plasticity, while inhibition of differentiation repressed plasticity and potentiated responses to cell-cycle inhibitors. Manipulation of this cell state transition point may provide a rich source of potential combinatorial targets for cancer therapy.  These scRNAseq data encompass normal skin, papilloma, and squamous cell cacinoma samples.","To investigate cell state identities of individual cells in mouse squamous cell carcinomas as they grow from normal skin, to papilloma, to carcinoma, and are then treated with cisplatin.  These cancers were initiated with DMBA and promoted with TPA.  Several samples were lineage traced using Lgr6-EGFP-CreERT2 mice carrying the Rosa26-LSL-Tomato reporter (Lgr6eGFPtdTomato) lineage tracing system to track Lgr6+ cells (GRF+) and their progeny (tomato).",
SAID066,GSE261766,GSM8150930,Mouse,12061,Healthy,Not mentioned,Both,epidermis,B Cell|Bulge Hair-Follicle Stem Cell|Ccl27a+ Pre-granular Suprabasal Keratinocyte|Dcn+ Lum+ Dermal Fibroblast|Dcn+ Pi16+ Fibroblast|Gamma-delta T Cell|Hair Follicle Progenitor|Krt1+ Krt10+ Spinous Suprabasal Keratinocyte|Krt25/28+ Dlx3+ Lef1+ Inner Root Sheath Cell|Krt5+ Krt14+ Basal Keratinocyte|Krt6a+ Krt14+ Metabolically Active Basal Keratinocyte|Langerhans Cell|Lymphatic Endothelial Cell|Melanocyte|Proliferating Cell|Prrx1+ Ebf1+ Fibroblast Progenitor|Sebaceous Gland Cell|Sensory Neuron|Skap1+ Itk+ T Cell|Sprr1a+ Krt16+ Granular Suprabasal Keratinocyte|Sprr1a+ Krt17+ Prolif Suprabasal Keratinocyte|Vascular Endothelial Cell|cDC2 Dendritic Cell,Bulge Hair-Follicle Stem Cell|Fibroblast|Hair Follicle Progenitor|Immune|Inner Root Sheath Cell|Keratinocyte|Lymphatic Endothelial Cell|Melanocyte|Proliferating Cell|Sebaceous Gland Cell|Sensory Neuron|Vascular Endothelial Cell,Stem-cell states converge in multi-stage cutaneous squamous cell carcinoma development [scRNA-seq],"Stem cells play a critical role in cancer development by contributing to cell heterogeneity, lineage plasticity, and drug resistance. We created gene expression networks from hundreds of mouse normal and tumor samples, and integrated these with lineage tracing and single-cell RNA-seq, to identify convergence of cell states in pre-malignant tumor cells expressing markers of lineage plasticity and drug resistance. Two of these cell states representing multilineage plasticity or proliferation were inversely correlated, suggesting a mutually exclusive relationship. Treatment of carcinomas in vivo with chemotherapy repressed the proliferative state and activated multilineage plasticity, while inhibition of differentiation repressed plasticity and potentiated responses to cell-cycle inhibitors. Manipulation of this cell state transition point may provide a rich source of potential combinatorial targets for cancer therapy.  These scRNAseq data encompass normal skin, papilloma, and squamous cell cacinoma samples.","To investigate cell state identities of individual cells in mouse squamous cell carcinomas as they grow from normal skin, to papilloma, to carcinoma, and are then treated with cisplatin.  These cancers were initiated with DMBA and promoted with TPA.  Several samples were lineage traced using Lgr6-EGFP-CreERT2 mice carrying the Rosa26-LSL-Tomato reporter (Lgr6eGFPtdTomato) lineage tracing system to track Lgr6+ cells (GRF+) and their progeny (tomato).",
SAID067,GSE261766,GSM8150931,Mouse,2200,Healthy,Not mentioned,Both,epidermis,B Cell|Bulge Hair-Follicle Stem Cell|Ccl27a+ Pre-granular Suprabasal Keratinocyte|Dcn+ Pi16+ Fibroblast|Gamma-delta T Cell|Hair Follicle Progenitor|Krt1+ Krt10+ Spinous Suprabasal Keratinocyte|Krt5+ Krt14+ Basal Keratinocyte|Krt6a+ Krt14+ Metabolically Active Basal Keratinocyte|Langerhans Cell|Lymphatic Endothelial Cell|Melanocyte|Proliferating Cell|Prrx1+ Ebf1+ Fibroblast Progenitor|Sebaceous Gland Cell|Skap1+ Itk+ T Cell|Sprr1a+ Krt17+ Prolif Suprabasal Keratinocyte|cDC2 Dendritic Cell,Bulge Hair-Follicle Stem Cell|Fibroblast|Hair Follicle Progenitor|Immune|Keratinocyte|Lymphatic Endothelial Cell|Melanocyte|Proliferating Cell|Sebaceous Gland Cell,Stem-cell states converge in multi-stage cutaneous squamous cell carcinoma development [scRNA-seq],"Stem cells play a critical role in cancer development by contributing to cell heterogeneity, lineage plasticity, and drug resistance. We created gene expression networks from hundreds of mouse normal and tumor samples, and integrated these with lineage tracing and single-cell RNA-seq, to identify convergence of cell states in pre-malignant tumor cells expressing markers of lineage plasticity and drug resistance. Two of these cell states representing multilineage plasticity or proliferation were inversely correlated, suggesting a mutually exclusive relationship. Treatment of carcinomas in vivo with chemotherapy repressed the proliferative state and activated multilineage plasticity, while inhibition of differentiation repressed plasticity and potentiated responses to cell-cycle inhibitors. Manipulation of this cell state transition point may provide a rich source of potential combinatorial targets for cancer therapy.  These scRNAseq data encompass normal skin, papilloma, and squamous cell cacinoma samples.","To investigate cell state identities of individual cells in mouse squamous cell carcinomas as they grow from normal skin, to papilloma, to carcinoma, and are then treated with cisplatin.  These cancers were initiated with DMBA and promoted with TPA.  Several samples were lineage traced using Lgr6-EGFP-CreERT2 mice carrying the Rosa26-LSL-Tomato reporter (Lgr6eGFPtdTomato) lineage tracing system to track Lgr6+ cells (GRF+) and their progeny (tomato).",
SAID068,GSE261766,GSM8150932,Mouse,2814,Healthy,Not mentioned,Both,epidermis,B Cell|Bulge Hair-Follicle Stem Cell|Ccl27a+ Pre-granular Suprabasal Keratinocyte|Ctss+ Lyz2+ Macrophage|Dcn+ Pi16+ Fibroblast|Gamma-delta T Cell|Hair Follicle Progenitor|Krt1+ Krt10+ Spinous Suprabasal Keratinocyte|Krt25/28+ Dlx3+ Lef1+ Inner Root Sheath Cell|Krt5+ Krt14+ Basal Keratinocyte|Krt6a+ Krt14+ Metabolically Active Basal Keratinocyte|Langerhans Cell|Lymphatic Endothelial Cell|Melanocyte|Proliferating Cell|Prrx1+ Ebf1+ Fibroblast Progenitor|Sebaceous Gland Cell|Skap1+ Itk+ T Cell|Skeletal Muscle Progenitor|Sprr1a+ Krt17+ Prolif Suprabasal Keratinocyte|Vascular Endothelial Cell|cDC2 Dendritic Cell,Bulge Hair-Follicle Stem Cell|Fibroblast|Hair Follicle Progenitor|Immune|Inner Root Sheath Cell|Keratinocyte|Lymphatic Endothelial Cell|Melanocyte|Proliferating Cell|Sebaceous Gland Cell|Skeletal Muscle Progenitor|Vascular Endothelial Cell,Stem-cell states converge in multi-stage cutaneous squamous cell carcinoma development [scRNA-seq],"Stem cells play a critical role in cancer development by contributing to cell heterogeneity, lineage plasticity, and drug resistance. We created gene expression networks from hundreds of mouse normal and tumor samples, and integrated these with lineage tracing and single-cell RNA-seq, to identify convergence of cell states in pre-malignant tumor cells expressing markers of lineage plasticity and drug resistance. Two of these cell states representing multilineage plasticity or proliferation were inversely correlated, suggesting a mutually exclusive relationship. Treatment of carcinomas in vivo with chemotherapy repressed the proliferative state and activated multilineage plasticity, while inhibition of differentiation repressed plasticity and potentiated responses to cell-cycle inhibitors. Manipulation of this cell state transition point may provide a rich source of potential combinatorial targets for cancer therapy.  These scRNAseq data encompass normal skin, papilloma, and squamous cell cacinoma samples.","To investigate cell state identities of individual cells in mouse squamous cell carcinomas as they grow from normal skin, to papilloma, to carcinoma, and are then treated with cisplatin.  These cancers were initiated with DMBA and promoted with TPA.  Several samples were lineage traced using Lgr6-EGFP-CreERT2 mice carrying the Rosa26-LSL-Tomato reporter (Lgr6eGFPtdTomato) lineage tracing system to track Lgr6+ cells (GRF+) and their progeny (tomato).",
SAID069,GSE261766,GSM8150933,Mouse,2431,Healthy,Not mentioned,Both,epidermis,B Cell|Bulge Hair-Follicle Stem Cell|Ccl27a+ Pre-granular Suprabasal Keratinocyte|Gamma-delta T Cell|Hair Follicle Progenitor|Krt1+ Krt10+ Spinous Suprabasal Keratinocyte|Krt5+ Krt14+ Basal Keratinocyte|Langerhans Cell|Melanocyte|Proliferating Cell|Prrx1+ Ebf1+ Fibroblast Progenitor|Sebaceous Gland Cell|Sensory Neuron|Skap1+ Itk+ T Cell|Sprr1a+ Krt17+ Prolif Suprabasal Keratinocyte,Bulge Hair-Follicle Stem Cell|Fibroblast|Hair Follicle Progenitor|Immune|Keratinocyte|Melanocyte|Proliferating Cell|Sebaceous Gland Cell|Sensory Neuron,Stem-cell states converge in multi-stage cutaneous squamous cell carcinoma development [scRNA-seq],"Stem cells play a critical role in cancer development by contributing to cell heterogeneity, lineage plasticity, and drug resistance. We created gene expression networks from hundreds of mouse normal and tumor samples, and integrated these with lineage tracing and single-cell RNA-seq, to identify convergence of cell states in pre-malignant tumor cells expressing markers of lineage plasticity and drug resistance. Two of these cell states representing multilineage plasticity or proliferation were inversely correlated, suggesting a mutually exclusive relationship. Treatment of carcinomas in vivo with chemotherapy repressed the proliferative state and activated multilineage plasticity, while inhibition of differentiation repressed plasticity and potentiated responses to cell-cycle inhibitors. Manipulation of this cell state transition point may provide a rich source of potential combinatorial targets for cancer therapy.  These scRNAseq data encompass normal skin, papilloma, and squamous cell cacinoma samples.","To investigate cell state identities of individual cells in mouse squamous cell carcinomas as they grow from normal skin, to papilloma, to carcinoma, and are then treated with cisplatin.  These cancers were initiated with DMBA and promoted with TPA.  Several samples were lineage traced using Lgr6-EGFP-CreERT2 mice carrying the Rosa26-LSL-Tomato reporter (Lgr6eGFPtdTomato) lineage tracing system to track Lgr6+ cells (GRF+) and their progeny (tomato).",
SAID070,GSE261766,GSM8150934,Mouse,2171,Squamous cell carcinoma,Not mentioned,Both,epidermis,Adgre1+ Itgam+ Dermal Inf Macrophage|B Cell|Basophil|Bulge Hair-Follicle Stem Cell|Ccl27a+ Pre-granular Suprabasal Keratinocyte|Crabp1+ Hmga2+ Prrx1+ Wound-Activated Fibroblast|Ctss+ Lyz2+ Macrophage|Dcn+ Fstl1+ Col1a2+ Dermal Fibroblast|Dcn+ Lum+ Dermal Fibroblast|Dcn+ Pi16+ Fibroblast|Erythrocyte|Gamma-delta T Cell|Hair Follicle Progenitor|Krt1+ Krt10+ Spinous Suprabasal Keratinocyte|Krt17+ Krt6a+ Migratory Keratinocyte|Krt5+ Krt14+ Basal Keratinocyte|Krt6a+ Krt14+ Metabolically Active Basal Keratinocyte|Langerhans Cell|Melanocyte|Proliferating Cell|Prrx1+ Ebf1+ Fibroblast Progenitor|S100a9+ S100a8+ Neutrophil|Sebaceous Gland Cell|Sensory Neuron|Skap1+ Itk+ T Cell|Skeletal Muscle Cell|Sprr1a+ Krt17+ Prolif Suprabasal Keratinocyte|Vascular Endothelial Cell|cDC1 Dendritic Cell|cDC2 Dendritic Cell,Bulge Hair-Follicle Stem Cell|Erythrocyte|Fibroblast|Hair Follicle Progenitor|Immune|Keratinocyte|Melanocyte|Proliferating Cell|Sebaceous Gland Cell|Sensory Neuron|Skeletal Muscle Cell|Vascular Endothelial Cell,Stem-cell states converge in multi-stage cutaneous squamous cell carcinoma development [scRNA-seq],"Stem cells play a critical role in cancer development by contributing to cell heterogeneity, lineage plasticity, and drug resistance. We created gene expression networks from hundreds of mouse normal and tumor samples, and integrated these with lineage tracing and single-cell RNA-seq, to identify convergence of cell states in pre-malignant tumor cells expressing markers of lineage plasticity and drug resistance. Two of these cell states representing multilineage plasticity or proliferation were inversely correlated, suggesting a mutually exclusive relationship. Treatment of carcinomas in vivo with chemotherapy repressed the proliferative state and activated multilineage plasticity, while inhibition of differentiation repressed plasticity and potentiated responses to cell-cycle inhibitors. Manipulation of this cell state transition point may provide a rich source of potential combinatorial targets for cancer therapy.  These scRNAseq data encompass normal skin, papilloma, and squamous cell cacinoma samples.","To investigate cell state identities of individual cells in mouse squamous cell carcinomas as they grow from normal skin, to papilloma, to carcinoma, and are then treated with cisplatin.  These cancers were initiated with DMBA and promoted with TPA.  Several samples were lineage traced using Lgr6-EGFP-CreERT2 mice carrying the Rosa26-LSL-Tomato reporter (Lgr6eGFPtdTomato) lineage tracing system to track Lgr6+ cells (GRF+) and their progeny (tomato).",
SAID071,GSE261766,GSM8150935,Mouse,1796,Squamous cell carcinoma,Not mentioned,Both,epidermis,B Cell|Basophil|Ctss+ Lyz2+ Macrophage|Dcn+ Fstl1+ Col1a2+ Dermal Fibroblast|Dcn+ Pi16+ Fibroblast|Erythrocyte|Krt17+ Krt6a+ Migratory Keratinocyte|Krt6a+ Krt14+ Metabolically Active Basal Keratinocyte|Langerhans Cell|Lymphatic Endothelial Cell|Neutrophils (Erythroid marker mix)|S100a9+ S100a8+ Neutrophil|Schwann cells|Skap1+ Itk+ T Cell|Skeletal Muscle Progenitor|Sprr1a+ Krt17+ Prolif Suprabasal Keratinocyte|Vascular Endothelial Cell|Vascular Smooth Muscle Cell|cDC1 Dendritic Cell|cDC2 Dendritic Cell,Erythrocyte|Fibroblast|Immune|Keratinocyte|Lymphatic Endothelial Cell|Schwann cells|Skeletal Muscle Progenitor|Vascular Endothelial Cell|Vascular Smooth Muscle Cell,Stem-cell states converge in multi-stage cutaneous squamous cell carcinoma development [scRNA-seq],"Stem cells play a critical role in cancer development by contributing to cell heterogeneity, lineage plasticity, and drug resistance. We created gene expression networks from hundreds of mouse normal and tumor samples, and integrated these with lineage tracing and single-cell RNA-seq, to identify convergence of cell states in pre-malignant tumor cells expressing markers of lineage plasticity and drug resistance. Two of these cell states representing multilineage plasticity or proliferation were inversely correlated, suggesting a mutually exclusive relationship. Treatment of carcinomas in vivo with chemotherapy repressed the proliferative state and activated multilineage plasticity, while inhibition of differentiation repressed plasticity and potentiated responses to cell-cycle inhibitors. Manipulation of this cell state transition point may provide a rich source of potential combinatorial targets for cancer therapy.  These scRNAseq data encompass normal skin, papilloma, and squamous cell cacinoma samples.","To investigate cell state identities of individual cells in mouse squamous cell carcinomas as they grow from normal skin, to papilloma, to carcinoma, and are then treated with cisplatin.  These cancers were initiated with DMBA and promoted with TPA.  Several samples were lineage traced using Lgr6-EGFP-CreERT2 mice carrying the Rosa26-LSL-Tomato reporter (Lgr6eGFPtdTomato) lineage tracing system to track Lgr6+ cells (GRF+) and their progeny (tomato).",
SAID072,GSE261766,GSM8150936,Mouse,3826,Squamous cell carcinoma,Not mentioned,Both,epidermis,Adgre1+ Itgam+ Dermal Inf Macrophage|B Cell|Basophil|Bulge Hair-Follicle Stem Cell|Ccl27a+ Pre-granular Suprabasal Keratinocyte|Crabp1+ Hmga2+ Prrx1+ Wound-Activated Fibroblast|Ctss+ Lyz2+ Macrophage|Dcn+ Fstl1+ Col1a2+ Dermal Fibroblast|Dcn+ Lum+ Dermal Fibroblast|Dcn+ Pi16+ Fibroblast|Erythrocyte|Fbn2+ Mfap2+ Papillary Dermal Fibroblast|Hair Follicle Progenitor|Krt17+ Krt6a+ Migratory Keratinocyte|Krt5+ Krt14+ Basal Keratinocyte|Krt6a+ Krt14+ Metabolically Active Basal Keratinocyte|Langerhans Cell|Lymphatic Endothelial Cell|Melanocyte|Prrx1+ Ebf1+ Fibroblast Progenitor|S100a9+ S100a8+ Neutrophil|Schwann cells|Skap1+ Itk+ T Cell|Sprr1a+ Krt16+ Granular Suprabasal Keratinocyte|Sprr1a+ Krt17+ Prolif Suprabasal Keratinocyte|Vascular Endothelial Cell|cDC1 Dendritic Cell|cDC2 Dendritic Cell,Bulge Hair-Follicle Stem Cell|Erythrocyte|Fibroblast|Hair Follicle Progenitor|Immune|Keratinocyte|Lymphatic Endothelial Cell|Melanocyte|Schwann cells|Vascular Endothelial Cell,Stem-cell states converge in multi-stage cutaneous squamous cell carcinoma development [scRNA-seq],"Stem cells play a critical role in cancer development by contributing to cell heterogeneity, lineage plasticity, and drug resistance. We created gene expression networks from hundreds of mouse normal and tumor samples, and integrated these with lineage tracing and single-cell RNA-seq, to identify convergence of cell states in pre-malignant tumor cells expressing markers of lineage plasticity and drug resistance. Two of these cell states representing multilineage plasticity or proliferation were inversely correlated, suggesting a mutually exclusive relationship. Treatment of carcinomas in vivo with chemotherapy repressed the proliferative state and activated multilineage plasticity, while inhibition of differentiation repressed plasticity and potentiated responses to cell-cycle inhibitors. Manipulation of this cell state transition point may provide a rich source of potential combinatorial targets for cancer therapy.  These scRNAseq data encompass normal skin, papilloma, and squamous cell cacinoma samples.","To investigate cell state identities of individual cells in mouse squamous cell carcinomas as they grow from normal skin, to papilloma, to carcinoma, and are then treated with cisplatin.  These cancers were initiated with DMBA and promoted with TPA.  Several samples were lineage traced using Lgr6-EGFP-CreERT2 mice carrying the Rosa26-LSL-Tomato reporter (Lgr6eGFPtdTomato) lineage tracing system to track Lgr6+ cells (GRF+) and their progeny (tomato).",
SAID073,GSE261766,GSM8150937,Mouse,2257,Squamous cell carcinoma,Not mentioned,Both,epidermis,B Cell|Basophil|Bulge Hair-Follicle Stem Cell|Ccl27a+ Pre-granular Suprabasal Keratinocyte|Ctss+ Lyz2+ Macrophage|Dcn+ Fstl1+ Col1a2+ Dermal Fibroblast|Dcn+ Pi16+ Fibroblast|Erythrocyte|Hair Follicle Progenitor|Krt1+ Krt10+ Spinous Suprabasal Keratinocyte|Krt17+ Krt6a+ Migratory Keratinocyte|Krt5+ Krt14+ Basal Keratinocyte|Krt6a+ Krt14+ Metabolically Active Basal Keratinocyte|Langerhans Cell|Lymphatic Endothelial Cell|Melanocyte|Prrx1+ Ebf1+ Fibroblast Progenitor|S100a9+ S100a8+ Neutrophil|Schwann cells|Skap1+ Itk+ T Cell|Sprr1a+ Krt16+ Granular Suprabasal Keratinocyte|Sprr1a+ Krt17+ Prolif Suprabasal Keratinocyte|Vascular Endothelial Cell|cDC1 Dendritic Cell|cDC2 Dendritic Cell,Bulge Hair-Follicle Stem Cell|Erythrocyte|Fibroblast|Hair Follicle Progenitor|Immune|Keratinocyte|Lymphatic Endothelial Cell|Melanocyte|Schwann cells|Vascular Endothelial Cell,Stem-cell states converge in multi-stage cutaneous squamous cell carcinoma development [scRNA-seq],"Stem cells play a critical role in cancer development by contributing to cell heterogeneity, lineage plasticity, and drug resistance. We created gene expression networks from hundreds of mouse normal and tumor samples, and integrated these with lineage tracing and single-cell RNA-seq, to identify convergence of cell states in pre-malignant tumor cells expressing markers of lineage plasticity and drug resistance. Two of these cell states representing multilineage plasticity or proliferation were inversely correlated, suggesting a mutually exclusive relationship. Treatment of carcinomas in vivo with chemotherapy repressed the proliferative state and activated multilineage plasticity, while inhibition of differentiation repressed plasticity and potentiated responses to cell-cycle inhibitors. Manipulation of this cell state transition point may provide a rich source of potential combinatorial targets for cancer therapy.  These scRNAseq data encompass normal skin, papilloma, and squamous cell cacinoma samples.","To investigate cell state identities of individual cells in mouse squamous cell carcinomas as they grow from normal skin, to papilloma, to carcinoma, and are then treated with cisplatin.  These cancers were initiated with DMBA and promoted with TPA.  Several samples were lineage traced using Lgr6-EGFP-CreERT2 mice carrying the Rosa26-LSL-Tomato reporter (Lgr6eGFPtdTomato) lineage tracing system to track Lgr6+ cells (GRF+) and their progeny (tomato).",
SAID074,GSE261766,GSM8150938,Mouse,1063,Squamous cell carcinoma,Not mentioned,Both,epidermis,Apod+ Ebf2+ Igfbp6+ Preadipocyte-like Dermal Fibroblast|B Cell|Ctss+ Lyz2+ Macrophage|Dcn+ Fstl1+ Col1a2+ Dermal Fibroblast|Dcn+ Lum+ Dermal Fibroblast|Dcn+ Pi16+ Fibroblast|Hair Follicle Progenitor|Krt17+ Krt6a+ Migratory Keratinocyte|Krt6a+ Krt14+ Metabolically Active Basal Keratinocyte|Langerhans Cell|S100a9+ S100a8+ Neutrophil|Sensory Neuron|Vascular Endothelial Cell,Fibroblast|Hair Follicle Progenitor|Immune|Keratinocyte|Sensory Neuron|Vascular Endothelial Cell,Stem-cell states converge in multi-stage cutaneous squamous cell carcinoma development [scRNA-seq],"Stem cells play a critical role in cancer development by contributing to cell heterogeneity, lineage plasticity, and drug resistance. We created gene expression networks from hundreds of mouse normal and tumor samples, and integrated these with lineage tracing and single-cell RNA-seq, to identify convergence of cell states in pre-malignant tumor cells expressing markers of lineage plasticity and drug resistance. Two of these cell states representing multilineage plasticity or proliferation were inversely correlated, suggesting a mutually exclusive relationship. Treatment of carcinomas in vivo with chemotherapy repressed the proliferative state and activated multilineage plasticity, while inhibition of differentiation repressed plasticity and potentiated responses to cell-cycle inhibitors. Manipulation of this cell state transition point may provide a rich source of potential combinatorial targets for cancer therapy.  These scRNAseq data encompass normal skin, papilloma, and squamous cell cacinoma samples.","To investigate cell state identities of individual cells in mouse squamous cell carcinomas as they grow from normal skin, to papilloma, to carcinoma, and are then treated with cisplatin.  These cancers were initiated with DMBA and promoted with TPA.  Several samples were lineage traced using Lgr6-EGFP-CreERT2 mice carrying the Rosa26-LSL-Tomato reporter (Lgr6eGFPtdTomato) lineage tracing system to track Lgr6+ cells (GRF+) and their progeny (tomato).",
SAID075,GSE261766,GSM8150940,Mouse,3190,Squamous cell carcinoma,Not mentioned,Both,epidermis,Basophil|Bulge Hair-Follicle Stem Cell|Ccl27a+ Pre-granular Suprabasal Keratinocyte|Ctss+ Lyz2+ Macrophage|Dcn+ Fstl1+ Col1a2+ Dermal Fibroblast|Dcn+ Lum+ Dermal Fibroblast|Dcn+ Pi16+ Fibroblast|Krt1+ Krt10+ Spinous Suprabasal Keratinocyte|Krt5+ Krt14+ Basal Keratinocyte|Krt6a+ Krt14+ Metabolically Active Basal Keratinocyte|Langerhans Cell|Lymphatic Endothelial Cell|Mast Cell|Proliferating Cell|S100a9+ S100a8+ Neutrophil|Schwann cells|Sebaceous Gland Cell|Skap1+ Itk+ T Cell|Skeletal Muscle Progenitor|Sprr1a+ Krt17+ Prolif Suprabasal Keratinocyte|Vascular Endothelial Cell|Vascular Smooth Muscle Cell|cDC1 Dendritic Cell|cDC2 Dendritic Cell,Bulge Hair-Follicle Stem Cell|Fibroblast|Immune|Keratinocyte|Lymphatic Endothelial Cell|Proliferating Cell|Schwann cells|Sebaceous Gland Cell|Skeletal Muscle Progenitor|Vascular Endothelial Cell|Vascular Smooth Muscle Cell,Stem-cell states converge in multi-stage cutaneous squamous cell carcinoma development [scRNA-seq],"Stem cells play a critical role in cancer development by contributing to cell heterogeneity, lineage plasticity, and drug resistance. We created gene expression networks from hundreds of mouse normal and tumor samples, and integrated these with lineage tracing and single-cell RNA-seq, to identify convergence of cell states in pre-malignant tumor cells expressing markers of lineage plasticity and drug resistance. Two of these cell states representing multilineage plasticity or proliferation were inversely correlated, suggesting a mutually exclusive relationship. Treatment of carcinomas in vivo with chemotherapy repressed the proliferative state and activated multilineage plasticity, while inhibition of differentiation repressed plasticity and potentiated responses to cell-cycle inhibitors. Manipulation of this cell state transition point may provide a rich source of potential combinatorial targets for cancer therapy.  These scRNAseq data encompass normal skin, papilloma, and squamous cell cacinoma samples.","To investigate cell state identities of individual cells in mouse squamous cell carcinomas as they grow from normal skin, to papilloma, to carcinoma, and are then treated with cisplatin.  These cancers were initiated with DMBA and promoted with TPA.  Several samples were lineage traced using Lgr6-EGFP-CreERT2 mice carrying the Rosa26-LSL-Tomato reporter (Lgr6eGFPtdTomato) lineage tracing system to track Lgr6+ cells (GRF+) and their progeny (tomato).",
SAID076,GSE261766,GSM8150941,Mouse,907,Squamous cell carcinoma,Not mentioned,Both,epidermis,Bulge Hair-Follicle Stem Cell|Ctss+ Lyz2+ Macrophage|Dcn+ Fstl1+ Col1a2+ Dermal Fibroblast|Dcn+ Lum+ Dermal Fibroblast|Dcn+ Pi16+ Fibroblast|Hair Follicle Progenitor|Krt17+ Krt6a+ Migratory Keratinocyte|Krt25/28+ Dlx3+ Lef1+ Inner Root Sheath Cell|Krt5+ Krt14+ Basal Keratinocyte|Krt6a+ Krt14+ Metabolically Active Basal Keratinocyte|Langerhans Cell|Lymphatic Endothelial Cell|Mast Cell|S100a9+ S100a8+ Neutrophil|Skap1+ Itk+ T Cell|Skeletal Muscle Progenitor|Sprr1a+ Krt17+ Prolif Suprabasal Keratinocyte|Vascular Endothelial Cell|cDC2 Dendritic Cell,Bulge Hair-Follicle Stem Cell|Fibroblast|Hair Follicle Progenitor|Immune|Inner Root Sheath Cell|Keratinocyte|Lymphatic Endothelial Cell|Skeletal Muscle Progenitor|Vascular Endothelial Cell,Stem-cell states converge in multi-stage cutaneous squamous cell carcinoma development [scRNA-seq],"Stem cells play a critical role in cancer development by contributing to cell heterogeneity, lineage plasticity, and drug resistance. We created gene expression networks from hundreds of mouse normal and tumor samples, and integrated these with lineage tracing and single-cell RNA-seq, to identify convergence of cell states in pre-malignant tumor cells expressing markers of lineage plasticity and drug resistance. Two of these cell states representing multilineage plasticity or proliferation were inversely correlated, suggesting a mutually exclusive relationship. Treatment of carcinomas in vivo with chemotherapy repressed the proliferative state and activated multilineage plasticity, while inhibition of differentiation repressed plasticity and potentiated responses to cell-cycle inhibitors. Manipulation of this cell state transition point may provide a rich source of potential combinatorial targets for cancer therapy.  These scRNAseq data encompass normal skin, papilloma, and squamous cell cacinoma samples.","To investigate cell state identities of individual cells in mouse squamous cell carcinomas as they grow from normal skin, to papilloma, to carcinoma, and are then treated with cisplatin.  These cancers were initiated with DMBA and promoted with TPA.  Several samples were lineage traced using Lgr6-EGFP-CreERT2 mice carrying the Rosa26-LSL-Tomato reporter (Lgr6eGFPtdTomato) lineage tracing system to track Lgr6+ cells (GRF+) and their progeny (tomato).",
SAID077,GSE261766,GSM8150944,Mouse,1244,Papilloma,Not mentioned,Both,epidermis,Adgre1+ Itgam+ Dermal Inf Macrophage|B Cell|Basophil|Bulge Hair-Follicle Stem Cell|Ctss+ Lyz2+ Macrophage|Dcn+ Pi16+ Fibroblast|Erythrocyte|Krt1+ Krt10+ Spinous Suprabasal Keratinocyte|Krt5+ Krt14+ Basal Keratinocyte|Krt6a+ Krt14+ Metabolically Active Basal Keratinocyte|Langerhans Cell|Lymphatic Endothelial Cell|Melanocyte|Proliferating Cell|S100a9+ S100a8+ Neutrophil|Skap1+ Itk+ T Cell|Sprr1a+ Krt17+ Prolif Suprabasal Keratinocyte|Vascular Endothelial Cell|Vascular Smooth Muscle Cell|cDC1 Dendritic Cell|cDC2 Dendritic Cell,Bulge Hair-Follicle Stem Cell|Erythrocyte|Fibroblast|Immune|Keratinocyte|Lymphatic Endothelial Cell|Melanocyte|Proliferating Cell|Vascular Endothelial Cell|Vascular Smooth Muscle Cell,Stem-cell states converge in multi-stage cutaneous squamous cell carcinoma development [scRNA-seq],"Stem cells play a critical role in cancer development by contributing to cell heterogeneity, lineage plasticity, and drug resistance. We created gene expression networks from hundreds of mouse normal and tumor samples, and integrated these with lineage tracing and single-cell RNA-seq, to identify convergence of cell states in pre-malignant tumor cells expressing markers of lineage plasticity and drug resistance. Two of these cell states representing multilineage plasticity or proliferation were inversely correlated, suggesting a mutually exclusive relationship. Treatment of carcinomas in vivo with chemotherapy repressed the proliferative state and activated multilineage plasticity, while inhibition of differentiation repressed plasticity and potentiated responses to cell-cycle inhibitors. Manipulation of this cell state transition point may provide a rich source of potential combinatorial targets for cancer therapy.  These scRNAseq data encompass normal skin, papilloma, and squamous cell cacinoma samples.","To investigate cell state identities of individual cells in mouse squamous cell carcinomas as they grow from normal skin, to papilloma, to carcinoma, and are then treated with cisplatin.  These cancers were initiated with DMBA and promoted with TPA.  Several samples were lineage traced using Lgr6-EGFP-CreERT2 mice carrying the Rosa26-LSL-Tomato reporter (Lgr6eGFPtdTomato) lineage tracing system to track Lgr6+ cells (GRF+) and their progeny (tomato).",
SAID078,GSE261766,GSM8150946,Mouse,1275,Progressing papilloma,Not mentioned,Both,epidermis,B Cell|Basophil|Bulge Hair-Follicle Stem Cell|Ccl27a+ Pre-granular Suprabasal Keratinocyte|Ctss+ Lyz2+ Macrophage|Dcn+ Pi16+ Fibroblast|Erythrocyte|Krt1+ Krt10+ Spinous Suprabasal Keratinocyte|Krt25/28+ Dlx3+ Lef1+ Inner Root Sheath Cell|Krt5+ Krt14+ Basal Keratinocyte|Krt6a+ Krt14+ Metabolically Active Basal Keratinocyte|Langerhans Cell|Lymphatic Endothelial Cell|Melanocyte|Proliferating Cell|Prrx1+ Ebf1+ Fibroblast Progenitor|S100a9+ S100a8+ Neutrophil|Sebaceous Gland Cell|Skap1+ Itk+ T Cell|Vascular Endothelial Cell|Vascular Smooth Muscle Cell|cDC1 Dendritic Cell|cDC2 Dendritic Cell,Bulge Hair-Follicle Stem Cell|Erythrocyte|Fibroblast|Immune|Inner Root Sheath Cell|Keratinocyte|Lymphatic Endothelial Cell|Melanocyte|Proliferating Cell|Sebaceous Gland Cell|Vascular Endothelial Cell|Vascular Smooth Muscle Cell,Stem-cell states converge in multi-stage cutaneous squamous cell carcinoma development [scRNA-seq],"Stem cells play a critical role in cancer development by contributing to cell heterogeneity, lineage plasticity, and drug resistance. We created gene expression networks from hundreds of mouse normal and tumor samples, and integrated these with lineage tracing and single-cell RNA-seq, to identify convergence of cell states in pre-malignant tumor cells expressing markers of lineage plasticity and drug resistance. Two of these cell states representing multilineage plasticity or proliferation were inversely correlated, suggesting a mutually exclusive relationship. Treatment of carcinomas in vivo with chemotherapy repressed the proliferative state and activated multilineage plasticity, while inhibition of differentiation repressed plasticity and potentiated responses to cell-cycle inhibitors. Manipulation of this cell state transition point may provide a rich source of potential combinatorial targets for cancer therapy.  These scRNAseq data encompass normal skin, papilloma, and squamous cell cacinoma samples.","To investigate cell state identities of individual cells in mouse squamous cell carcinomas as they grow from normal skin, to papilloma, to carcinoma, and are then treated with cisplatin.  These cancers were initiated with DMBA and promoted with TPA.  Several samples were lineage traced using Lgr6-EGFP-CreERT2 mice carrying the Rosa26-LSL-Tomato reporter (Lgr6eGFPtdTomato) lineage tracing system to track Lgr6+ cells (GRF+) and their progeny (tomato).",
SAID079,GSE261766,GSM8150947,Mouse,1517,Progressing papilloma,Not mentioned,Both,epidermis,B Cell|Basophil|Bulge Hair-Follicle Stem Cell|Ccl27a+ Pre-granular Suprabasal Keratinocyte|Crabp1+ Hmga2+ Prrx1+ Wound-Activated Fibroblast|Ctss+ Lyz2+ Macrophage|Dcn+ Pi16+ Fibroblast|Hair Follicle Progenitor|Krt1+ Krt10+ Spinous Suprabasal Keratinocyte|Krt17+ Krt6a+ Migratory Keratinocyte|Krt25/28+ Dlx3+ Lef1+ Inner Root Sheath Cell|Krt5+ Krt14+ Basal Keratinocyte|Krt6a+ Krt14+ Metabolically Active Basal Keratinocyte|Langerhans Cell|Melanocyte|S100a9+ S100a8+ Neutrophil|Sebaceous Gland Cell|Skap1+ Itk+ T Cell|Sprr1a+ Krt17+ Prolif Suprabasal Keratinocyte|Vascular Endothelial Cell|Vascular Smooth Muscle Cell|cDC2 Dendritic Cell,Bulge Hair-Follicle Stem Cell|Fibroblast|Hair Follicle Progenitor|Immune|Inner Root Sheath Cell|Keratinocyte|Melanocyte|Sebaceous Gland Cell|Vascular Endothelial Cell|Vascular Smooth Muscle Cell,Stem-cell states converge in multi-stage cutaneous squamous cell carcinoma development [scRNA-seq],"Stem cells play a critical role in cancer development by contributing to cell heterogeneity, lineage plasticity, and drug resistance. We created gene expression networks from hundreds of mouse normal and tumor samples, and integrated these with lineage tracing and single-cell RNA-seq, to identify convergence of cell states in pre-malignant tumor cells expressing markers of lineage plasticity and drug resistance. Two of these cell states representing multilineage plasticity or proliferation were inversely correlated, suggesting a mutually exclusive relationship. Treatment of carcinomas in vivo with chemotherapy repressed the proliferative state and activated multilineage plasticity, while inhibition of differentiation repressed plasticity and potentiated responses to cell-cycle inhibitors. Manipulation of this cell state transition point may provide a rich source of potential combinatorial targets for cancer therapy.  These scRNAseq data encompass normal skin, papilloma, and squamous cell cacinoma samples.","To investigate cell state identities of individual cells in mouse squamous cell carcinomas as they grow from normal skin, to papilloma, to carcinoma, and are then treated with cisplatin.  These cancers were initiated with DMBA and promoted with TPA.  Several samples were lineage traced using Lgr6-EGFP-CreERT2 mice carrying the Rosa26-LSL-Tomato reporter (Lgr6eGFPtdTomato) lineage tracing system to track Lgr6+ cells (GRF+) and their progeny (tomato).",
SAID080,GSE213528,GSM6588784,Mouse,29743,Healthy,P56,Both,epidermis,B Cell|Bulge Hair-Follicle Stem Cell|Ccl27a+ Pre-granular Suprabasal Keratinocyte|Ctss+ Lyz2+ Macrophage|Dcn+ Fstl1+ Col1a2+ Dermal Fibroblast|Dcn+ Lum+ Dermal Fibroblast|Dcn+ Pi16+ Fibroblast|Fbn2+ Mfap2+ Papillary Dermal Fibroblast|Gamma-delta T Cell|Hair Follicle Progenitor|Krt1+ Krt10+ Spinous Suprabasal Keratinocyte|Krt17+ Krt6a+ Migratory Keratinocyte|Krt25/28+ Dlx3+ Lef1+ Inner Root Sheath Cell|Krt5+ Krt14+ Basal Keratinocyte|Krt6a+ Krt14+ Metabolically Active Basal Keratinocyte|Langerhans Cell|Lce1+ Lor+ Cornified Keratinocyte_2|Lymphatic Endothelial Cell|Melanocyte|Proliferating Cell|Prrx1+ Ebf1+ Fibroblast Progenitor|S100a9+ S100a8+ Neutrophil|Sebaceous Gland Cell|Sensory Neuron|Skap1+ Itk+ T Cell|Skeletal Muscle Progenitor|Sprr1a+ Krt16+ Granular Suprabasal Keratinocyte|Sprr1a+ Krt17+ Prolif Suprabasal Keratinocyte|Vascular Endothelial Cell|Vascular Smooth Muscle Cell|cDC2 Dendritic Cell,Bulge Hair-Follicle Stem Cell|Fibroblast|Hair Follicle Progenitor|Immune|Inner Root Sheath Cell|Keratinocyte|Lymphatic Endothelial Cell|Melanocyte|Proliferating Cell|Sebaceous Gland Cell|Sensory Neuron|Skeletal Muscle Progenitor|Vascular Endothelial Cell|Vascular Smooth Muscle Cell,ΔNp63 controls stemness and inflammation in the adult epidermis,"The p63 transcription factor is critical for epidermis formation in embryonic development, but its role in the adult epidermis is barely investigated. Here we show that acute genetic ablation of ΔNp63, the main p63 isoform, in the adult epidermis disrupts keratinocyte proliferation and self-maintenance and, unexpectedly, triggers an inflammatory psoriasis-like condition. Mechanistically, single-cell RNA sequencing revealed down-regulation of the cell cycle genes, up-regulation of differentiation markers, and induction of several pro-inflammatory pathways in ΔNp63-ablated keratinocytes. Intriguingly, ΔNp63-ablated cells disappear three weeks post-ablation, at the expense of the remaining non-ablated cells. This was not associated with active cell death mechanisms, but rather with reduced stemness and self-maintenance capacity. Indeed, in vivo wound healing assay, a physiological readout of the epidermal stem cell function, was largely impaired in the ablated skin. We found that the Wnt signaling pathway (Wnt5a, Wnt10a, Fzd6, Fzd10) and Col17a1 are the likely ΔNp63 effectors responsible for keratinocyte proliferation and stemness, while AP1 factors are responsible for excessive differentiation, and Il-1a, Il-18, Il-24 and Il-36γ for the suppression of inflammation. These data implicate ΔNp63 as a critical node that coordinates balanced epidermal homeostasis and suppression of inflammation in the adult epidermis, upstream of known regulatory pathways.",ScRNA-seq of control or ΔNp63 epidermis at 1 day and 1 week,
SAID081,GSE213528,GSM6588785,Mouse,31176,Np63 Knockout,P56,Both,epidermis,Bulge Hair-Follicle Stem Cell|Ccl27a+ Pre-granular Suprabasal Keratinocyte|Crabp1+ Hmga2+ Prrx1+ Wound-Activated Fibroblast|Ctss+ Lyz2+ Macrophage|Dcn+ Fstl1+ Col1a2+ Dermal Fibroblast|Dcn+ Lum+ Dermal Fibroblast|Dcn+ Pi16+ Fibroblast|Erythrocyte|Gamma-delta T Cell|Hair Follicle Progenitor|Krt1+ Krt10+ Spinous Suprabasal Keratinocyte|Krt16+ Sprr1b+ Activated Keratinocyte|Krt17+ Krt6a+ Migratory Keratinocyte|Krt5+ Krt14+ Basal Keratinocyte|Krt6a+ Krt14+ Metabolically Active Basal Keratinocyte|Langerhans Cell|Lce1+ Lor+ Cornified Keratinocyte_2|Lymphatic Endothelial Cell|Melanocyte|Proliferating Cell|Prrx1+ Ebf1+ Fibroblast Progenitor|Schwann cells|Sebaceous Gland Cell|Sensory Neuron|Skap1+ Itk+ T Cell|Sprr+ Rptn+ Cornified IFE|Sprr1a+ Krt16+ Granular Suprabasal Keratinocyte|Sprr1a+ Krt17+ Prolif Suprabasal Keratinocyte|Vascular Endothelial Cell|Vascular Smooth Muscle Cell|cDC2 Dendritic Cell,Bulge Hair-Follicle Stem Cell|Erythrocyte|Fibroblast|Hair Follicle Progenitor|Immune|Keratinocyte|Lymphatic Endothelial Cell|Melanocyte|Proliferating Cell|Schwann cells|Sebaceous Gland Cell|Sensory Neuron|Vascular Endothelial Cell|Vascular Smooth Muscle Cell,ΔNp63 controls stemness and inflammation in the adult epidermis,"The p63 transcription factor is critical for epidermis formation in embryonic development, but its role in the adult epidermis is barely investigated. Here we show that acute genetic ablation of ΔNp63, the main p63 isoform, in the adult epidermis disrupts keratinocyte proliferation and self-maintenance and, unexpectedly, triggers an inflammatory psoriasis-like condition. Mechanistically, single-cell RNA sequencing revealed down-regulation of the cell cycle genes, up-regulation of differentiation markers, and induction of several pro-inflammatory pathways in ΔNp63-ablated keratinocytes. Intriguingly, ΔNp63-ablated cells disappear three weeks post-ablation, at the expense of the remaining non-ablated cells. This was not associated with active cell death mechanisms, but rather with reduced stemness and self-maintenance capacity. Indeed, in vivo wound healing assay, a physiological readout of the epidermal stem cell function, was largely impaired in the ablated skin. We found that the Wnt signaling pathway (Wnt5a, Wnt10a, Fzd6, Fzd10) and Col17a1 are the likely ΔNp63 effectors responsible for keratinocyte proliferation and stemness, while AP1 factors are responsible for excessive differentiation, and Il-1a, Il-18, Il-24 and Il-36γ for the suppression of inflammation. These data implicate ΔNp63 as a critical node that coordinates balanced epidermal homeostasis and suppression of inflammation in the adult epidermis, upstream of known regulatory pathways.",ScRNA-seq of control or ΔNp63 epidermis at 1 day and 1 week,
SAID082,GSE213528,GSM6588786,Mouse,25275,Healthy,P56,Both,epidermis,Apod+ Ebf2+ Igfbp6+ Preadipocyte-like Dermal Fibroblast|B Cell|Bulge Hair-Follicle Stem Cell|Ccl27a+ Pre-granular Suprabasal Keratinocyte|Ctss+ Lyz2+ Macrophage|Dcn+ Fstl1+ Col1a2+ Dermal Fibroblast|Dcn+ Lum+ Dermal Fibroblast|Dcn+ Pi16+ Fibroblast|Erythrocyte|Gamma-delta T Cell|Hair Follicle Progenitor|Krt1+ Krt10+ Spinous Suprabasal Keratinocyte|Krt25/28+ Dlx3+ Lef1+ Inner Root Sheath Cell|Krt5+ Krt14+ Basal Keratinocyte|Krt6a+ Krt14+ Metabolically Active Basal Keratinocyte|Langerhans Cell|Lce1+ Lor+ Cornified Keratinocyte_2|Lymphatic Endothelial Cell|Melanocyte|Proliferating Cell|Prrx1+ Ebf1+ Fibroblast Progenitor|Schwann cells|Sebaceous Gland Cell|Skap1+ Itk+ T Cell|Skeletal Muscle Cell|Sprr1a+ Krt16+ Granular Suprabasal Keratinocyte|Sprr1a+ Krt17+ Prolif Suprabasal Keratinocyte|Vascular Endothelial Cell|Vascular Smooth Muscle Cell|cDC2 Dendritic Cell,Bulge Hair-Follicle Stem Cell|Erythrocyte|Fibroblast|Hair Follicle Progenitor|Immune|Inner Root Sheath Cell|Keratinocyte|Lymphatic Endothelial Cell|Melanocyte|Proliferating Cell|Schwann cells|Sebaceous Gland Cell|Skeletal Muscle Cell|Vascular Endothelial Cell|Vascular Smooth Muscle Cell,ΔNp63 controls stemness and inflammation in the adult epidermis,"The p63 transcription factor is critical for epidermis formation in embryonic development, but its role in the adult epidermis is barely investigated. Here we show that acute genetic ablation of ΔNp63, the main p63 isoform, in the adult epidermis disrupts keratinocyte proliferation and self-maintenance and, unexpectedly, triggers an inflammatory psoriasis-like condition. Mechanistically, single-cell RNA sequencing revealed down-regulation of the cell cycle genes, up-regulation of differentiation markers, and induction of several pro-inflammatory pathways in ΔNp63-ablated keratinocytes. Intriguingly, ΔNp63-ablated cells disappear three weeks post-ablation, at the expense of the remaining non-ablated cells. This was not associated with active cell death mechanisms, but rather with reduced stemness and self-maintenance capacity. Indeed, in vivo wound healing assay, a physiological readout of the epidermal stem cell function, was largely impaired in the ablated skin. We found that the Wnt signaling pathway (Wnt5a, Wnt10a, Fzd6, Fzd10) and Col17a1 are the likely ΔNp63 effectors responsible for keratinocyte proliferation and stemness, while AP1 factors are responsible for excessive differentiation, and Il-1a, Il-18, Il-24 and Il-36γ for the suppression of inflammation. These data implicate ΔNp63 as a critical node that coordinates balanced epidermal homeostasis and suppression of inflammation in the adult epidermis, upstream of known regulatory pathways.",ScRNA-seq of control or ΔNp63 epidermis at 1 day and 1 week,
SAID083,GSE213528,GSM6588787,Mouse,30561,Np63 Knockout,P56,Both,epidermis,Apod+ Ebf2+ Igfbp6+ Preadipocyte-like Dermal Fibroblast|Bulge Hair-Follicle Stem Cell|Ccl27a+ Pre-granular Suprabasal Keratinocyte|Crabp1+ Hmga2+ Prrx1+ Wound-Activated Fibroblast|Ctss+ Lyz2+ Macrophage|Dcn+ Fstl1+ Col1a2+ Dermal Fibroblast|Dcn+ Lum+ Dermal Fibroblast|Dcn+ Pi16+ Fibroblast|Erythrocyte|Gamma-delta T Cell|Hair Follicle Progenitor|Krt1+ Krt10+ Spinous Suprabasal Keratinocyte|Krt16+ Sprr1b+ Activated Keratinocyte|Krt17+ Krt6a+ Migratory Keratinocyte|Krt25/28+ Dlx3+ Lef1+ Inner Root Sheath Cell|Krt5+ Krt14+ Basal Keratinocyte|Krt6a+ Krt14+ Metabolically Active Basal Keratinocyte|Langerhans Cell|Lce1+ Lor+ Cornified Keratinocyte_1|Lce1+ Lor+ Cornified Keratinocyte_2|Lymphatic Endothelial Cell|Melanocyte|Proliferating Cell|Prrx1+ Ebf1+ Fibroblast Progenitor|S100a9+ S100a8+ Neutrophil|Schwann cells|Sebaceous Gland Cell|Sensory Neuron|Skap1+ Itk+ T Cell|Skeletal Muscle Progenitor|Sprr+ Rptn+ Cornified IFE|Sprr1a+ Krt16+ Granular Suprabasal Keratinocyte|Sprr1a+ Krt17+ Prolif Suprabasal Keratinocyte|Vascular Endothelial Cell|Vascular Smooth Muscle Cell|cDC1 Dendritic Cell|cDC2 Dendritic Cell,Bulge Hair-Follicle Stem Cell|Erythrocyte|Fibroblast|Hair Follicle Progenitor|Immune|Inner Root Sheath Cell|Keratinocyte|Lymphatic Endothelial Cell|Melanocyte|Proliferating Cell|Schwann cells|Sebaceous Gland Cell|Sensory Neuron|Skeletal Muscle Progenitor|Vascular Endothelial Cell|Vascular Smooth Muscle Cell,ΔNp63 controls stemness and inflammation in the adult epidermis,"The p63 transcription factor is critical for epidermis formation in embryonic development, but its role in the adult epidermis is barely investigated. Here we show that acute genetic ablation of ΔNp63, the main p63 isoform, in the adult epidermis disrupts keratinocyte proliferation and self-maintenance and, unexpectedly, triggers an inflammatory psoriasis-like condition. Mechanistically, single-cell RNA sequencing revealed down-regulation of the cell cycle genes, up-regulation of differentiation markers, and induction of several pro-inflammatory pathways in ΔNp63-ablated keratinocytes. Intriguingly, ΔNp63-ablated cells disappear three weeks post-ablation, at the expense of the remaining non-ablated cells. This was not associated with active cell death mechanisms, but rather with reduced stemness and self-maintenance capacity. Indeed, in vivo wound healing assay, a physiological readout of the epidermal stem cell function, was largely impaired in the ablated skin. We found that the Wnt signaling pathway (Wnt5a, Wnt10a, Fzd6, Fzd10) and Col17a1 are the likely ΔNp63 effectors responsible for keratinocyte proliferation and stemness, while AP1 factors are responsible for excessive differentiation, and Il-1a, Il-18, Il-24 and Il-36γ for the suppression of inflammation. These data implicate ΔNp63 as a critical node that coordinates balanced epidermal homeostasis and suppression of inflammation in the adult epidermis, upstream of known regulatory pathways.",ScRNA-seq of control or ΔNp63 epidermis at 1 day and 1 week,
SAID084,GSE272509,GSM8403737,Mouse,12501,Lethal Yellow,P56,male,dorsal skin,Apod+ Ebf2+ Igfbp6+ Preadipocyte-like Dermal Fibroblast|B Cell|Basophil|Bulge Hair-Follicle Stem Cell|Ccl27a+ Pre-granular Suprabasal Keratinocyte|Crabp1+ Hmga2+ Prrx1+ Wound-Activated Fibroblast|Ctss+ Lyz2+ Macrophage|Dcn+ Fstl1+ Col1a2+ Dermal Fibroblast|Dcn+ Lum+ Dermal Fibroblast|Dcn+ Pi16+ Fibroblast|Erythrocyte|Fbn2+ Mfap2+ Papillary Dermal Fibroblast|Gamma-delta T Cell|Hair Follicle Progenitor|Krt1+ Krt10+ Spinous Suprabasal Keratinocyte|Krt17+ Krt6a+ Migratory Keratinocyte|Krt25/28+ Dlx3+ Lef1+ Inner Root Sheath Cell|Krt5+ Krt14+ Basal Keratinocyte|Krt6a+ Krt14+ Metabolically Active Basal Keratinocyte|Langerhans Cell|Lymphatic Endothelial Cell|Mast Cell|Melanocyte|Proliferating Cell|Prrx1+ Ebf1+ Fibroblast Progenitor|S100a9+ S100a8+ Neutrophil|Schwann cells|Sebaceous Gland Cell|Sensory Neuron|Skap1+ Itk+ T Cell|Sprr1a+ Krt17+ Prolif Suprabasal Keratinocyte|Vascular Endothelial Cell|Vascular Smooth Muscle Cell|cDC1 Dendritic Cell|cDC2 Dendritic Cell,Bulge Hair-Follicle Stem Cell|Erythrocyte|Fibroblast|Hair Follicle Progenitor|Immune|Inner Root Sheath Cell|Keratinocyte|Lymphatic Endothelial Cell|Melanocyte|Proliferating Cell|Schwann cells|Sebaceous Gland Cell|Sensory Neuron|Vascular Endothelial Cell|Vascular Smooth Muscle Cell,TLR9 activation in large wound induces tissue repair and hair follicle regeneration via γδT cells,"In order to investigate the specific characteristics influenced by the activation of TLR9 in wounds, we employed the single-cell RNA sequencing (scRNA-seq) to visually compare immune cells and inflammatory factors and cytokines under the influence of TLR9.",Dorsal skin healed from large circular wound (diameter=1.8cm) of the C57/BL6 mice were collected and analyzed using scRNAseg.,39153998
SAID085,GSE272509,GSM8403738,Mouse,12401,Wounded,P56,male,dorsal skin,Adgre1+ Itgam+ Dermal Inf Macrophage|Apod+ Ebf2+ Igfbp6+ Preadipocyte-like Dermal Fibroblast|B Cell|Basophil|Bulge Hair-Follicle Stem Cell|Ccl27a+ Pre-granular Suprabasal Keratinocyte|Crabp1+ Hmga2+ Prrx1+ Wound-Activated Fibroblast|Ctss+ Lyz2+ Macrophage|Dcn+ Fstl1+ Col1a2+ Dermal Fibroblast|Dcn+ Lum+ Dermal Fibroblast|Dcn+ Pi16+ Fibroblast|Fbn2+ Mfap2+ Papillary Dermal Fibroblast|Gamma-delta T Cell|Hair Follicle Progenitor|Krt1+ Krt10+ Spinous Suprabasal Keratinocyte|Krt17+ Krt6a+ Migratory Keratinocyte|Krt5+ Krt14+ Basal Keratinocyte|Krt6a+ Krt14+ Metabolically Active Basal Keratinocyte|Langerhans Cell|Lymphatic Endothelial Cell|Mast Cell|Melanocyte|Proliferating Cell|Prrx1+ Ebf1+ Fibroblast Progenitor|S100a9+ S100a8+ Neutrophil|Schwann cells|Sebaceous Gland Cell|Sensory Neuron|Skap1+ Itk+ T Cell|Sprr1a+ Krt16+ Granular Suprabasal Keratinocyte|Sprr1a+ Krt17+ Prolif Suprabasal Keratinocyte|Vascular Endothelial Cell|Vascular Smooth Muscle Cell|cDC1 Dendritic Cell|cDC2 Dendritic Cell,Bulge Hair-Follicle Stem Cell|Fibroblast|Hair Follicle Progenitor|Immune|Keratinocyte|Lymphatic Endothelial Cell|Melanocyte|Proliferating Cell|Schwann cells|Sebaceous Gland Cell|Sensory Neuron|Vascular Endothelial Cell|Vascular Smooth Muscle Cell,TLR9 activation in large wound induces tissue repair and hair follicle regeneration via γδT cells,"In order to investigate the specific characteristics influenced by the activation of TLR9 in wounds, we employed the single-cell RNA sequencing (scRNA-seq) to visually compare immune cells and inflammatory factors and cytokines under the influence of TLR9.",Dorsal skin healed from large circular wound (diameter=1.8cm) of the C57/BL6 mice were collected and analyzed using scRNAseg.,39153998
SAID086,GSE236918,GSM7585467,Mouse,4030,Lethal Yellow,P3,Both,dorsal skin,Apod+ Ebf2+ Igfbp6+ Preadipocyte-like Dermal Fibroblast|Bulge Hair-Follicle Stem Cell|Ccl27a+ Pre-granular Suprabasal Keratinocyte|Crabp1+ Hmga2+ Prrx1+ Wound-Activated Fibroblast|Dcn+ Fstl1+ Col1a2+ Dermal Fibroblast|Dcn+ Lum+ Dermal Fibroblast|Dcn+ Pi16+ Fibroblast|Fbn2+ Mfap2+ Papillary Dermal Fibroblast|Hair Follicle Progenitor|Krt1+ Krt10+ Spinous Suprabasal Keratinocyte|Krt25/28+ Dlx3+ Lef1+ Inner Root Sheath Cell|Krt5+ Krt14+ Basal Keratinocyte|Krt6a+ Krt14+ Metabolically Active Basal Keratinocyte|Lymphatic Endothelial Cell|Mast Cell|Melanocyte|Proliferating Cell|Prrx1+ Ebf1+ Fibroblast Progenitor|S100a9+ S100a8+ Neutrophil|Schwann cells|Sebaceous Gland Cell|Sensory Neuron|Skeletal Muscle Progenitor|Sprr1a+ Krt17+ Prolif Suprabasal Keratinocyte|Vascular Endothelial Cell|Vascular Smooth Muscle Cell,Bulge Hair-Follicle Stem Cell|Fibroblast|Hair Follicle Progenitor|Immune|Inner Root Sheath Cell|Keratinocyte|Lymphatic Endothelial Cell|Melanocyte|Proliferating Cell|Schwann cells|Sebaceous Gland Cell|Sensory Neuron|Skeletal Muscle Progenitor|Vascular Endothelial Cell|Vascular Smooth Muscle Cell,Loss of MC1R signaling implicates TBX3 in pheomelanogenesis and melanoma predisposition [scRNA-seq],"We used single-cell RNA-sequencing (scRNA-seq) of melanocytes isolated from two distict red hair color (RHC) mouse models for comparison with and black hair color, functional MC1R signaling, to reveal a Pheomelanin Gene Signature (PGS) of differentially expressed genes in RHC melanocytes.",Melanocytes were derived from the dorsal skin of postnatal day 3 old mice and FACS was used to enrich melanocytes for scRNA-seq. A total of 4 samples were used in two pairwise batches: a Lethal yellow (Ay) mouse for comparison with a nonagouti (a/a) control littermate harvested and sequenced in parallel; and a Recessive yellow (Mc1rE) sample for comparison with a nonagouti (a/a) control sample harvested and sequenced in parallel.,37972124
SAID087,GSE236918,GSM7585468,Mouse,3046,Healthy,P3,Both,dorsal skin,Bulge Hair-Follicle Stem Cell|Ccl27a+ Pre-granular Suprabasal Keratinocyte|Crabp1+ Hmga2+ Prrx1+ Wound-Activated Fibroblast|Dcn+ Fstl1+ Col1a2+ Dermal Fibroblast|Dcn+ Lum+ Dermal Fibroblast|Dcn+ Pi16+ Fibroblast|Fbn2+ Mfap2+ Papillary Dermal Fibroblast|Hair Follicle Progenitor|Krt1+ Krt10+ Spinous Suprabasal Keratinocyte|Krt25/28+ Dlx3+ Lef1+ Inner Root Sheath Cell|Krt5+ Krt14+ Basal Keratinocyte|Krt6a+ Krt14+ Metabolically Active Basal Keratinocyte|Lymphatic Endothelial Cell|Melanocyte|Proliferating Cell|Prrx1+ Ebf1+ Fibroblast Progenitor|Schwann cells|Sebaceous Gland Cell|Sensory Neuron|Skeletal Muscle Progenitor|Sprr1a+ Krt17+ Prolif Suprabasal Keratinocyte|Vascular Endothelial Cell|Vascular Smooth Muscle Cell,Bulge Hair-Follicle Stem Cell|Fibroblast|Hair Follicle Progenitor|Inner Root Sheath Cell|Keratinocyte|Lymphatic Endothelial Cell|Melanocyte|Proliferating Cell|Schwann cells|Sebaceous Gland Cell|Sensory Neuron|Skeletal Muscle Progenitor|Vascular Endothelial Cell|Vascular Smooth Muscle Cell,Loss of MC1R signaling implicates TBX3 in pheomelanogenesis and melanoma predisposition [scRNA-seq],"We used single-cell RNA-sequencing (scRNA-seq) of melanocytes isolated from two distict red hair color (RHC) mouse models for comparison with and black hair color, functional MC1R signaling, to reveal a Pheomelanin Gene Signature (PGS) of differentially expressed genes in RHC melanocytes.",Melanocytes were derived from the dorsal skin of postnatal day 3 old mice and FACS was used to enrich melanocytes for scRNA-seq. A total of 4 samples were used in two pairwise batches: a Lethal yellow (Ay) mouse for comparison with a nonagouti (a/a) control littermate harvested and sequenced in parallel; and a Recessive yellow (Mc1rE) sample for comparison with a nonagouti (a/a) control sample harvested and sequenced in parallel.,37972124
SAID088,GSE236918,GSM7585469,Mouse,1599,Recessive Yellow,P3,Both,dorsal skin,Bulge Hair-Follicle Stem Cell|Ccl27a+ Pre-granular Suprabasal Keratinocyte|Crabp1+ Hmga2+ Prrx1+ Wound-Activated Fibroblast|Dcn+ Lum+ Dermal Fibroblast|Dcn+ Pi16+ Fibroblast|Fbn2+ Mfap2+ Papillary Dermal Fibroblast|Hair Follicle Progenitor|Krt1+ Krt10+ Spinous Suprabasal Keratinocyte|Krt25/28+ Dlx3+ Lef1+ Inner Root Sheath Cell|Krt5+ Krt14+ Basal Keratinocyte|Krt6a+ Krt14+ Metabolically Active Basal Keratinocyte|Lymphatic Endothelial Cell|Melanocyte|Proliferating Cell|Prrx1+ Ebf1+ Fibroblast Progenitor|Schwann cells|Sebaceous Gland Cell|Sensory Neuron|Vascular Endothelial Cell|Vascular Smooth Muscle Cell,Bulge Hair-Follicle Stem Cell|Fibroblast|Hair Follicle Progenitor|Inner Root Sheath Cell|Keratinocyte|Lymphatic Endothelial Cell|Melanocyte|Proliferating Cell|Schwann cells|Sebaceous Gland Cell|Sensory Neuron|Vascular Endothelial Cell|Vascular Smooth Muscle Cell,Loss of MC1R signaling implicates TBX3 in pheomelanogenesis and melanoma predisposition [scRNA-seq],"We used single-cell RNA-sequencing (scRNA-seq) of melanocytes isolated from two distict red hair color (RHC) mouse models for comparison with and black hair color, functional MC1R signaling, to reveal a Pheomelanin Gene Signature (PGS) of differentially expressed genes in RHC melanocytes.",Melanocytes were derived from the dorsal skin of postnatal day 3 old mice and FACS was used to enrich melanocytes for scRNA-seq. A total of 4 samples were used in two pairwise batches: a Lethal yellow (Ay) mouse for comparison with a nonagouti (a/a) control littermate harvested and sequenced in parallel; and a Recessive yellow (Mc1rE) sample for comparison with a nonagouti (a/a) control sample harvested and sequenced in parallel.,37972124
SAID089,GSE236918,GSM7585470,Mouse,2736,Healthy,P3,Both,dorsal skin,Bulge Hair-Follicle Stem Cell|Ccl27a+ Pre-granular Suprabasal Keratinocyte|Dcn+ Fstl1+ Col1a2+ Dermal Fibroblast|Dcn+ Lum+ Dermal Fibroblast|Dcn+ Pi16+ Fibroblast|Fbn2+ Mfap2+ Papillary Dermal Fibroblast|Hair Follicle Progenitor|Krt1+ Krt10+ Spinous Suprabasal Keratinocyte|Krt25/28+ Dlx3+ Lef1+ Inner Root Sheath Cell|Krt5+ Krt14+ Basal Keratinocyte|Lymphatic Endothelial Cell|Melanocyte|Proliferating Cell|Prrx1+ Ebf1+ Fibroblast Progenitor|Schwann cells|Sebaceous Gland Cell|Skeletal Muscle Cell|Skeletal Muscle Progenitor|Sprr1a+ Krt17+ Prolif Suprabasal Keratinocyte|Vascular Endothelial Cell|Vascular Smooth Muscle Cell,Bulge Hair-Follicle Stem Cell|Fibroblast|Hair Follicle Progenitor|Inner Root Sheath Cell|Keratinocyte|Lymphatic Endothelial Cell|Melanocyte|Proliferating Cell|Schwann cells|Sebaceous Gland Cell|Skeletal Muscle Cell|Skeletal Muscle Progenitor|Vascular Endothelial Cell|Vascular Smooth Muscle Cell,Loss of MC1R signaling implicates TBX3 in pheomelanogenesis and melanoma predisposition [scRNA-seq],"We used single-cell RNA-sequencing (scRNA-seq) of melanocytes isolated from two distict red hair color (RHC) mouse models for comparison with and black hair color, functional MC1R signaling, to reveal a Pheomelanin Gene Signature (PGS) of differentially expressed genes in RHC melanocytes.",Melanocytes were derived from the dorsal skin of postnatal day 3 old mice and FACS was used to enrich melanocytes for scRNA-seq. A total of 4 samples were used in two pairwise batches: a Lethal yellow (Ay) mouse for comparison with a nonagouti (a/a) control littermate harvested and sequenced in parallel; and a Recessive yellow (Mc1rE) sample for comparison with a nonagouti (a/a) control sample harvested and sequenced in parallel.,37972124
SAID090,GSE165021,GSM5024746,Mouse,8883,Healthy,P56,female,dorsal skin,Apod+ Ebf2+ Igfbp6+ Preadipocyte-like Dermal Fibroblast|B Cell|Basophil|Bulge Hair-Follicle Stem Cell|Ccl27a+ Pre-granular Suprabasal Keratinocyte|Crabp1+ Hmga2+ Prrx1+ Wound-Activated Fibroblast|Ctss+ Lyz2+ Macrophage|Dcn+ Fstl1+ Col1a2+ Dermal Fibroblast|Dcn+ Lum+ Dermal Fibroblast|Dcn+ Pi16+ Fibroblast|Fbn2+ Mfap2+ Papillary Dermal Fibroblast|Gamma-delta T Cell|Hair Follicle Progenitor|Krt1+ Krt10+ Spinous Suprabasal Keratinocyte|Krt25/28+ Dlx3+ Lef1+ Inner Root Sheath Cell|Krt5+ Krt14+ Basal Keratinocyte|Krt6a+ Krt14+ Metabolically Active Basal Keratinocyte|Langerhans Cell|Lymphatic Endothelial Cell|Mast Cell|Melanocyte|Proliferating Cell|Prrx1+ Ebf1+ Fibroblast Progenitor|S100a9+ S100a8+ Neutrophil|Schwann cells|Sebaceous Gland Cell|Skap1+ Itk+ T Cell|Skeletal Muscle Progenitor|Sprr1a+ Krt16+ Granular Suprabasal Keratinocyte|Sprr1a+ Krt17+ Prolif Suprabasal Keratinocyte|Vascular Endothelial Cell|Vascular Smooth Muscle Cell|cDC1 Dendritic Cell|cDC2 Dendritic Cell,Bulge Hair-Follicle Stem Cell|Fibroblast|Hair Follicle Progenitor|Immune|Inner Root Sheath Cell|Keratinocyte|Lymphatic Endothelial Cell|Melanocyte|Proliferating Cell|Schwann cells|Sebaceous Gland Cell|Skeletal Muscle Progenitor|Vascular Endothelial Cell|Vascular Smooth Muscle Cell,Single-cell transcriptomics  of the mouse skin  reveal potential target of psoriasis,"Psoriasis is a complex chronic inflammatory skin disease, but the exact mechanism underlying its development remains elusive. We found the expression of SHP2 was significantly higher in skin lesions and human peripheral blood mononuclear cells derived from psoriatic patients than those from normal controls.  determine whether SHP2 activity affects psoriasis pathogenesis, we treated the murine psoriatic model with SHP099, a potent allosteric inhibitor of SHP2. SHP099 ameliorates the IMQ-induced psoriatic development in mice with unclear molecular mechanism. To address that, single-cell RNA sequencing was performed to explore the role of SHP2 in all cell types in IMQ-induced mouse skin upon SHP099 treatment.",Examination of 6  skin samples in IMQ-induced psoriasis-like mouse model,34936223; 35281792
SAID091,GSE165021,GSM5024747,Mouse,8839,Healthy,P56,female,dorsal skin,Adgre1+ Itgam+ Dermal Inf Macrophage|Apod+ Ebf2+ Igfbp6+ Preadipocyte-like Dermal Fibroblast|B Cell|Basophil|Bulge Hair-Follicle Stem Cell|Ccl27a+ Pre-granular Suprabasal Keratinocyte|Crabp1+ Hmga2+ Prrx1+ Wound-Activated Fibroblast|Ctss+ Lyz2+ Macrophage|Dcn+ Fstl1+ Col1a2+ Dermal Fibroblast|Dcn+ Lum+ Dermal Fibroblast|Dcn+ Pi16+ Fibroblast|Erythrocyte|Fbn2+ Mfap2+ Papillary Dermal Fibroblast|Gamma-delta T Cell|Hair Follicle Progenitor|Krt1+ Krt10+ Spinous Suprabasal Keratinocyte|Krt25/28+ Dlx3+ Lef1+ Inner Root Sheath Cell|Krt5+ Krt14+ Basal Keratinocyte|Krt6a+ Krt14+ Metabolically Active Basal Keratinocyte|Langerhans Cell|Lymphatic Endothelial Cell|Mast Cell|Melanocyte|Proliferating Cell|Prrx1+ Ebf1+ Fibroblast Progenitor|S100a9+ S100a8+ Neutrophil|Schwann cells|Sebaceous Gland Cell|Sensory Neuron|Skap1+ Itk+ T Cell|Skeletal Muscle Progenitor|Sprr1a+ Krt17+ Prolif Suprabasal Keratinocyte|Vascular Endothelial Cell|Vascular Smooth Muscle Cell|cDC1 Dendritic Cell|cDC2 Dendritic Cell,Bulge Hair-Follicle Stem Cell|Erythrocyte|Fibroblast|Hair Follicle Progenitor|Immune|Inner Root Sheath Cell|Keratinocyte|Lymphatic Endothelial Cell|Melanocyte|Proliferating Cell|Schwann cells|Sebaceous Gland Cell|Sensory Neuron|Skeletal Muscle Progenitor|Vascular Endothelial Cell|Vascular Smooth Muscle Cell,Single-cell transcriptomics  of the mouse skin  reveal potential target of psoriasis,"Psoriasis is a complex chronic inflammatory skin disease, but the exact mechanism underlying its development remains elusive. We found the expression of SHP2 was significantly higher in skin lesions and human peripheral blood mononuclear cells derived from psoriatic patients than those from normal controls.  determine whether SHP2 activity affects psoriasis pathogenesis, we treated the murine psoriatic model with SHP099, a potent allosteric inhibitor of SHP2. SHP099 ameliorates the IMQ-induced psoriatic development in mice with unclear molecular mechanism. To address that, single-cell RNA sequencing was performed to explore the role of SHP2 in all cell types in IMQ-induced mouse skin upon SHP099 treatment.",Examination of 6  skin samples in IMQ-induced psoriasis-like mouse model,34936223; 35281792
SAID092,GSE165021,GSM5024748,Mouse,7741,IMQ-induced psoriasis,P56,female,dorsal skin,Adgre1+ Itgam+ Dermal Inf Macrophage|Apod+ Ebf2+ Igfbp6+ Preadipocyte-like Dermal Fibroblast|B Cell|Basophil|Bulge Hair-Follicle Stem Cell|Ccl27a+ Pre-granular Suprabasal Keratinocyte|Crabp1+ Hmga2+ Prrx1+ Wound-Activated Fibroblast|Ctss+ Lyz2+ Macrophage|Dcn+ Fstl1+ Col1a2+ Dermal Fibroblast|Dcn+ Lum+ Dermal Fibroblast|Dcn+ Pi16+ Fibroblast|Erythrocyte|Fbn2+ Mfap2+ Papillary Dermal Fibroblast|Gamma-delta T Cell|Hair Follicle Progenitor|Krt1+ Krt10+ Spinous Suprabasal Keratinocyte|Krt17+ Krt6a+ Migratory Keratinocyte|Krt5+ Krt14+ Basal Keratinocyte|Krt6a+ Krt14+ Metabolically Active Basal Keratinocyte|Langerhans Cell|Lymphatic Endothelial Cell|Mast Cell|Melanocyte|Proliferating Cell|Prrx1+ Ebf1+ Fibroblast Progenitor|S100a9+ S100a8+ Neutrophil|Schwann cells|Sebaceous Gland Cell|Skap1+ Itk+ T Cell|Skeletal Muscle Progenitor|Sprr1a+ Krt17+ Prolif Suprabasal Keratinocyte|Vascular Endothelial Cell|Vascular Smooth Muscle Cell|cDC1 Dendritic Cell|cDC2 Dendritic Cell,Bulge Hair-Follicle Stem Cell|Erythrocyte|Fibroblast|Hair Follicle Progenitor|Immune|Keratinocyte|Lymphatic Endothelial Cell|Melanocyte|Proliferating Cell|Schwann cells|Sebaceous Gland Cell|Skeletal Muscle Progenitor|Vascular Endothelial Cell|Vascular Smooth Muscle Cell,Single-cell transcriptomics  of the mouse skin  reveal potential target of psoriasis,"Psoriasis is a complex chronic inflammatory skin disease, but the exact mechanism underlying its development remains elusive. We found the expression of SHP2 was significantly higher in skin lesions and human peripheral blood mononuclear cells derived from psoriatic patients than those from normal controls.  determine whether SHP2 activity affects psoriasis pathogenesis, we treated the murine psoriatic model with SHP099, a potent allosteric inhibitor of SHP2. SHP099 ameliorates the IMQ-induced psoriatic development in mice with unclear molecular mechanism. To address that, single-cell RNA sequencing was performed to explore the role of SHP2 in all cell types in IMQ-induced mouse skin upon SHP099 treatment.",Examination of 6  skin samples in IMQ-induced psoriasis-like mouse model,34936223; 35281792
SAID093,GSE165021,GSM5024749,Mouse,10134,IMQ-induced psoriasis,P56,female,dorsal skin,Apod+ Ebf2+ Igfbp6+ Preadipocyte-like Dermal Fibroblast|B Cell|Basophil|Bulge Hair-Follicle Stem Cell|Ccl27a+ Pre-granular Suprabasal Keratinocyte|Crabp1+ Hmga2+ Prrx1+ Wound-Activated Fibroblast|Ctss+ Lyz2+ Macrophage|Dcn+ Fstl1+ Col1a2+ Dermal Fibroblast|Dcn+ Lum+ Dermal Fibroblast|Dcn+ Pi16+ Fibroblast|Fbn2+ Mfap2+ Papillary Dermal Fibroblast|Gamma-delta T Cell|Hair Follicle Progenitor|Krt5+ Krt14+ Basal Keratinocyte|Krt6a+ Krt14+ Metabolically Active Basal Keratinocyte|Langerhans Cell|Lymphatic Endothelial Cell|Mast Cell|Melanocyte|Prrx1+ Ebf1+ Fibroblast Progenitor|S100a9+ S100a8+ Neutrophil|Schwann cells|Sebaceous Gland Cell|Skap1+ Itk+ T Cell|Skeletal Muscle Cell|Skeletal Muscle Progenitor|Sprr1a+ Krt17+ Prolif Suprabasal Keratinocyte|Vascular Endothelial Cell|Vascular Smooth Muscle Cell|cDC1 Dendritic Cell|cDC2 Dendritic Cell,Bulge Hair-Follicle Stem Cell|Fibroblast|Hair Follicle Progenitor|Immune|Keratinocyte|Lymphatic Endothelial Cell|Melanocyte|Schwann cells|Sebaceous Gland Cell|Skeletal Muscle Cell|Skeletal Muscle Progenitor|Vascular Endothelial Cell|Vascular Smooth Muscle Cell,Single-cell transcriptomics  of the mouse skin  reveal potential target of psoriasis,"Psoriasis is a complex chronic inflammatory skin disease, but the exact mechanism underlying its development remains elusive. We found the expression of SHP2 was significantly higher in skin lesions and human peripheral blood mononuclear cells derived from psoriatic patients than those from normal controls.  determine whether SHP2 activity affects psoriasis pathogenesis, we treated the murine psoriatic model with SHP099, a potent allosteric inhibitor of SHP2. SHP099 ameliorates the IMQ-induced psoriatic development in mice with unclear molecular mechanism. To address that, single-cell RNA sequencing was performed to explore the role of SHP2 in all cell types in IMQ-induced mouse skin upon SHP099 treatment.",Examination of 6  skin samples in IMQ-induced psoriasis-like mouse model,34936223; 35281792
SAID094,GSE165021,GSM5024750,Mouse,8576,IMQ-induced psoriasis + SHP099 Treatment,P56,female,dorsal skin,Apod+ Ebf2+ Igfbp6+ Preadipocyte-like Dermal Fibroblast|Basophil|Bulge Hair-Follicle Stem Cell|Ccl27a+ Pre-granular Suprabasal Keratinocyte|Crabp1+ Hmga2+ Prrx1+ Wound-Activated Fibroblast|Ctss+ Lyz2+ Macrophage|Dcn+ Fstl1+ Col1a2+ Dermal Fibroblast|Dcn+ Lum+ Dermal Fibroblast|Dcn+ Pi16+ Fibroblast|Fbn2+ Mfap2+ Papillary Dermal Fibroblast|Gamma-delta T Cell|Hair Follicle Progenitor|Krt1+ Krt10+ Spinous Suprabasal Keratinocyte|Krt16+ Sprr1b+ Activated Keratinocyte|Krt5+ Krt14+ Basal Keratinocyte|Krt6a+ Krt14+ Metabolically Active Basal Keratinocyte|Langerhans Cell|Lymphatic Endothelial Cell|Mast Cell|Melanocyte|Proliferating Cell|Prrx1+ Ebf1+ Fibroblast Progenitor|S100a9+ S100a8+ Neutrophil|Schwann cells|Sebaceous Gland Cell|Skap1+ Itk+ T Cell|Skeletal Muscle Progenitor|Sprr1a+ Krt17+ Prolif Suprabasal Keratinocyte|Vascular Endothelial Cell|Vascular Smooth Muscle Cell|cDC2 Dendritic Cell,Bulge Hair-Follicle Stem Cell|Fibroblast|Hair Follicle Progenitor|Immune|Keratinocyte|Lymphatic Endothelial Cell|Melanocyte|Proliferating Cell|Schwann cells|Sebaceous Gland Cell|Skeletal Muscle Progenitor|Vascular Endothelial Cell|Vascular Smooth Muscle Cell,Single-cell transcriptomics  of the mouse skin  reveal potential target of psoriasis,"Psoriasis is a complex chronic inflammatory skin disease, but the exact mechanism underlying its development remains elusive. We found the expression of SHP2 was significantly higher in skin lesions and human peripheral blood mononuclear cells derived from psoriatic patients than those from normal controls.  determine whether SHP2 activity affects psoriasis pathogenesis, we treated the murine psoriatic model with SHP099, a potent allosteric inhibitor of SHP2. SHP099 ameliorates the IMQ-induced psoriatic development in mice with unclear molecular mechanism. To address that, single-cell RNA sequencing was performed to explore the role of SHP2 in all cell types in IMQ-induced mouse skin upon SHP099 treatment.",Examination of 6  skin samples in IMQ-induced psoriasis-like mouse model,34936223; 35281792
SAID095,GSE165021,GSM5024751,Mouse,7222,IMQ-induced psoriasis + SHP099 Treatment,P56,female,dorsal skin,Apod+ Ebf2+ Igfbp6+ Preadipocyte-like Dermal Fibroblast|B Cell|Basophil|Bulge Hair-Follicle Stem Cell|Ccl27a+ Pre-granular Suprabasal Keratinocyte|Crabp1+ Hmga2+ Prrx1+ Wound-Activated Fibroblast|Ctss+ Lyz2+ Macrophage|Dcn+ Fstl1+ Col1a2+ Dermal Fibroblast|Dcn+ Lum+ Dermal Fibroblast|Dcn+ Pi16+ Fibroblast|Erythrocyte|Fbn2+ Mfap2+ Papillary Dermal Fibroblast|Gamma-delta T Cell|Hair Follicle Progenitor|Krt16+ Sprr1b+ Activated Keratinocyte|Krt17+ Krt6a+ Migratory Keratinocyte|Krt5+ Krt14+ Basal Keratinocyte|Krt6a+ Krt14+ Metabolically Active Basal Keratinocyte|Langerhans Cell|Lymphatic Endothelial Cell|Mast Cell|Melanocyte|Proliferating Cell|Prrx1+ Ebf1+ Fibroblast Progenitor|S100a9+ S100a8+ Neutrophil|Schwann cells|Sebaceous Gland Cell|Skap1+ Itk+ T Cell|Skeletal Muscle Cell|Skeletal Muscle Progenitor|Sprr1a+ Krt17+ Prolif Suprabasal Keratinocyte|Vascular Endothelial Cell|Vascular Smooth Muscle Cell|cDC1 Dendritic Cell|cDC2 Dendritic Cell,Bulge Hair-Follicle Stem Cell|Erythrocyte|Fibroblast|Hair Follicle Progenitor|Immune|Keratinocyte|Lymphatic Endothelial Cell|Melanocyte|Proliferating Cell|Schwann cells|Sebaceous Gland Cell|Skeletal Muscle Cell|Skeletal Muscle Progenitor|Vascular Endothelial Cell|Vascular Smooth Muscle Cell,Single-cell transcriptomics  of the mouse skin  reveal potential target of psoriasis,"Psoriasis is a complex chronic inflammatory skin disease, but the exact mechanism underlying its development remains elusive. We found the expression of SHP2 was significantly higher in skin lesions and human peripheral blood mononuclear cells derived from psoriatic patients than those from normal controls.  determine whether SHP2 activity affects psoriasis pathogenesis, we treated the murine psoriatic model with SHP099, a potent allosteric inhibitor of SHP2. SHP099 ameliorates the IMQ-induced psoriatic development in mice with unclear molecular mechanism. To address that, single-cell RNA sequencing was performed to explore the role of SHP2 in all cell types in IMQ-induced mouse skin upon SHP099 treatment.",Examination of 6  skin samples in IMQ-induced psoriasis-like mouse model,34936223; 35281792
SAID096,GSE212673,GSM6543169,Mouse,2035,Healthy,E14.5,Both,dorsal skin,B Cell|Ccl27a+ Pre-granular Suprabasal Keratinocyte|Dcn+ Pi16+ Fibroblast|Fbn2+ Mfap2+ Papillary Dermal Fibroblast|Hair Follicle Progenitor|Krt1+ Krt10+ Spinous Suprabasal Keratinocyte|Krt25/28+ Dlx3+ Lef1+ Inner Root Sheath Cell|Krt5+ Krt14+ Basal Keratinocyte|Krt6a+ Krt14+ Metabolically Active Basal Keratinocyte|Melanocyte|Proliferating Cell,Fibroblast|Hair Follicle Progenitor|Immune|Inner Root Sheath Cell|Keratinocyte|Melanocyte|Proliferating Cell,Transcriptomic landscape of early hair follicle and epidermal development [scRNA-seq],In-depth transcriptional analysis of mature hair placode and interfollicular epithelium using scRNA-seq method.,"Whole dorsal skin epithelium scRNAseq was performed on one wild type E14.5 replicate, and placode-enriched on two wild type E14.5 biological replicates.",37318953
SAID097,GSE212673,GSM6543170,Mouse,2141,Healthy,E14.5,Both,dorsal skin,Hair Follicle Progenitor|Krt25/28+ Dlx3+ Lef1+ Inner Root Sheath Cell|Krt5+ Krt14+ Basal Keratinocyte|Krt6a+ Krt14+ Metabolically Active Basal Keratinocyte|Melanocyte,Hair Follicle Progenitor|Inner Root Sheath Cell|Keratinocyte|Melanocyte,Transcriptomic landscape of early hair follicle and epidermal development [scRNA-seq],In-depth transcriptional analysis of mature hair placode and interfollicular epithelium using scRNA-seq method.,"Whole dorsal skin epithelium scRNAseq was performed on one wild type E14.5 replicate, and placode-enriched on two wild type E14.5 biological replicates.",37318953
SAID098,GSE212673,GSM6543171,Mouse,2851,Healthy,E14.5,Both,dorsal skin,B Cell|Bulge Hair-Follicle Stem Cell|Hair Follicle Progenitor|Krt25/28+ Dlx3+ Lef1+ Inner Root Sheath Cell|Krt5+ Krt14+ Basal Keratinocyte|Krt6a+ Krt14+ Metabolically Active Basal Keratinocyte,Bulge Hair-Follicle Stem Cell|Hair Follicle Progenitor|Immune|Inner Root Sheath Cell|Keratinocyte,Transcriptomic landscape of early hair follicle and epidermal development [scRNA-seq],In-depth transcriptional analysis of mature hair placode and interfollicular epithelium using scRNA-seq method.,"Whole dorsal skin epithelium scRNAseq was performed on one wild type E14.5 replicate, and placode-enriched on two wild type E14.5 biological replicates.",37318953
SAID099,CRA004660,SAMC438600,Mouse,6417,Healthy,P105,male,dorsal skin,Adgre1+ Itgam+ Dermal Inf Macrophage|Apod+ Ebf2+ Igfbp6+ Preadipocyte-like Dermal Fibroblast|B Cell|Bulge Hair-Follicle Stem Cell|Ccl27a+ Pre-granular Suprabasal Keratinocyte|Crabp1+ Hmga2+ Prrx1+ Wound-Activated Fibroblast|Ctss+ Lyz2+ Macrophage|Dcn+ Fstl1+ Col1a2+ Dermal Fibroblast|Dcn+ Lum+ Dermal Fibroblast|Dcn+ Pi16+ Fibroblast|Erythrocyte|Fbn2+ Mfap2+ Papillary Dermal Fibroblast|Gamma-delta T Cell|Hair Follicle Progenitor|Krt1+ Krt10+ Spinous Suprabasal Keratinocyte|Krt25/28+ Dlx3+ Lef1+ Inner Root Sheath Cell|Krt5+ Krt14+ Basal Keratinocyte|Krt6a+ Krt14+ Metabolically Active Basal Keratinocyte|Langerhans Cell|Lymphatic Endothelial Cell|Melanocyte|Proliferating Cell|Prrx1+ Ebf1+ Fibroblast Progenitor|S100a9+ S100a8+ Neutrophil|Schwann cells|Sebaceous Gland Cell|Sensory Neuron|Skap1+ Itk+ T Cell|Skeletal Muscle Cell|Skeletal Muscle Progenitor|Sprr1a+ Krt16+ Granular Suprabasal Keratinocyte|Sprr1a+ Krt17+ Prolif Suprabasal Keratinocyte|Vascular Endothelial Cell|Vascular Smooth Muscle Cell|cDC2 Dendritic Cell,Bulge Hair-Follicle Stem Cell|Erythrocyte|Fibroblast|Hair Follicle Progenitor|Immune|Inner Root Sheath Cell|Keratinocyte|Lymphatic Endothelial Cell|Melanocyte|Proliferating Cell|Schwann cells|Sebaceous Gland Cell|Sensory Neuron|Skeletal Muscle Cell|Skeletal Muscle Progenitor|Vascular Endothelial Cell|Vascular Smooth Muscle Cell,,,,
SAID100,CRA004660,SAMC438601,Mouse,7873,Healthy,P700,male,dorsal skin,Adgre1+ Itgam+ Dermal Inf Macrophage|Apod+ Ebf2+ Igfbp6+ Preadipocyte-like Dermal Fibroblast|B Cell|Bulge Hair-Follicle Stem Cell|Ccl27a+ Pre-granular Suprabasal Keratinocyte|Ctss+ Lyz2+ Macrophage|Dcn+ Fstl1+ Col1a2+ Dermal Fibroblast|Dcn+ Lum+ Dermal Fibroblast|Dcn+ Pi16+ Fibroblast|Erythrocyte|Fbn2+ Mfap2+ Papillary Dermal Fibroblast|Gamma-delta T Cell|Hair Follicle Progenitor|Krt1+ Krt10+ Spinous Suprabasal Keratinocyte|Krt17+ Krt6a+ Migratory Keratinocyte|Krt25/28+ Dlx3+ Lef1+ Inner Root Sheath Cell|Krt5+ Krt14+ Basal Keratinocyte|Krt6a+ Krt14+ Metabolically Active Basal Keratinocyte|Langerhans Cell|Lymphatic Endothelial Cell|Mast Cell|Melanocyte|Proliferating Cell|Prrx1+ Ebf1+ Fibroblast Progenitor|S100a9+ S100a8+ Neutrophil|Schwann cells|Sensory Neuron|Skap1+ Itk+ T Cell|Skeletal Muscle Cell|Skeletal Muscle Progenitor|Sprr1a+ Krt16+ Granular Suprabasal Keratinocyte|Sprr1a+ Krt17+ Prolif Suprabasal Keratinocyte|Vascular Endothelial Cell|Vascular Smooth Muscle Cell|cDC1 Dendritic Cell|cDC2 Dendritic Cell,Bulge Hair-Follicle Stem Cell|Erythrocyte|Fibroblast|Hair Follicle Progenitor|Immune|Inner Root Sheath Cell|Keratinocyte|Lymphatic Endothelial Cell|Melanocyte|Proliferating Cell|Schwann cells|Sensory Neuron|Skeletal Muscle Cell|Skeletal Muscle Progenitor|Vascular Endothelial Cell|Vascular Smooth Muscle Cell,,,,
SAID101,CRA004660,SAMC438602,Mouse,4024,Healthy,P105,male,dorsal skin,Adgre1+ Itgam+ Dermal Inf Macrophage|Apod+ Ebf2+ Igfbp6+ Preadipocyte-like Dermal Fibroblast|B Cell|Bulge Hair-Follicle Stem Cell|Ccl27a+ Pre-granular Suprabasal Keratinocyte|Crabp1+ Hmga2+ Prrx1+ Wound-Activated Fibroblast|Ctss+ Lyz2+ Macrophage|Dcn+ Fstl1+ Col1a2+ Dermal Fibroblast|Dcn+ Lum+ Dermal Fibroblast|Dcn+ Pi16+ Fibroblast|Erythrocyte|Fbn2+ Mfap2+ Papillary Dermal Fibroblast|Gamma-delta T Cell|Hair Follicle Progenitor|Krt1+ Krt10+ Spinous Suprabasal Keratinocyte|Krt25/28+ Dlx3+ Lef1+ Inner Root Sheath Cell|Krt5+ Krt14+ Basal Keratinocyte|Krt6a+ Krt14+ Metabolically Active Basal Keratinocyte|Langerhans Cell|Lymphatic Endothelial Cell|Mast Cell|Melanocyte|Proliferating Cell|Prrx1+ Ebf1+ Fibroblast Progenitor|S100a9+ S100a8+ Neutrophil|Schwann cells|Sebaceous Gland Cell|Skap1+ Itk+ T Cell|Skeletal Muscle Progenitor|Sprr1a+ Krt17+ Prolif Suprabasal Keratinocyte|Vascular Endothelial Cell|Vascular Smooth Muscle Cell|cDC2 Dendritic Cell,Bulge Hair-Follicle Stem Cell|Erythrocyte|Fibroblast|Hair Follicle Progenitor|Immune|Inner Root Sheath Cell|Keratinocyte|Lymphatic Endothelial Cell|Melanocyte|Proliferating Cell|Schwann cells|Sebaceous Gland Cell|Skeletal Muscle Progenitor|Vascular Endothelial Cell|Vascular Smooth Muscle Cell,,,,
SAID102,CRA004660,SAMC438603,Mouse,5804,Healthy,P700,male,dorsal skin,Adgre1+ Itgam+ Dermal Inf Macrophage|Apod+ Ebf2+ Igfbp6+ Preadipocyte-like Dermal Fibroblast|B Cell|Bulge Hair-Follicle Stem Cell|Ccl27a+ Pre-granular Suprabasal Keratinocyte|Crabp1+ Hmga2+ Prrx1+ Wound-Activated Fibroblast|Ctss+ Lyz2+ Macrophage|Dcn+ Fstl1+ Col1a2+ Dermal Fibroblast|Dcn+ Lum+ Dermal Fibroblast|Dcn+ Pi16+ Fibroblast|Fbn2+ Mfap2+ Papillary Dermal Fibroblast|Gamma-delta T Cell|Hair Follicle Progenitor|Krt1+ Krt10+ Spinous Suprabasal Keratinocyte|Krt17+ Krt6a+ Migratory Keratinocyte|Krt25/28+ Dlx3+ Lef1+ Inner Root Sheath Cell|Krt5+ Krt14+ Basal Keratinocyte|Krt6a+ Krt14+ Metabolically Active Basal Keratinocyte|Langerhans Cell|Lymphatic Endothelial Cell|Mast Cell|Melanocyte|Proliferating Cell|Prrx1+ Ebf1+ Fibroblast Progenitor|S100a9+ S100a8+ Neutrophil|Schwann cells|Sebaceous Gland Cell|Skap1+ Itk+ T Cell|Skeletal Muscle Cell|Skeletal Muscle Progenitor|Sprr1a+ Krt16+ Granular Suprabasal Keratinocyte|Sprr1a+ Krt17+ Prolif Suprabasal Keratinocyte|Vascular Endothelial Cell|Vascular Smooth Muscle Cell|cDC1 Dendritic Cell|cDC2 Dendritic Cell,Bulge Hair-Follicle Stem Cell|Fibroblast|Hair Follicle Progenitor|Immune|Inner Root Sheath Cell|Keratinocyte|Lymphatic Endothelial Cell|Melanocyte|Proliferating Cell|Schwann cells|Sebaceous Gland Cell|Skeletal Muscle Cell|Skeletal Muscle Progenitor|Vascular Endothelial Cell|Vascular Smooth Muscle Cell,,,,
SAID103,CRA006512,SAMC703634,Mouse,6768,Healthy,P49,male,dorsal skin,Adgre1+ Itgam+ Dermal Inf Macrophage|Apod+ Ebf2+ Igfbp6+ Preadipocyte-like Dermal Fibroblast|Basophil|Bulge Hair-Follicle Stem Cell|Ccl27a+ Pre-granular Suprabasal Keratinocyte|Crabp1+ Hmga2+ Prrx1+ Wound-Activated Fibroblast|Ctss+ Lyz2+ Macrophage|Dcn+ Fstl1+ Col1a2+ Dermal Fibroblast|Dcn+ Lum+ Dermal Fibroblast|Dcn+ Pi16+ Fibroblast|Erythrocyte|Fbn2+ Mfap2+ Papillary Dermal Fibroblast|Gamma-delta T Cell|Krt1+ Krt10+ Spinous Suprabasal Keratinocyte|Krt25/28+ Dlx3+ Lef1+ Inner Root Sheath Cell|Krt5+ Krt14+ Basal Keratinocyte|Krt6a+ Krt14+ Metabolically Active Basal Keratinocyte|Langerhans Cell|Lymphatic Endothelial Cell|Mast Cell|Melanocyte|Proliferating Cell|Prrx1+ Ebf1+ Fibroblast Progenitor|S100a9+ S100a8+ Neutrophil|Schwann cells|Sebaceous Gland Cell|Skap1+ Itk+ T Cell|Skeletal Muscle Cell|Skeletal Muscle Progenitor|Sprr1a+ Krt16+ Granular Suprabasal Keratinocyte|Sprr1a+ Krt17+ Prolif Suprabasal Keratinocyte|Vascular Endothelial Cell|Vascular Smooth Muscle Cell|cDC1 Dendritic Cell|cDC2 Dendritic Cell,Bulge Hair-Follicle Stem Cell|Erythrocyte|Fibroblast|Immune|Inner Root Sheath Cell|Keratinocyte|Lymphatic Endothelial Cell|Melanocyte|Proliferating Cell|Schwann cells|Sebaceous Gland Cell|Skeletal Muscle Cell|Skeletal Muscle Progenitor|Vascular Endothelial Cell|Vascular Smooth Muscle Cell,,,,
SAID104,CRA006512,SAMC703635,Mouse,6083,Healthy,P49,male,dorsal skin,Adgre1+ Itgam+ Dermal Inf Macrophage|Apod+ Ebf2+ Igfbp6+ Preadipocyte-like Dermal Fibroblast|B Cell|Bulge Hair-Follicle Stem Cell|Ccl27a+ Pre-granular Suprabasal Keratinocyte|Crabp1+ Hmga2+ Prrx1+ Wound-Activated Fibroblast|Ctss+ Lyz2+ Macrophage|Dcn+ Fstl1+ Col1a2+ Dermal Fibroblast|Dcn+ Lum+ Dermal Fibroblast|Dcn+ Pi16+ Fibroblast|Fbn2+ Mfap2+ Papillary Dermal Fibroblast|Gamma-delta T Cell|Krt1+ Krt10+ Spinous Suprabasal Keratinocyte|Krt16+ Sprr1b+ Activated Keratinocyte|Krt17+ Krt6a+ Migratory Keratinocyte|Krt25/28+ Dlx3+ Lef1+ Inner Root Sheath Cell|Krt5+ Krt14+ Basal Keratinocyte|Krt6a+ Krt14+ Metabolically Active Basal Keratinocyte|Langerhans Cell|Lymphatic Endothelial Cell|Mast Cell|Melanocyte|Proliferating Cell|Prrx1+ Ebf1+ Fibroblast Progenitor|S100a9+ S100a8+ Neutrophil|Schwann cells|Sebaceous Gland Cell|Sensory Neuron|Skap1+ Itk+ T Cell|Skeletal Muscle Cell|Skeletal Muscle Progenitor|Sprr1a+ Krt16+ Granular Suprabasal Keratinocyte|Sprr1a+ Krt17+ Prolif Suprabasal Keratinocyte|Vascular Endothelial Cell|Vascular Smooth Muscle Cell|cDC1 Dendritic Cell|cDC2 Dendritic Cell,Bulge Hair-Follicle Stem Cell|Fibroblast|Immune|Inner Root Sheath Cell|Keratinocyte|Lymphatic Endothelial Cell|Melanocyte|Proliferating Cell|Schwann cells|Sebaceous Gland Cell|Sensory Neuron|Skeletal Muscle Cell|Skeletal Muscle Progenitor|Vascular Endothelial Cell|Vascular Smooth Muscle Cell,,,,
SAID105,CRA006512,SAMC703636,Mouse,6552,Healthy,P49,male,dorsal skin,Apod+ Ebf2+ Igfbp6+ Preadipocyte-like Dermal Fibroblast|Bulge Hair-Follicle Stem Cell|Ccl27a+ Pre-granular Suprabasal Keratinocyte|Ctss+ Lyz2+ Macrophage|Dcn+ Fstl1+ Col1a2+ Dermal Fibroblast|Dcn+ Lum+ Dermal Fibroblast|Dcn+ Pi16+ Fibroblast|Fbn2+ Mfap2+ Papillary Dermal Fibroblast|Gamma-delta T Cell|Krt1+ Krt10+ Spinous Suprabasal Keratinocyte|Krt25/28+ Dlx3+ Lef1+ Inner Root Sheath Cell|Krt5+ Krt14+ Basal Keratinocyte|Krt6a+ Krt14+ Metabolically Active Basal Keratinocyte|Langerhans Cell|Lymphatic Endothelial Cell|Melanocyte|Proliferating Cell|Prrx1+ Ebf1+ Fibroblast Progenitor|S100a9+ S100a8+ Neutrophil|Schwann cells|Sebaceous Gland Cell|Skap1+ Itk+ T Cell|Skeletal Muscle Progenitor|Sprr1a+ Krt16+ Granular Suprabasal Keratinocyte|Sprr1a+ Krt17+ Prolif Suprabasal Keratinocyte|Vascular Endothelial Cell|Vascular Smooth Muscle Cell|cDC1 Dendritic Cell|cDC2 Dendritic Cell,Bulge Hair-Follicle Stem Cell|Fibroblast|Immune|Inner Root Sheath Cell|Keratinocyte|Lymphatic Endothelial Cell|Melanocyte|Proliferating Cell|Schwann cells|Sebaceous Gland Cell|Skeletal Muscle Progenitor|Vascular Endothelial Cell|Vascular Smooth Muscle Cell,,,,
SAID106,CRA006512,SAMC703637,Mouse,5649,Healthy,P49,male,dorsal skin,Adgre1+ Itgam+ Dermal Inf Macrophage|Apod+ Ebf2+ Igfbp6+ Preadipocyte-like Dermal Fibroblast|B Cell|Basophil|Bulge Hair-Follicle Stem Cell|Ccl27a+ Pre-granular Suprabasal Keratinocyte|Ctss+ Lyz2+ Macrophage|Dcn+ Fstl1+ Col1a2+ Dermal Fibroblast|Dcn+ Lum+ Dermal Fibroblast|Dcn+ Pi16+ Fibroblast|Gamma-delta T Cell|Krt1+ Krt10+ Spinous Suprabasal Keratinocyte|Krt25/28+ Dlx3+ Lef1+ Inner Root Sheath Cell|Krt5+ Krt14+ Basal Keratinocyte|Krt6a+ Krt14+ Metabolically Active Basal Keratinocyte|Langerhans Cell|Lymphatic Endothelial Cell|Mast Cell|Melanocyte|Proliferating Cell|S100a9+ S100a8+ Neutrophil|Sebaceous Gland Cell|Sensory Neuron|Skap1+ Itk+ T Cell|Skeletal Muscle Cell|Sprr1a+ Krt16+ Granular Suprabasal Keratinocyte|Sprr1a+ Krt17+ Prolif Suprabasal Keratinocyte|Vascular Smooth Muscle Cell|cDC1 Dendritic Cell|cDC2 Dendritic Cell,Bulge Hair-Follicle Stem Cell|Fibroblast|Immune|Inner Root Sheath Cell|Keratinocyte|Lymphatic Endothelial Cell|Melanocyte|Proliferating Cell|Sebaceous Gland Cell|Sensory Neuron|Skeletal Muscle Cell|Vascular Smooth Muscle Cell,,,,
SAID107,CRA006512,SAMC703638,Mouse,6187,Healthy,P49,male,dorsal skin,Adgre1+ Itgam+ Dermal Inf Macrophage|Apod+ Ebf2+ Igfbp6+ Preadipocyte-like Dermal Fibroblast|Bulge Hair-Follicle Stem Cell|Ccl27a+ Pre-granular Suprabasal Keratinocyte|Crabp1+ Hmga2+ Prrx1+ Wound-Activated Fibroblast|Ctss+ Lyz2+ Macrophage|Dcn+ Fstl1+ Col1a2+ Dermal Fibroblast|Dcn+ Lum+ Dermal Fibroblast|Dcn+ Pi16+ Fibroblast|Erythrocyte|Fbn2+ Mfap2+ Papillary Dermal Fibroblast|Gamma-delta T Cell|Hair Follicle Progenitor|Krt1+ Krt10+ Spinous Suprabasal Keratinocyte|Krt25/28+ Dlx3+ Lef1+ Inner Root Sheath Cell|Krt5+ Krt14+ Basal Keratinocyte|Krt6a+ Krt14+ Metabolically Active Basal Keratinocyte|Langerhans Cell|Lymphatic Endothelial Cell|Mast Cell|Melanocyte|Proliferating Cell|Prrx1+ Ebf1+ Fibroblast Progenitor|S100a9+ S100a8+ Neutrophil|Schwann cells|Sebaceous Gland Cell|Sensory Neuron|Skap1+ Itk+ T Cell|Skeletal Muscle Cell|Skeletal Muscle Progenitor|Sprr1a+ Krt16+ Granular Suprabasal Keratinocyte|Sprr1a+ Krt17+ Prolif Suprabasal Keratinocyte|Vascular Endothelial Cell|Vascular Smooth Muscle Cell|cDC1 Dendritic Cell|cDC2 Dendritic Cell,Bulge Hair-Follicle Stem Cell|Erythrocyte|Fibroblast|Hair Follicle Progenitor|Immune|Inner Root Sheath Cell|Keratinocyte|Lymphatic Endothelial Cell|Melanocyte|Proliferating Cell|Schwann cells|Sebaceous Gland Cell|Sensory Neuron|Skeletal Muscle Cell|Skeletal Muscle Progenitor|Vascular Endothelial Cell|Vascular Smooth Muscle Cell,,,,
SAID108,CRA006512,SAMC703639,Mouse,6022,Healthy,P49,male,dorsal skin,Apod+ Ebf2+ Igfbp6+ Preadipocyte-like Dermal Fibroblast|B Cell|Bulge Hair-Follicle Stem Cell|Ccl27a+ Pre-granular Suprabasal Keratinocyte|Ctss+ Lyz2+ Macrophage|Dcn+ Fstl1+ Col1a2+ Dermal Fibroblast|Dcn+ Lum+ Dermal Fibroblast|Dcn+ Pi16+ Fibroblast|Fbn2+ Mfap2+ Papillary Dermal Fibroblast|Gamma-delta T Cell|Hair Follicle Progenitor|Krt1+ Krt10+ Spinous Suprabasal Keratinocyte|Krt25/28+ Dlx3+ Lef1+ Inner Root Sheath Cell|Krt5+ Krt14+ Basal Keratinocyte|Krt6a+ Krt14+ Metabolically Active Basal Keratinocyte|Langerhans Cell|Lymphatic Endothelial Cell|Mast Cell|Melanocyte|Proliferating Cell|Prrx1+ Ebf1+ Fibroblast Progenitor|Schwann cells|Sebaceous Gland Cell|Skap1+ Itk+ T Cell|Skeletal Muscle Progenitor|Sprr1a+ Krt16+ Granular Suprabasal Keratinocyte|Sprr1a+ Krt17+ Prolif Suprabasal Keratinocyte|Vascular Endothelial Cell|Vascular Smooth Muscle Cell|cDC2 Dendritic Cell,Bulge Hair-Follicle Stem Cell|Fibroblast|Hair Follicle Progenitor|Immune|Inner Root Sheath Cell|Keratinocyte|Lymphatic Endothelial Cell|Melanocyte|Proliferating Cell|Schwann cells|Sebaceous Gland Cell|Skeletal Muscle Progenitor|Vascular Endothelial Cell|Vascular Smooth Muscle Cell,,,,
SAID109,CRA006512,SAMC703640,Mouse,5940,Healthy,P49,male,dorsal skin,Apod+ Ebf2+ Igfbp6+ Preadipocyte-like Dermal Fibroblast|Bulge Hair-Follicle Stem Cell|Ccl27a+ Pre-granular Suprabasal Keratinocyte|Crabp1+ Hmga2+ Prrx1+ Wound-Activated Fibroblast|Ctss+ Lyz2+ Macrophage|Dcn+ Fstl1+ Col1a2+ Dermal Fibroblast|Dcn+ Lum+ Dermal Fibroblast|Dcn+ Pi16+ Fibroblast|Fbn2+ Mfap2+ Papillary Dermal Fibroblast|Gamma-delta T Cell|Hair Follicle Progenitor|Krt1+ Krt10+ Spinous Suprabasal Keratinocyte|Krt25/28+ Dlx3+ Lef1+ Inner Root Sheath Cell|Krt5+ Krt14+ Basal Keratinocyte|Krt6a+ Krt14+ Metabolically Active Basal Keratinocyte|Langerhans Cell|Lymphatic Endothelial Cell|Mast Cell|Melanocyte|Proliferating Cell|Prrx1+ Ebf1+ Fibroblast Progenitor|S100a9+ S100a8+ Neutrophil|Schwann cells|Sebaceous Gland Cell|Sensory Neuron|Skap1+ Itk+ T Cell|Skeletal Muscle Cell|Skeletal Muscle Progenitor|Sprr1a+ Krt16+ Granular Suprabasal Keratinocyte|Sprr1a+ Krt17+ Prolif Suprabasal Keratinocyte|Vascular Endothelial Cell|Vascular Smooth Muscle Cell|cDC1 Dendritic Cell|cDC2 Dendritic Cell,Bulge Hair-Follicle Stem Cell|Fibroblast|Hair Follicle Progenitor|Immune|Inner Root Sheath Cell|Keratinocyte|Lymphatic Endothelial Cell|Melanocyte|Proliferating Cell|Schwann cells|Sebaceous Gland Cell|Sensory Neuron|Skeletal Muscle Cell|Skeletal Muscle Progenitor|Vascular Endothelial Cell|Vascular Smooth Muscle Cell,,,,
SAID110,CRA028265,SAMC5706929,Mouse,11496,IMQ-induced psoriasis,P49,male,ear,Adgre1+ Itgam+ Dermal Inf Macrophage|Apod+ Ebf2+ Igfbp6+ Preadipocyte-like Dermal Fibroblast|B Cell|Bulge Hair-Follicle Stem Cell|Ccl27a+ Pre-granular Suprabasal Keratinocyte|Crabp1+ Hmga2+ Prrx1+ Wound-Activated Fibroblast|Ctss+ Lyz2+ Macrophage|Dcn+ Fstl1+ Col1a2+ Dermal Fibroblast|Dcn+ Lum+ Dermal Fibroblast|Dcn+ Pi16+ Fibroblast|Fbn2+ Mfap2+ Papillary Dermal Fibroblast|Gamma-delta T Cell|Hair Follicle Progenitor|Krt1+ Krt10+ Spinous Suprabasal Keratinocyte|Krt5+ Krt14+ Basal Keratinocyte|Krt6a+ Krt14+ Metabolically Active Basal Keratinocyte|Langerhans Cell|Lymphatic Endothelial Cell|Mast Cell|Melanocyte|Proliferating Cell|Prrx1+ Ebf1+ Fibroblast Progenitor|Schwann cells|Sebaceous Gland Cell|Skap1+ Itk+ T Cell|Sprr1a+ Krt17+ Prolif Suprabasal Keratinocyte|Vascular Endothelial Cell|Vascular Smooth Muscle Cell|cDC1 Dendritic Cell|cDC2 Dendritic Cell,Bulge Hair-Follicle Stem Cell|Fibroblast|Hair Follicle Progenitor|Immune|Keratinocyte|Lymphatic Endothelial Cell|Melanocyte|Proliferating Cell|Schwann cells|Sebaceous Gland Cell|Vascular Endothelial Cell|Vascular Smooth Muscle Cell,,,,
SAID111,CRA028265,SAMC5706930,Mouse,14332,IMQ-induced psoriasis,P49,male,ear,Adgre1+ Itgam+ Dermal Inf Macrophage|Apod+ Ebf2+ Igfbp6+ Preadipocyte-like Dermal Fibroblast|Basophil|Bulge Hair-Follicle Stem Cell|Ccl27a+ Pre-granular Suprabasal Keratinocyte|Crabp1+ Hmga2+ Prrx1+ Wound-Activated Fibroblast|Ctss+ Lyz2+ Macrophage|Dcn+ Fstl1+ Col1a2+ Dermal Fibroblast|Dcn+ Lum+ Dermal Fibroblast|Dcn+ Pi16+ Fibroblast|Fbn2+ Mfap2+ Papillary Dermal Fibroblast|Gamma-delta T Cell|Hair Follicle Progenitor|Krt1+ Krt10+ Spinous Suprabasal Keratinocyte|Krt17+ Krt6a+ Migratory Keratinocyte|Krt5+ Krt14+ Basal Keratinocyte|Krt6a+ Krt14+ Metabolically Active Basal Keratinocyte|Langerhans Cell|Lst1+ Fcer1g+ Monocyte|Lymphatic Endothelial Cell|Mast Cell|Melanocyte|Proliferating Cell|Prrx1+ Ebf1+ Fibroblast Progenitor|S100a9+ S100a8+ Neutrophil|Schwann cells|Sebaceous Gland Cell|Skap1+ Itk+ T Cell|Sprr1a+ Krt17+ Prolif Suprabasal Keratinocyte|Vascular Endothelial Cell|Vascular Smooth Muscle Cell|cDC1 Dendritic Cell|cDC2 Dendritic Cell,Bulge Hair-Follicle Stem Cell|Fibroblast|Hair Follicle Progenitor|Immune|Keratinocyte|Lymphatic Endothelial Cell|Melanocyte|Proliferating Cell|Schwann cells|Sebaceous Gland Cell|Vascular Endothelial Cell|Vascular Smooth Muscle Cell,,,,
SAID112,CRA028974,SAMC5773650,Mouse,9680,Card9 Knockout,P30,male,footpad,Adgre1+ Itgam+ Dermal Inf Macrophage|Apod+ Ebf2+ Igfbp6+ Preadipocyte-like Dermal Fibroblast|B Cell|Bulge Hair-Follicle Stem Cell|Ccl27a+ Pre-granular Suprabasal Keratinocyte|Crabp1+ Hmga2+ Prrx1+ Wound-Activated Fibroblast|Ctss+ Lyz2+ Macrophage|Dcn+ Fstl1+ Col1a2+ Dermal Fibroblast|Dcn+ Lum+ Dermal Fibroblast|Dcn+ Pi16+ Fibroblast|Fbn2+ Mfap2+ Papillary Dermal Fibroblast|Gamma-delta T Cell|Hair Follicle Progenitor|Krt1+ Krt10+ Spinous Suprabasal Keratinocyte|Krt25/28+ Dlx3+ Lef1+ Inner Root Sheath Cell|Krt5+ Krt14+ Basal Keratinocyte|Krt6a+ Krt14+ Metabolically Active Basal Keratinocyte|Langerhans Cell|Lymphatic Endothelial Cell|Mast Cell|Proliferating Cell|Prrx1+ Ebf1+ Fibroblast Progenitor|S100a9+ S100a8+ Neutrophil|Schwann cells|Sebaceous Gland Cell|Sensory Neuron|Skap1+ Itk+ T Cell|Skeletal Muscle Cell|Skeletal Muscle Progenitor|Sprr1a+ Krt16+ Granular Suprabasal Keratinocyte|Sprr1a+ Krt17+ Prolif Suprabasal Keratinocyte|Vascular Endothelial Cell|Vascular Smooth Muscle Cell|cDC1 Dendritic Cell|cDC2 Dendritic Cell,Bulge Hair-Follicle Stem Cell|Fibroblast|Hair Follicle Progenitor|Immune|Inner Root Sheath Cell|Keratinocyte|Lymphatic Endothelial Cell|Proliferating Cell|Schwann cells|Sebaceous Gland Cell|Sensory Neuron|Skeletal Muscle Cell|Skeletal Muscle Progenitor|Vascular Endothelial Cell|Vascular Smooth Muscle Cell,,,,
SAID113,CRA028974,SAMC5773651,Mouse,9972,Healthy,P30,male,footpad,Adgre1+ Itgam+ Dermal Inf Macrophage|Apod+ Ebf2+ Igfbp6+ Preadipocyte-like Dermal Fibroblast|B Cell|Bulge Hair-Follicle Stem Cell|Ccl27a+ Pre-granular Suprabasal Keratinocyte|Crabp1+ Hmga2+ Prrx1+ Wound-Activated Fibroblast|Ctss+ Lyz2+ Macrophage|Dcn+ Fstl1+ Col1a2+ Dermal Fibroblast|Dcn+ Lum+ Dermal Fibroblast|Dcn+ Pi16+ Fibroblast|Fbn2+ Mfap2+ Papillary Dermal Fibroblast|Gamma-delta T Cell|Hair Follicle Progenitor|Krt1+ Krt10+ Spinous Suprabasal Keratinocyte|Krt5+ Krt14+ Basal Keratinocyte|Krt6a+ Krt14+ Metabolically Active Basal Keratinocyte|Langerhans Cell|Lymphatic Endothelial Cell|Mast Cell|Melanocyte|Proliferating Cell|Prrx1+ Ebf1+ Fibroblast Progenitor|S100a9+ S100a8+ Neutrophil|Schwann cells|Sebaceous Gland Cell|Sensory Neuron|Skap1+ Itk+ T Cell|Skeletal Muscle Progenitor|Sprr1a+ Krt16+ Granular Suprabasal Keratinocyte|Sprr1a+ Krt17+ Prolif Suprabasal Keratinocyte|Vascular Endothelial Cell|Vascular Smooth Muscle Cell|cDC1 Dendritic Cell|cDC2 Dendritic Cell,Bulge Hair-Follicle Stem Cell|Fibroblast|Hair Follicle Progenitor|Immune|Keratinocyte|Lymphatic Endothelial Cell|Melanocyte|Proliferating Cell|Schwann cells|Sebaceous Gland Cell|Sensory Neuron|Skeletal Muscle Progenitor|Vascular Endothelial Cell|Vascular Smooth Muscle Cell,,,,
SAID114,CRA028974,SAMC5773652,Mouse,5638,Card9 Knockout,P30,male,footpad,Adgre1+ Itgam+ Dermal Inf Macrophage|Apod+ Ebf2+ Igfbp6+ Preadipocyte-like Dermal Fibroblast|B Cell|Basophil|Bulge Hair-Follicle Stem Cell|Ccl27a+ Pre-granular Suprabasal Keratinocyte|Crabp1+ Hmga2+ Prrx1+ Wound-Activated Fibroblast|Ctss+ Lyz2+ Macrophage|Dcn+ Fstl1+ Col1a2+ Dermal Fibroblast|Dcn+ Lum+ Dermal Fibroblast|Dcn+ Pi16+ Fibroblast|Fbn2+ Mfap2+ Papillary Dermal Fibroblast|Hair Follicle Progenitor|Krt1+ Krt10+ Spinous Suprabasal Keratinocyte|Krt17+ Krt6a+ Migratory Keratinocyte|Krt25/28+ Dlx3+ Lef1+ Inner Root Sheath Cell|Krt5+ Krt14+ Basal Keratinocyte|Krt6a+ Krt14+ Metabolically Active Basal Keratinocyte|Langerhans Cell|Lymphatic Endothelial Cell|Mast Cell|Proliferating Cell|Prrx1+ Ebf1+ Fibroblast Progenitor|S100a9+ S100a8+ Neutrophil|Schwann cells|Sebaceous Gland Cell|Sensory Neuron|Skap1+ Itk+ T Cell|Skeletal Muscle Cell|Skeletal Muscle Progenitor|Sprr1a+ Krt16+ Granular Suprabasal Keratinocyte|Sprr1a+ Krt17+ Prolif Suprabasal Keratinocyte|Vascular Endothelial Cell|Vascular Smooth Muscle Cell|cDC1 Dendritic Cell|cDC2 Dendritic Cell,Bulge Hair-Follicle Stem Cell|Fibroblast|Hair Follicle Progenitor|Immune|Inner Root Sheath Cell|Keratinocyte|Lymphatic Endothelial Cell|Proliferating Cell|Schwann cells|Sebaceous Gland Cell|Sensory Neuron|Skeletal Muscle Cell|Skeletal Muscle Progenitor|Vascular Endothelial Cell|Vascular Smooth Muscle Cell,,,,
SAID115,CRA028974,SAMC5773653,Mouse,6548,Healthy,P30,male,footpad,Adgre1+ Itgam+ Dermal Inf Macrophage|Apod+ Ebf2+ Igfbp6+ Preadipocyte-like Dermal Fibroblast|B Cell|Bulge Hair-Follicle Stem Cell|Ccl27a+ Pre-granular Suprabasal Keratinocyte|Crabp1+ Hmga2+ Prrx1+ Wound-Activated Fibroblast|Ctss+ Lyz2+ Macrophage|Dcn+ Fstl1+ Col1a2+ Dermal Fibroblast|Dcn+ Lum+ Dermal Fibroblast|Dcn+ Pi16+ Fibroblast|Fbn2+ Mfap2+ Papillary Dermal Fibroblast|Gamma-delta T Cell|Hair Follicle Progenitor|Krt1+ Krt10+ Spinous Suprabasal Keratinocyte|Krt17+ Krt6a+ Migratory Keratinocyte|Krt25/28+ Dlx3+ Lef1+ Inner Root Sheath Cell|Krt5+ Krt14+ Basal Keratinocyte|Krt6a+ Krt14+ Metabolically Active Basal Keratinocyte|Langerhans Cell|Lymphatic Endothelial Cell|Mast Cell|Melanocyte|Proliferating Cell|Prrx1+ Ebf1+ Fibroblast Progenitor|S100a9+ S100a8+ Neutrophil|Schwann cells|Sebaceous Gland Cell|Sensory Neuron|Skap1+ Itk+ T Cell|Skeletal Muscle Cell|Skeletal Muscle Progenitor|Sprr1a+ Krt16+ Granular Suprabasal Keratinocyte|Sprr1a+ Krt17+ Prolif Suprabasal Keratinocyte|Vascular Endothelial Cell|Vascular Smooth Muscle Cell|cDC1 Dendritic Cell|cDC2 Dendritic Cell,Bulge Hair-Follicle Stem Cell|Fibroblast|Hair Follicle Progenitor|Immune|Inner Root Sheath Cell|Keratinocyte|Lymphatic Endothelial Cell|Melanocyte|Proliferating Cell|Schwann cells|Sebaceous Gland Cell|Sensory Neuron|Skeletal Muscle Cell|Skeletal Muscle Progenitor|Vascular Endothelial Cell|Vascular Smooth Muscle Cell,,,,
SAID116,CRA028974,SAMC5773654,Mouse,6995,Card9 Knockout,P30,male,footpad,Adgre1+ Itgam+ Dermal Inf Macrophage|Apod+ Ebf2+ Igfbp6+ Preadipocyte-like Dermal Fibroblast|B Cell|Basophil|Bulge Hair-Follicle Stem Cell|Ccl27a+ Pre-granular Suprabasal Keratinocyte|Crabp1+ Hmga2+ Prrx1+ Wound-Activated Fibroblast|Ctss+ Lyz2+ Macrophage|Dcn+ Fstl1+ Col1a2+ Dermal Fibroblast|Dcn+ Lum+ Dermal Fibroblast|Dcn+ Pi16+ Fibroblast|Fbn2+ Mfap2+ Papillary Dermal Fibroblast|Hair Follicle Progenitor|Krt1+ Krt10+ Spinous Suprabasal Keratinocyte|Krt25/28+ Dlx3+ Lef1+ Inner Root Sheath Cell|Krt5+ Krt14+ Basal Keratinocyte|Krt6a+ Krt14+ Metabolically Active Basal Keratinocyte|Langerhans Cell|Lymphatic Endothelial Cell|Mast Cell|Melanocyte|Proliferating Cell|Prrx1+ Ebf1+ Fibroblast Progenitor|S100a9+ S100a8+ Neutrophil|Schwann cells|Sebaceous Gland Cell|Sensory Neuron|Skap1+ Itk+ T Cell|Sprr1a+ Krt16+ Granular Suprabasal Keratinocyte|Sprr1a+ Krt17+ Prolif Suprabasal Keratinocyte|Vascular Endothelial Cell|Vascular Smooth Muscle Cell|cDC1 Dendritic Cell|cDC2 Dendritic Cell,Bulge Hair-Follicle Stem Cell|Fibroblast|Hair Follicle Progenitor|Immune|Inner Root Sheath Cell|Keratinocyte|Lymphatic Endothelial Cell|Melanocyte|Proliferating Cell|Schwann cells|Sebaceous Gland Cell|Sensory Neuron|Vascular Endothelial Cell|Vascular Smooth Muscle Cell,,,,
SAID117,CRA028974,SAMC5773655,Mouse,7849,Healthy,P30,male,footpad,Adgre1+ Itgam+ Dermal Inf Macrophage|Apod+ Ebf2+ Igfbp6+ Preadipocyte-like Dermal Fibroblast|B Cell|Bulge Hair-Follicle Stem Cell|Ccl27a+ Pre-granular Suprabasal Keratinocyte|Crabp1+ Hmga2+ Prrx1+ Wound-Activated Fibroblast|Ctss+ Lyz2+ Macrophage|Dcn+ Fstl1+ Col1a2+ Dermal Fibroblast|Dcn+ Lum+ Dermal Fibroblast|Dcn+ Pi16+ Fibroblast|Hair Follicle Progenitor|Krt1+ Krt10+ Spinous Suprabasal Keratinocyte|Krt17+ Krt6a+ Migratory Keratinocyte|Krt25/28+ Dlx3+ Lef1+ Inner Root Sheath Cell|Krt5+ Krt14+ Basal Keratinocyte|Krt6a+ Krt14+ Metabolically Active Basal Keratinocyte|Langerhans Cell|Lymphatic Endothelial Cell|Mast Cell|Melanocyte|Proliferating Cell|Prrx1+ Ebf1+ Fibroblast Progenitor|S100a9+ S100a8+ Neutrophil|Schwann cells|Sebaceous Gland Cell|Sensory Neuron|Skap1+ Itk+ T Cell|Sprr1a+ Krt16+ Granular Suprabasal Keratinocyte|Sprr1a+ Krt17+ Prolif Suprabasal Keratinocyte|Vascular Endothelial Cell|Vascular Smooth Muscle Cell|cDC1 Dendritic Cell|cDC2 Dendritic Cell,Bulge Hair-Follicle Stem Cell|Fibroblast|Hair Follicle Progenitor|Immune|Inner Root Sheath Cell|Keratinocyte|Lymphatic Endothelial Cell|Melanocyte|Proliferating Cell|Schwann cells|Sebaceous Gland Cell|Sensory Neuron|Vascular Endothelial Cell|Vascular Smooth Muscle Cell,,,,
SAID118,CRA028974,SAMC5773656,Mouse,8913,Card9 Knockout,P30,male,footpad,Adgre1+ Itgam+ Dermal Inf Macrophage|Apod+ Ebf2+ Igfbp6+ Preadipocyte-like Dermal Fibroblast|B Cell|Basophil|Bulge Hair-Follicle Stem Cell|Ccl27a+ Pre-granular Suprabasal Keratinocyte|Crabp1+ Hmga2+ Prrx1+ Wound-Activated Fibroblast|Ctss+ Lyz2+ Macrophage|Dcn+ Fstl1+ Col1a2+ Dermal Fibroblast|Dcn+ Lum+ Dermal Fibroblast|Dcn+ Pi16+ Fibroblast|Fbn2+ Mfap2+ Papillary Dermal Fibroblast|Gamma-delta T Cell|Hair Follicle Progenitor|Krt1+ Krt10+ Spinous Suprabasal Keratinocyte|Krt17+ Krt6a+ Migratory Keratinocyte|Krt25/28+ Dlx3+ Lef1+ Inner Root Sheath Cell|Krt5+ Krt14+ Basal Keratinocyte|Krt6a+ Krt14+ Metabolically Active Basal Keratinocyte|Langerhans Cell|Lymphatic Endothelial Cell|Mast Cell|Proliferating Cell|Prrx1+ Ebf1+ Fibroblast Progenitor|S100a9+ S100a8+ Neutrophil|Schwann cells|Sebaceous Gland Cell|Sensory Neuron|Skap1+ Itk+ T Cell|Skeletal Muscle Cell|Skeletal Muscle Progenitor|Sprr1a+ Krt16+ Granular Suprabasal Keratinocyte|Sprr1a+ Krt17+ Prolif Suprabasal Keratinocyte|Vascular Endothelial Cell|Vascular Smooth Muscle Cell|cDC1 Dendritic Cell|cDC2 Dendritic Cell,Bulge Hair-Follicle Stem Cell|Fibroblast|Hair Follicle Progenitor|Immune|Inner Root Sheath Cell|Keratinocyte|Lymphatic Endothelial Cell|Proliferating Cell|Schwann cells|Sebaceous Gland Cell|Sensory Neuron|Skeletal Muscle Cell|Skeletal Muscle Progenitor|Vascular Endothelial Cell|Vascular Smooth Muscle Cell,,,,
SAID119,CRA028974,SAMC5773657,Mouse,9543,Healthy,P30,male,footpad,Adgre1+ Itgam+ Dermal Inf Macrophage|Apod+ Ebf2+ Igfbp6+ Preadipocyte-like Dermal Fibroblast|B Cell|Bulge Hair-Follicle Stem Cell|Ccl27a+ Pre-granular Suprabasal Keratinocyte|Crabp1+ Hmga2+ Prrx1+ Wound-Activated Fibroblast|Ctss+ Lyz2+ Macrophage|Dcn+ Fstl1+ Col1a2+ Dermal Fibroblast|Dcn+ Lum+ Dermal Fibroblast|Dcn+ Pi16+ Fibroblast|Gamma-delta T Cell|Hair Follicle Progenitor|Krt1+ Krt10+ Spinous Suprabasal Keratinocyte|Krt25/28+ Dlx3+ Lef1+ Inner Root Sheath Cell|Krt5+ Krt14+ Basal Keratinocyte|Krt6a+ Krt14+ Metabolically Active Basal Keratinocyte|Langerhans Cell|Lymphatic Endothelial Cell|Mast Cell|Melanocyte|Proliferating Cell|Prrx1+ Ebf1+ Fibroblast Progenitor|S100a9+ S100a8+ Neutrophil|Schwann cells|Sebaceous Gland Cell|Sensory Neuron|Skap1+ Itk+ T Cell|Skeletal Muscle Cell|Skeletal Muscle Progenitor|Sprr1a+ Krt16+ Granular Suprabasal Keratinocyte|Sprr1a+ Krt17+ Prolif Suprabasal Keratinocyte|Vascular Endothelial Cell|Vascular Smooth Muscle Cell|cDC1 Dendritic Cell|cDC2 Dendritic Cell,Bulge Hair-Follicle Stem Cell|Fibroblast|Hair Follicle Progenitor|Immune|Inner Root Sheath Cell|Keratinocyte|Lymphatic Endothelial Cell|Melanocyte|Proliferating Cell|Schwann cells|Sebaceous Gland Cell|Sensory Neuron|Skeletal Muscle Cell|Skeletal Muscle Progenitor|Vascular Endothelial Cell|Vascular Smooth Muscle Cell,,,,
SAID120,GSE249793,GSM7964420,Human,1629,Healthy,Not mentioned,Not mentioned,whole skin,B Cell|CD69+ IL7R+ Tissue-resident memory T Cell|CD8+ Cytotoxic T/NK Cells|CFD+ Secretory fibroblasts|COL17A1+ KRT14+ Basal Keratinocyte|FCN1+ Monocyte|IL7R+ Naive CD4 T Cell|Mast Cell|PECAM1+ Blood vascular Endothelial Cell|Plasma Cell|Resident T Cell|SPP1+ Inflammatory Macrophage|Suprabasal Keratinocyte|Unknown|cDC1 Dendritic Cell|cDC2 Dendritic Cell,Fibroblast|Immune|Keratinocyte|Unknown|Vascular Endothelial Cell,"scRNASeq Data of CD3 Negative Immune Cells in HS lesional skin, healthy skin, and matched blood","Hidradenitis suppurativa (HS) is an inflammatory skin disease with limited therapeutic options. We and others have previously identified an abnormal B cell infiltrate within HS lesional skin. We performed scRNASequencing on CD3 negative cells from inflammatory HS skin lesions, healthy control skin and matched blood to better understand infiltrating B cells amongst other immune cells within lesional skin.",scRNASeq of CD3 Negative cells sort-purified from enzymatically digested skin of biopsied hidradenitis suppurativa inflammatory lesions or of healthy control skin and from matched patient blood,38113104; 40690378
SAID121,GSE249793,GSM7964422,Human,2346,Healthy,Not mentioned,Not mentioned,whole skin,CD69+ IL7R+ Tissue-resident memory T Cell|CD8+ Cytotoxic T/NK Cells|CFD+ Secretory fibroblasts|Cycling T Cell|IL7R+ Naive CD4 T Cell|Langerhans Cell|Mast Cell|PECAM1+ Blood vascular Endothelial Cell|Plasma Cell|Regulatory T Cell|Resident T Cell|SPP1+ Inflammatory Macrophage|Suprabasal Keratinocyte|cDC1 Dendritic Cell|cDC2 Dendritic Cell,Fibroblast|Immune|Keratinocyte|Vascular Endothelial Cell,"scRNASeq Data of CD3 Negative Immune Cells in HS lesional skin, healthy skin, and matched blood","Hidradenitis suppurativa (HS) is an inflammatory skin disease with limited therapeutic options. We and others have previously identified an abnormal B cell infiltrate within HS lesional skin. We performed scRNASequencing on CD3 negative cells from inflammatory HS skin lesions, healthy control skin and matched blood to better understand infiltrating B cells amongst other immune cells within lesional skin.",scRNASeq of CD3 Negative cells sort-purified from enzymatically digested skin of biopsied hidradenitis suppurativa inflammatory lesions or of healthy control skin and from matched patient blood,38113104; 40690378
SAID122,GSE249793,GSM7964423,Human,2328,Healthy,Not mentioned,Not mentioned,whole skin,B Cell|CD69+ IL7R+ Tissue-resident memory T Cell|CD8+ Cytotoxic T/NK Cells|CFD+ Secretory fibroblasts|Erythrocyte|IL7R+ Naive CD4 T Cell|Langerhans Cell|Mast Cell|PECAM1+ Blood vascular Endothelial Cell|Plasma Cell|Regulatory T Cell|Resident T Cell|SPP1+ Inflammatory Macrophage|Suprabasal Keratinocyte|cDC1 Dendritic Cell|cDC2 Dendritic Cell,Erythrocyte|Fibroblast|Immune|Keratinocyte|Vascular Endothelial Cell,"scRNASeq Data of CD3 Negative Immune Cells in HS lesional skin, healthy skin, and matched blood","Hidradenitis suppurativa (HS) is an inflammatory skin disease with limited therapeutic options. We and others have previously identified an abnormal B cell infiltrate within HS lesional skin. We performed scRNASequencing on CD3 negative cells from inflammatory HS skin lesions, healthy control skin and matched blood to better understand infiltrating B cells amongst other immune cells within lesional skin.",scRNASeq of CD3 Negative cells sort-purified from enzymatically digested skin of biopsied hidradenitis suppurativa inflammatory lesions or of healthy control skin and from matched patient blood,38113104; 40690378
SAID123,GSE249793,GSM7964424,Human,1639,Healthy,Not mentioned,Not mentioned,whole skin,B Cell|CD69+ IL7R+ Tissue-resident memory T Cell|CD8+ Cytotoxic T/NK Cells|CFD+ Secretory fibroblasts|Cycling T Cell|IL7R+ Naive CD4 T Cell|Mast Cell|PECAM1+ Blood vascular Endothelial Cell|Plasma Cell|Regulatory T Cell|Resident T Cell|SPP1+ Inflammatory Macrophage|Smooth Muscle Cell|Suprabasal Keratinocyte|cDC1 Dendritic Cell|cDC2 Dendritic Cell,Fibroblast|Immune|Keratinocyte|Smooth Muscle Cell|Vascular Endothelial Cell,"scRNASeq Data of CD3 Negative Immune Cells in HS lesional skin, healthy skin, and matched blood","Hidradenitis suppurativa (HS) is an inflammatory skin disease with limited therapeutic options. We and others have previously identified an abnormal B cell infiltrate within HS lesional skin. We performed scRNASequencing on CD3 negative cells from inflammatory HS skin lesions, healthy control skin and matched blood to better understand infiltrating B cells amongst other immune cells within lesional skin.",scRNASeq of CD3 Negative cells sort-purified from enzymatically digested skin of biopsied hidradenitis suppurativa inflammatory lesions or of healthy control skin and from matched patient blood,38113104; 40690378
SAID124,GSE155850,GSM7754887,Human,706,Healthy,Not mentioned,Not mentioned,whole skin,COL17A1+ KRT14+ Basal Keratinocyte|Hair Follicle Keratinocyte|Hair Follicle Outer Root Sheath Keratinocyte|KRT1 KRT10+ Spinous Keratinocyte|KRTDAP+ DMKN+ Spinous Keratinocyte|Langerhans Cell|Melanocyte|Stress Keratinocyte|Suprabasal Keratinocyte|cDC2 Dendritic Cell,Immune|Keratinocyte|Melanocyte,scRNASeq data of CD45+CD3-CD19- and keratinocytes in normal and HS skin,"Hidradenitis suppurativa (HS) is a highly prevalent, morbid inflammatory skin disease with limited treatment options. The major cell types and inflammatory pathways in skin of HS patients are poorly understood. We profiled via scRNASeq myeloid cells and keratinocytes sort-purified from two healthy skin samples and two samples with HS pathology to determine major cell types and transcriptional pathways altered in HS.",scRNASeq of myeloid immune cells and keratinocytes profiled in healthy appearing skin versus skin with hidradenitis suppurativa pathology,32841223
SAID125,GSE155850,GSM7754889,Human,991,HS lesion,Not mentioned,Not mentioned,whole skin,CD69+ IL7R+ Tissue-resident memory T Cell|COL17A1+ KRT14+ Basal Keratinocyte|Hair Follicle Keratinocyte|Hair Follicle Outer Root Sheath Keratinocyte|KRT1 KRT10+ Spinous Keratinocyte|KRTDAP+ DMKN+ Spinous Keratinocyte|Melanocyte|PECAM1+ Blood vascular Endothelial Cell|S100A2+ Proliferating Keratinocyte|Stress Keratinocyte|Suprabasal Keratinocyte,Immune|Keratinocyte|Melanocyte|Vascular Endothelial Cell,scRNASeq data of CD45+CD3-CD19- and keratinocytes in normal and HS skin,"Hidradenitis suppurativa (HS) is a highly prevalent, morbid inflammatory skin disease with limited treatment options. The major cell types and inflammatory pathways in skin of HS patients are poorly understood. We profiled via scRNASeq myeloid cells and keratinocytes sort-purified from two healthy skin samples and two samples with HS pathology to determine major cell types and transcriptional pathways altered in HS.",scRNASeq of myeloid immune cells and keratinocytes profiled in healthy appearing skin versus skin with hidradenitis suppurativa pathology,32841223
SAID126,GSE155850,GSM7754890,Human,2214,HS lesion,Not mentioned,Not mentioned,whole skin,COL17A1+ KRT14+ Basal Keratinocyte|Hair Follicle Keratinocyte|Hair Follicle Outer Root Sheath Keratinocyte|KRT1 KRT10+ Spinous Keratinocyte|KRTDAP+ DMKN+ Spinous Keratinocyte|Lymphatic Endothelial Cell|Melanocyte|PECAM1+ Blood vascular Endothelial Cell|S100A2+ Proliferating Keratinocyte|Stress Keratinocyte|Suprabasal Keratinocyte,Keratinocyte|Lymphatic Endothelial Cell|Melanocyte|Vascular Endothelial Cell,scRNASeq data of CD45+CD3-CD19- and keratinocytes in normal and HS skin,"Hidradenitis suppurativa (HS) is a highly prevalent, morbid inflammatory skin disease with limited treatment options. The major cell types and inflammatory pathways in skin of HS patients are poorly understood. We profiled via scRNASeq myeloid cells and keratinocytes sort-purified from two healthy skin samples and two samples with HS pathology to determine major cell types and transcriptional pathways altered in HS.",scRNASeq of myeloid immune cells and keratinocytes profiled in healthy appearing skin versus skin with hidradenitis suppurativa pathology,32841223
SAID127,GSE175990,GSM5352392,Human,7990,HS lesion,Not mentioned,Not mentioned,whole skin,ACKR1+ Post-Capillary Venule Endothelial Cell|B Cell|CD69+ IL7R+ Tissue-resident memory T Cell|CD8+ Cytotoxic T/NK Cells|CFD+ Secretory fibroblasts|Cycling T Cell|Erythrocyte|FCN1+ Monocyte|IL7R+ Naive CD4 T Cell|KRT1 KRT10+ Spinous Keratinocyte|Langerhans Cell|Mast Cell|Melanocyte|PECAM1+ Blood vascular Endothelial Cell|Plasma Cell|S100A2+ Proliferating Keratinocyte|SPP1+ Inflammatory Macrophage|SPP1+ Inflammatory Macrophages|Schwann Cell|Smooth Muscle Cell|Suprabasal Keratinocyte|Unknown|cDC1 Dendritic Cell|cDC2 Dendritic Cell,Erythrocyte|Fibroblast|Immune|Keratinocyte|Melanocyte|Schwann cell|Smooth Muscle Cell|Unknown|Vascular Endothelial Cell,Single cell transcriptional profile for hidradenitis suppurativa,"Hidradenitis suppurativa (HS) is a chronic inflammatory skin disease with a relapsing, remitting course. The disorder is characterized by painful abscesses and nodules in areas with high sweat gland and hair follicle density. The pathogenesis of HS is still incompletely understood. To provide insight into the cellular landscape of HS lesions, we utilized single-cell RNA sequencing (scRNA-seq) technology.",We performed scRNA-seq in lesional skin from patients with HS and heathy donor.,34504848
SAID128,GSE175990,GSM5352393,Human,2224,HS lesion,Not mentioned,Not mentioned,whole skin,B Cell|CD69+ IL7R+ Tissue-resident memory T Cell|CD8+ Cytotoxic T/NK Cells|CFD+ Secretory fibroblasts|Cycling T Cell|IL7R+ Naive CD4 T Cell|Langerhans Cell|Lymphatic Endothelial Cell|Mast Cell|Matrix Remodeling Fibroblasts|Melanocyte|PECAM1+ Blood vascular Endothelial Cell|Regulatory T Cell|SPP1+ Inflammatory Macrophage|SPP1+ Inflammatory Macrophages|Suprabasal Keratinocyte|Unknown|cDC1 Dendritic Cell|cDC2 Dendritic Cell,Fibroblast|Immune|Keratinocyte|Lymphatic Endothelial Cell|Melanocyte|Unknown|Vascular Endothelial Cell,Single cell transcriptional profile for hidradenitis suppurativa,"Hidradenitis suppurativa (HS) is a chronic inflammatory skin disease with a relapsing, remitting course. The disorder is characterized by painful abscesses and nodules in areas with high sweat gland and hair follicle density. The pathogenesis of HS is still incompletely understood. To provide insight into the cellular landscape of HS lesions, we utilized single-cell RNA sequencing (scRNA-seq) technology.",We performed scRNA-seq in lesional skin from patients with HS and heathy donor.,34504848
SAID129,GSE175990,GSM5352394,Human,7812,HS lesion,Not mentioned,Not mentioned,whole skin,ACKR1+ Post-Capillary Venule Endothelial Cell|B Cell|CD69+ IL7R+ Tissue-resident memory T Cell|CD8+ Cytotoxic T/NK Cells|CFD+ Secretory fibroblasts|Cycling T Cell|FCN1+ Monocyte|Hair Follicle Outer Root Sheath Keratinocyte|IL7R+ Naive CD4 T Cell|KIR3DL2+ NK/T Cell|Langerhans Cell|Lymphatic Endothelial Cell|Mast Cell|Matrix Remodeling Fibroblasts|Melanocyte|PECAM1+ Blood vascular Endothelial Cell|Plasma Cell|Regulatory T Cell|Resident T Cell|SPP1+ Inflammatory Macrophage|SPP1+ Inflammatory Macrophages|Schwann Cell|Smooth Muscle Cell|Suprabasal Keratinocyte|Unknown|cDC1 Dendritic Cell|cDC2 Dendritic Cell,Fibroblast|Immune|Keratinocyte|Lymphatic Endothelial Cell|Melanocyte|Schwann cell|Smooth Muscle Cell|Unknown|Vascular Endothelial Cell,Single cell transcriptional profile for hidradenitis suppurativa,"Hidradenitis suppurativa (HS) is a chronic inflammatory skin disease with a relapsing, remitting course. The disorder is characterized by painful abscesses and nodules in areas with high sweat gland and hair follicle density. The pathogenesis of HS is still incompletely understood. To provide insight into the cellular landscape of HS lesions, we utilized single-cell RNA sequencing (scRNA-seq) technology.",We performed scRNA-seq in lesional skin from patients with HS and heathy donor.,34504848
SAID130,GSE175990,GSM5352395,Human,2635,Healthy,Not mentioned,Not mentioned,whole skin,B Cell|CD69+ IL7R+ Tissue-resident memory T Cell|CD8+ Cytotoxic T/NK Cells|CFD+ Secretory fibroblasts|Cycling T Cell|FCN1+ Monocyte|IL7R+ Naive CD4 T Cell|Langerhans Cell|Lymphatic Endothelial Cell|Mast Cell|PECAM1+ Blood vascular Endothelial Cell|Regulatory T Cell|SPP1+ Inflammatory Macrophage|SPP1+ Inflammatory Macrophages|Smooth Muscle Cell|Suprabasal Keratinocyte|Unknown|cDC1 Dendritic Cell|cDC2 Dendritic Cell,Fibroblast|Immune|Keratinocyte|Lymphatic Endothelial Cell|Smooth Muscle Cell|Unknown|Vascular Endothelial Cell,Single cell transcriptional profile for hidradenitis suppurativa,"Hidradenitis suppurativa (HS) is a chronic inflammatory skin disease with a relapsing, remitting course. The disorder is characterized by painful abscesses and nodules in areas with high sweat gland and hair follicle density. The pathogenesis of HS is still incompletely understood. To provide insight into the cellular landscape of HS lesions, we utilized single-cell RNA sequencing (scRNA-seq) technology.",We performed scRNA-seq in lesional skin from patients with HS and heathy donor.,34504848
SAID131,GSE179565,GSM5420670,Human,2131,Healthy,10 weeks,Not mentioned,whole skin,ACKR1+ Post-Capillary Venule Endothelial Cell|B Cell|CD69+ IL7R+ Tissue-resident memory T Cell|CD8+ Cytotoxic T/NK Cells|CFD+ Secretory fibroblasts|Cycling T Cell|FCN1+ Monocyte|IL7R+ Naive CD4 T Cell|KRTDAP+ DMKN+ Spinous Keratinocyte|Langerhans Cell|Mast Cell|Matrix Remodeling Fibroblasts|Melanocyte|PECAM1+ Blood vascular Endothelial Cell|Plasma Cell|Regulatory T Cell|Resident T Cell|SPP1+ Inflammatory Macrophage|SPP1+ Inflammatory Macrophages|Schwann Cell|Smooth Muscle Cell|Suprabasal Keratinocyte|Unknown|cDC1 Dendritic Cell|cDC2 Dendritic Cell,Fibroblast|Immune|Keratinocyte|Melanocyte|Schwann cell|Smooth Muscle Cell|Unknown|Vascular Endothelial Cell,Single-cell transcriptome analysis reveals the dynamics of human immune cells during early fetal skin development,"The immune system of skin develops in stages in mice. However, the developmental dynamics of immune cells in human skin remains elusive. Here we perform transcriptome profiling of CD45+ hematopoietic cells in human fetal skin at an estimated gestational age of 10–17 weeks by single-cell RNA sequencing. A total of 13 immune cell types are identified. Skin macrophages show heterogeneity and dynamic over the course of skin development. A major shift in lymphoid cell developmental states occurs from the first to the second trimester that implied an in situ differentiation process. Gene expression analysis reveals a typical developmental program in immune cells in accordance with their functional maturation, possibly involving metabolic reprogramming. Finally, we identify transcription factors (TFs) that potentially regulate cellular transitions by comparing TFs and TF-target gene networks. These findings provide detailed insight into how the immune system of the human skin is established during development",Here we perform transcriptome profiling of CD45+ hematopoietic cells in human fetal skin at an estimated gestational age of 10–17 weeks by single-cell RNA sequencing,34380039
SAID132,GSE130973,GSM3758115,Human,3414,Healthy,25,male,whole skin,ACKR1+ Post-Capillary Venule Endothelial Cell|CD69+ IL7R+ Tissue-resident memory T Cell|CD8+ Cytotoxic T/NK Cells|CFD+ Secretory fibroblasts|COL17A1+ KRT14+ Basal Keratinocyte|Hair Follicle Keratinocyte|IL7R+ Naive CD4 T Cell|KRT1 KRT10+ Spinous Keratinocyte|KRTDAP+ DMKN+ Spinous Keratinocyte|Langerhans Cell|Lymphatic Endothelial Cell|Mast Cell|Matrix Remodeling Fibroblasts|Melanocyte|PECAM1+ Blood vascular Endothelial Cell|Plasma Cell|Regulatory T Cell|Resident T Cell|SPP1+ Inflammatory Macrophage|Schwann Cell|Smooth Muscle Cell|Stress Keratinocyte|Suprabasal Keratinocyte|Unknown|cDC1 Dendritic Cell|cDC2 Dendritic Cell,Fibroblast|Immune|Keratinocyte|Lymphatic Endothelial Cell|Melanocyte|Schwann cell|Smooth Muscle Cell|Unknown|Vascular Endothelial Cell,Single-cell transcriptomes of the aging human skin reveal loss of fibroblast priming,"Fibroblasts are the main dermal cell type and are essential for the architecture and function of human skin. Important differences have been described between fibroblasts localized in distinct dermal layers, and these cells are also known to perform varied functions. However, this phenomenon has not been analyzed comprehensively yet. Here we have used single-cell RNA sequencing to analyze >15,000 cells from a sun-protected area in young and old donors. Our results define four main fibroblast subpopulations that can be spatially localized and functionally distinguished. Importantly, intrinsic aging reduces this fibroblast ‘priming’, generates distinct expression patterns of skin aging-associated genes, and substantially reduces the interactions of dermal fibroblasts with other skin cell types. Our work thus provides comprehensive evidence for a functional specialization of human dermal fibroblasts and suggests that the age-related loss of fibroblast priming contributes to human skin aging.","Overall 5 samples were analyzed. Two of them are from young subjects (y1=25y, y2=27y) and serve as replicates, three of them are from old subjects (o1=53y, o2=70y, o3=69y) and serve as replicates.  Please note that the 'seurat_analysis_lyko.RData' file was replaced with the seurat_analysis_lyko.rds on Aug 6th, 2020.",32327715
SAID133,GSE130973,GSM3758116,Human,1294,Healthy,27,male,whole skin,CD69+ IL7R+ Tissue-resident memory T Cell|CD8+ Cytotoxic T/NK Cells|CFD+ Secretory fibroblasts|COL17A1+ KRT14+ Basal Keratinocyte|Eccrine Sweat Gland Cell|FCN1+ Monocyte|Hair Follicle Outer Root Sheath Keratinocyte|IL7R+ Naive CD4 T Cell|KRT1 KRT10+ Spinous Keratinocyte|Langerhans Cell|Lymphatic Endothelial Cell|Mast Cell|Melanocyte|PECAM1+ Blood vascular Endothelial Cell|Plasma Cell|Regulatory T Cell|SPP1+ Inflammatory Macrophage|Schwann Cell|Smooth Muscle Cell|Suprabasal Keratinocyte|cDC1 Dendritic Cell|cDC2 Dendritic Cell,Eccrine Sweat Gland Cell|Fibroblast|Immune|Keratinocyte|Lymphatic Endothelial Cell|Melanocyte|Schwann cell|Smooth Muscle Cell|Vascular Endothelial Cell,Single-cell transcriptomes of the aging human skin reveal loss of fibroblast priming,"Fibroblasts are the main dermal cell type and are essential for the architecture and function of human skin. Important differences have been described between fibroblasts localized in distinct dermal layers, and these cells are also known to perform varied functions. However, this phenomenon has not been analyzed comprehensively yet. Here we have used single-cell RNA sequencing to analyze >15,000 cells from a sun-protected area in young and old donors. Our results define four main fibroblast subpopulations that can be spatially localized and functionally distinguished. Importantly, intrinsic aging reduces this fibroblast ‘priming’, generates distinct expression patterns of skin aging-associated genes, and substantially reduces the interactions of dermal fibroblasts with other skin cell types. Our work thus provides comprehensive evidence for a functional specialization of human dermal fibroblasts and suggests that the age-related loss of fibroblast priming contributes to human skin aging.","Overall 5 samples were analyzed. Two of them are from young subjects (y1=25y, y2=27y) and serve as replicates, three of them are from old subjects (o1=53y, o2=70y, o3=69y) and serve as replicates.  Please note that the 'seurat_analysis_lyko.RData' file was replaced with the seurat_analysis_lyko.rds on Aug 6th, 2020.",32327715
SAID134,GSE130973,GSM3758117,Human,2334,Healthy,53,male,whole skin,ACKR1+ Post-Capillary Venule Endothelial Cell|CD69+ IL7R+ Tissue-resident memory T Cell|CD8+ Cytotoxic T/NK Cells|CFD+ Secretory fibroblasts|COL17A1+ KRT14+ Basal Keratinocyte|Cycling T Cell|Hair Follicle Keratinocyte|IL7R+ Naive CD4 T Cell|KRT1 KRT10+ Spinous Keratinocyte|Langerhans Cell|Lymphatic Endothelial Cell|Mast Cell|Matrix Remodeling Fibroblasts|Melanocyte|PECAM1+ Blood vascular Endothelial Cell|Plasma Cell|Regulatory T Cell|Resident T Cell|SPP1+ Inflammatory Macrophage|SPP1+ Inflammatory Macrophages|Schwann Cell|Smooth Muscle Cell|Suprabasal Keratinocyte|Unknown|cDC1 Dendritic Cell|cDC2 Dendritic Cell,Fibroblast|Immune|Keratinocyte|Lymphatic Endothelial Cell|Melanocyte|Schwann cell|Smooth Muscle Cell|Unknown|Vascular Endothelial Cell,Single-cell transcriptomes of the aging human skin reveal loss of fibroblast priming,"Fibroblasts are the main dermal cell type and are essential for the architecture and function of human skin. Important differences have been described between fibroblasts localized in distinct dermal layers, and these cells are also known to perform varied functions. However, this phenomenon has not been analyzed comprehensively yet. Here we have used single-cell RNA sequencing to analyze >15,000 cells from a sun-protected area in young and old donors. Our results define four main fibroblast subpopulations that can be spatially localized and functionally distinguished. Importantly, intrinsic aging reduces this fibroblast ‘priming’, generates distinct expression patterns of skin aging-associated genes, and substantially reduces the interactions of dermal fibroblasts with other skin cell types. Our work thus provides comprehensive evidence for a functional specialization of human dermal fibroblasts and suggests that the age-related loss of fibroblast priming contributes to human skin aging.","Overall 5 samples were analyzed. Two of them are from young subjects (y1=25y, y2=27y) and serve as replicates, three of them are from old subjects (o1=53y, o2=70y, o3=69y) and serve as replicates.  Please note that the 'seurat_analysis_lyko.RData' file was replaced with the seurat_analysis_lyko.rds on Aug 6th, 2020.",32327715
SAID135,GSE130973,GSM3758119,Human,2942,Healthy,69,male,whole skin,ACKR1+ Post-Capillary Venule Endothelial Cell|B Cell|CD69+ IL7R+ Tissue-resident memory T Cell|CD8+ Cytotoxic T/NK Cells|CFD+ Secretory fibroblasts|COL17A1+ KRT14+ Basal Keratinocyte|Cycling T Cell|FCN1+ Monocyte|IL7R+ Naive CD4 T Cell|KRT1 KRT10+ Spinous Keratinocyte|Langerhans Cell|Lymphatic Endothelial Cell|Mast Cell|Matrix Remodeling Fibroblasts|Melanocyte|PECAM1+ Blood vascular Endothelial Cell|Plasma Cell|Regulatory T Cell|SPP1+ Inflammatory Macrophage|Smooth Muscle Cell|Suprabasal Keratinocyte|cDC1 Dendritic Cell|cDC2 Dendritic Cell,Fibroblast|Immune|Keratinocyte|Lymphatic Endothelial Cell|Melanocyte|Smooth Muscle Cell|Vascular Endothelial Cell,Single-cell transcriptomes of the aging human skin reveal loss of fibroblast priming,"Fibroblasts are the main dermal cell type and are essential for the architecture and function of human skin. Important differences have been described between fibroblasts localized in distinct dermal layers, and these cells are also known to perform varied functions. However, this phenomenon has not been analyzed comprehensively yet. Here we have used single-cell RNA sequencing to analyze >15,000 cells from a sun-protected area in young and old donors. Our results define four main fibroblast subpopulations that can be spatially localized and functionally distinguished. Importantly, intrinsic aging reduces this fibroblast ‘priming’, generates distinct expression patterns of skin aging-associated genes, and substantially reduces the interactions of dermal fibroblasts with other skin cell types. Our work thus provides comprehensive evidence for a functional specialization of human dermal fibroblasts and suggests that the age-related loss of fibroblast priming contributes to human skin aging.","Overall 5 samples were analyzed. Two of them are from young subjects (y1=25y, y2=27y) and serve as replicates, three of them are from old subjects (o1=53y, o2=70y, o3=69y) and serve as replicates.  Please note that the 'seurat_analysis_lyko.RData' file was replaced with the seurat_analysis_lyko.rds on Aug 6th, 2020.",32327715
SAID136,GSE242477,GSM7764406,Human,10689,Acral Melanoma,Not mentioned,Not mentioned,whole skin,B Cell|CD69+ IL7R+ Tissue-resident memory T Cell|CD8+ Cytotoxic T/NK Cells|Cycling T Cell|IL7R+ Naive CD4 T Cell|KIR3DL2+ NK/T Cell|Melanocyte|Regulatory T Cell|Resident T Cell|SPP1+ Inflammatory Macrophage|cDC2 Dendritic Cell,Immune|Melanocyte,Single-cell profiling of acral melanoma infiltrating lymphocytes reveals a suppressive tumor microenvironment,"Acral lentiginous melanoma (ALM) is the most common melanoma subtype in non-Caucasians. Despite advances in cancer immunotherapy, current immune checkpoint inhibitors remain unsatisfactory for ALM. Hence, we conducted comprehensive immune profiling using single-cell phenotyping with reactivity screening of the T cell receptors of tumor-infiltrating T lymphocytes (TILs) in ALM. Compared with cutaneous melanoma, ALM showed a lower frequency of tumor-reactive CD8 clusters and an enrichment of regulatory T cells with direct tumor recognition ability, suggesting a suppressive immune microenvironment in ALM. Tumor-reactive CD8 TILs showed heterogeneous expression of coinhibitory molecules, including KLRC1 (NKG2A), in subpopulations with therapeutic implications. Overall, our study provides a foundation for enhancing the efficacy of immunotherapy in ALM.","Single-cell immune profiling of tumor-infiltrating lymphocytes from primary and metastatic human acral lentiginous melanoma was conducted. Individual cells were dissociated from fresh tumor resections, and tumor-infiltrating lymphocytes were isolated by FACS based on CD3CD45 staining. Single-cell 5' RNA-seq and paired full-length TCR-seq were performed using the 10X Genomics Chromium platform, and the samples were sequenced on the Illumina NextSeq HiSeq X Ten. RNA-seq data were obtained for the parental fresh tumor samples and the tumor cell line from two patients.",39630887; 40631515
SAID137,GSE242477,GSM7764408,Human,7015,Acral Melanoma,Not mentioned,Not mentioned,whole skin,CD69+ IL7R+ Tissue-resident memory T Cell|CD8+ Cytotoxic T/NK Cells|Cycling T Cell|IL7R+ Naive CD4 T Cell|KIR3DL2+ NK/T Cell|Melanocyte|PECAM1+ Blood vascular Endothelial Cell|Regulatory T Cell|Resident T Cell|S100A2+ Proliferating Keratinocyte|SPP1+ Inflammatory Macrophage,Immune|Keratinocyte|Melanocyte|Vascular Endothelial Cell,Single-cell profiling of acral melanoma infiltrating lymphocytes reveals a suppressive tumor microenvironment,"Acral lentiginous melanoma (ALM) is the most common melanoma subtype in non-Caucasians. Despite advances in cancer immunotherapy, current immune checkpoint inhibitors remain unsatisfactory for ALM. Hence, we conducted comprehensive immune profiling using single-cell phenotyping with reactivity screening of the T cell receptors of tumor-infiltrating T lymphocytes (TILs) in ALM. Compared with cutaneous melanoma, ALM showed a lower frequency of tumor-reactive CD8 clusters and an enrichment of regulatory T cells with direct tumor recognition ability, suggesting a suppressive immune microenvironment in ALM. Tumor-reactive CD8 TILs showed heterogeneous expression of coinhibitory molecules, including KLRC1 (NKG2A), in subpopulations with therapeutic implications. Overall, our study provides a foundation for enhancing the efficacy of immunotherapy in ALM.","Single-cell immune profiling of tumor-infiltrating lymphocytes from primary and metastatic human acral lentiginous melanoma was conducted. Individual cells were dissociated from fresh tumor resections, and tumor-infiltrating lymphocytes were isolated by FACS based on CD3CD45 staining. Single-cell 5' RNA-seq and paired full-length TCR-seq were performed using the 10X Genomics Chromium platform, and the samples were sequenced on the Illumina NextSeq HiSeq X Ten. RNA-seq data were obtained for the parental fresh tumor samples and the tumor cell line from two patients.",39630887; 40631515
SAID138,GSE242477,GSM7764410,Human,3460,Acral Melanoma,Not mentioned,Not mentioned,whole skin,CD69+ IL7R+ Tissue-resident memory T Cell|CD8+ Cytotoxic T/NK Cells|Cycling T Cell|IL7R+ Naive CD4 T Cell|KIR3DL2+ NK/T Cell|Melanocyte|PECAM1+ Blood vascular Endothelial Cell|Plasma Cell|Regulatory T Cell|Resident T Cell|S100A2+ Proliferating Keratinocyte|SPP1+ Inflammatory Macrophage|Smooth Muscle Cell|Suprabasal Keratinocyte|cDC2 Dendritic Cell,Immune|Keratinocyte|Melanocyte|Smooth Muscle Cell|Vascular Endothelial Cell,Single-cell profiling of acral melanoma infiltrating lymphocytes reveals a suppressive tumor microenvironment,"Acral lentiginous melanoma (ALM) is the most common melanoma subtype in non-Caucasians. Despite advances in cancer immunotherapy, current immune checkpoint inhibitors remain unsatisfactory for ALM. Hence, we conducted comprehensive immune profiling using single-cell phenotyping with reactivity screening of the T cell receptors of tumor-infiltrating T lymphocytes (TILs) in ALM. Compared with cutaneous melanoma, ALM showed a lower frequency of tumor-reactive CD8 clusters and an enrichment of regulatory T cells with direct tumor recognition ability, suggesting a suppressive immune microenvironment in ALM. Tumor-reactive CD8 TILs showed heterogeneous expression of coinhibitory molecules, including KLRC1 (NKG2A), in subpopulations with therapeutic implications. Overall, our study provides a foundation for enhancing the efficacy of immunotherapy in ALM.","Single-cell immune profiling of tumor-infiltrating lymphocytes from primary and metastatic human acral lentiginous melanoma was conducted. Individual cells were dissociated from fresh tumor resections, and tumor-infiltrating lymphocytes were isolated by FACS based on CD3CD45 staining. Single-cell 5' RNA-seq and paired full-length TCR-seq were performed using the 10X Genomics Chromium platform, and the samples were sequenced on the Illumina NextSeq HiSeq X Ten. RNA-seq data were obtained for the parental fresh tumor samples and the tumor cell line from two patients.",39630887; 40631515
SAID139,GSE242477,GSM7764411,Human,1216,Acral Melanoma,Not mentioned,Not mentioned,whole skin,CD69+ IL7R+ Tissue-resident memory T Cell|CD8+ Cytotoxic T/NK Cells|Cycling T Cell|IL7R+ Naive CD4 T Cell|KIR3DL2+ NK/T Cell|Regulatory T Cell|Resident T Cell|SPP1+ Inflammatory Macrophage|Suprabasal Keratinocyte|cDC2 Dendritic Cell,Immune|Keratinocyte,Single-cell profiling of acral melanoma infiltrating lymphocytes reveals a suppressive tumor microenvironment,"Acral lentiginous melanoma (ALM) is the most common melanoma subtype in non-Caucasians. Despite advances in cancer immunotherapy, current immune checkpoint inhibitors remain unsatisfactory for ALM. Hence, we conducted comprehensive immune profiling using single-cell phenotyping with reactivity screening of the T cell receptors of tumor-infiltrating T lymphocytes (TILs) in ALM. Compared with cutaneous melanoma, ALM showed a lower frequency of tumor-reactive CD8 clusters and an enrichment of regulatory T cells with direct tumor recognition ability, suggesting a suppressive immune microenvironment in ALM. Tumor-reactive CD8 TILs showed heterogeneous expression of coinhibitory molecules, including KLRC1 (NKG2A), in subpopulations with therapeutic implications. Overall, our study provides a foundation for enhancing the efficacy of immunotherapy in ALM.","Single-cell immune profiling of tumor-infiltrating lymphocytes from primary and metastatic human acral lentiginous melanoma was conducted. Individual cells were dissociated from fresh tumor resections, and tumor-infiltrating lymphocytes were isolated by FACS based on CD3CD45 staining. Single-cell 5' RNA-seq and paired full-length TCR-seq were performed using the 10X Genomics Chromium platform, and the samples were sequenced on the Illumina NextSeq HiSeq X Ten. RNA-seq data were obtained for the parental fresh tumor samples and the tumor cell line from two patients.",39630887; 40631515
SAID140,GSE242477,GSM7764412,Human,7104,Acral Melanoma,Not mentioned,Not mentioned,whole skin,CD69+ IL7R+ Tissue-resident memory T Cell|CD8+ Cytotoxic T/NK Cells|Cycling T Cell|IL7R+ Naive CD4 T Cell|KIR3DL2+ NK/T Cell|Regulatory T Cell|Resident T Cell|S100A2+ Proliferating Keratinocyte|Suprabasal Keratinocyte|cDC2 Dendritic Cell,Immune|Keratinocyte,Single-cell profiling of acral melanoma infiltrating lymphocytes reveals a suppressive tumor microenvironment,"Acral lentiginous melanoma (ALM) is the most common melanoma subtype in non-Caucasians. Despite advances in cancer immunotherapy, current immune checkpoint inhibitors remain unsatisfactory for ALM. Hence, we conducted comprehensive immune profiling using single-cell phenotyping with reactivity screening of the T cell receptors of tumor-infiltrating T lymphocytes (TILs) in ALM. Compared with cutaneous melanoma, ALM showed a lower frequency of tumor-reactive CD8 clusters and an enrichment of regulatory T cells with direct tumor recognition ability, suggesting a suppressive immune microenvironment in ALM. Tumor-reactive CD8 TILs showed heterogeneous expression of coinhibitory molecules, including KLRC1 (NKG2A), in subpopulations with therapeutic implications. Overall, our study provides a foundation for enhancing the efficacy of immunotherapy in ALM.","Single-cell immune profiling of tumor-infiltrating lymphocytes from primary and metastatic human acral lentiginous melanoma was conducted. Individual cells were dissociated from fresh tumor resections, and tumor-infiltrating lymphocytes were isolated by FACS based on CD3CD45 staining. Single-cell 5' RNA-seq and paired full-length TCR-seq were performed using the 10X Genomics Chromium platform, and the samples were sequenced on the Illumina NextSeq HiSeq X Ten. RNA-seq data were obtained for the parental fresh tumor samples and the tumor cell line from two patients.",39630887; 40631515
SAID141,GSE249622,GSM7951925,Human,633,HS lesion,Not mentioned,Not mentioned,whole skin,CD69+ IL7R+ Tissue-resident memory T Cell|CD8+ Cytotoxic T/NK Cells|Cycling T Cell|IL7R+ Naive CD4 T Cell|Regulatory T Cell|Resident T Cell,Immune,scRNASeq Data of CD4 Tregs and Teffectors in HS lesional skin and healthy skin,"Hidradenitis suppurativa (HS) is an inflammatory skin disease with limited therapeutic options. CD4 T Cells have been described as more inflammatory than T cells in healthy skin. To better understand alterations within the T cell compartment, we profiled CD4 Teffector cells and regulatory T cells (Treg) from inflammatory HS skin lesions and healthy control skin via scRNASequencing.",scRNASeq of Treg and CD4 Teffector cells sort-purified from enzymatically digested skin of biopsied hidradenitis suppurativa inflammatory lesions or of healthy control skin,38113104; 40690378
SAID142,GSE249622,GSM7951926,Human,4061,HS lesion,Not mentioned,Not mentioned,whole skin,B Cell|CD69+ IL7R+ Tissue-resident memory T Cell|CD8+ Cytotoxic T/NK Cells|CFD+ Secretory fibroblasts|Cycling T Cell|IL7R+ Naive CD4 T Cell|KIR3DL2+ NK/T Cell|Regulatory T Cell|Resident T Cell|Unknown|cDC2 Dendritic Cell,Fibroblast|Immune|Unknown,scRNASeq Data of CD4 Tregs and Teffectors in HS lesional skin and healthy skin,"Hidradenitis suppurativa (HS) is an inflammatory skin disease with limited therapeutic options. CD4 T Cells have been described as more inflammatory than T cells in healthy skin. To better understand alterations within the T cell compartment, we profiled CD4 Teffector cells and regulatory T cells (Treg) from inflammatory HS skin lesions and healthy control skin via scRNASequencing.",scRNASeq of Treg and CD4 Teffector cells sort-purified from enzymatically digested skin of biopsied hidradenitis suppurativa inflammatory lesions or of healthy control skin,38113104; 40690378
SAID143,GSE249622,GSM7951927,Human,1862,HS lesion,Not mentioned,Not mentioned,whole skin,CD69+ IL7R+ Tissue-resident memory T Cell|Cycling T Cell|IL7R+ Naive CD4 T Cell|KRTDAP+ DMKN+ Spinous Keratinocyte|PECAM1+ Blood vascular Endothelial Cell|Regulatory T Cell|Resident T Cell|Suprabasal Keratinocyte|Unknown|cDC2 Dendritic Cell,Immune|Keratinocyte|Unknown|Vascular Endothelial Cell,scRNASeq Data of CD4 Tregs and Teffectors in HS lesional skin and healthy skin,"Hidradenitis suppurativa (HS) is an inflammatory skin disease with limited therapeutic options. CD4 T Cells have been described as more inflammatory than T cells in healthy skin. To better understand alterations within the T cell compartment, we profiled CD4 Teffector cells and regulatory T cells (Treg) from inflammatory HS skin lesions and healthy control skin via scRNASequencing.",scRNASeq of Treg and CD4 Teffector cells sort-purified from enzymatically digested skin of biopsied hidradenitis suppurativa inflammatory lesions or of healthy control skin,38113104; 40690378
SAID144,GSE249622,GSM7951930,Human,3310,HS lesion,Not mentioned,Not mentioned,whole skin,B Cell|CD69+ IL7R+ Tissue-resident memory T Cell|CD8+ Cytotoxic T/NK Cells|Cycling T Cell|IL7R+ Naive CD4 T Cell|KIR3DL2+ NK/T Cell|Regulatory T Cell|Resident T Cell|cDC2 Dendritic Cell,Immune,scRNASeq Data of CD4 Tregs and Teffectors in HS lesional skin and healthy skin,"Hidradenitis suppurativa (HS) is an inflammatory skin disease with limited therapeutic options. CD4 T Cells have been described as more inflammatory than T cells in healthy skin. To better understand alterations within the T cell compartment, we profiled CD4 Teffector cells and regulatory T cells (Treg) from inflammatory HS skin lesions and healthy control skin via scRNASequencing.",scRNASeq of Treg and CD4 Teffector cells sort-purified from enzymatically digested skin of biopsied hidradenitis suppurativa inflammatory lesions or of healthy control skin,38113104; 40690378
SAID145,GSE249622,GSM7951931,Human,1333,HS lesion,Not mentioned,Not mentioned,whole skin,B Cell|CD69+ IL7R+ Tissue-resident memory T Cell|Cycling T Cell|IL7R+ Naive CD4 T Cell|KIR3DL2+ NK/T Cell|PECAM1+ Blood vascular Endothelial Cell|Plasma Cell|Regulatory T Cell|Resident T Cell|Stress Keratinocyte|Suprabasal Keratinocyte|cDC2 Dendritic Cell,Immune|Keratinocyte|Vascular Endothelial Cell,scRNASeq Data of CD4 Tregs and Teffectors in HS lesional skin and healthy skin,"Hidradenitis suppurativa (HS) is an inflammatory skin disease with limited therapeutic options. CD4 T Cells have been described as more inflammatory than T cells in healthy skin. To better understand alterations within the T cell compartment, we profiled CD4 Teffector cells and regulatory T cells (Treg) from inflammatory HS skin lesions and healthy control skin via scRNASequencing.",scRNASeq of Treg and CD4 Teffector cells sort-purified from enzymatically digested skin of biopsied hidradenitis suppurativa inflammatory lesions or of healthy control skin,38113104; 40690378
SAID146,GSE249622,GSM7951932,Human,2134,HS lesion,Not mentioned,Not mentioned,whole skin,B Cell|CD69+ IL7R+ Tissue-resident memory T Cell|CD8+ Cytotoxic T/NK Cells|Cycling T Cell|IL7R+ Naive CD4 T Cell|KIR3DL2+ NK/T Cell|Plasma Cell|Regulatory T Cell|Resident T Cell|cDC2 Dendritic Cell,Immune,scRNASeq Data of CD4 Tregs and Teffectors in HS lesional skin and healthy skin,"Hidradenitis suppurativa (HS) is an inflammatory skin disease with limited therapeutic options. CD4 T Cells have been described as more inflammatory than T cells in healthy skin. To better understand alterations within the T cell compartment, we profiled CD4 Teffector cells and regulatory T cells (Treg) from inflammatory HS skin lesions and healthy control skin via scRNASequencing.",scRNASeq of Treg and CD4 Teffector cells sort-purified from enzymatically digested skin of biopsied hidradenitis suppurativa inflammatory lesions or of healthy control skin,38113104; 40690378
SAID147,GSE249622,GSM7951934,Human,423,Healthy,Not mentioned,Not mentioned,whole skin,CD69+ IL7R+ Tissue-resident memory T Cell|CD8+ Cytotoxic T/NK Cells|CFD+ Secretory fibroblasts|COL17A1+ KRT14+ Basal Keratinocyte|IL7R+ Naive CD4 T Cell|Mast Cell|Regulatory T Cell|Resident T Cell|SPP1+ Inflammatory Macrophage|cDC2 Dendritic Cell,Fibroblast|Immune|Keratinocyte,scRNASeq Data of CD4 Tregs and Teffectors in HS lesional skin and healthy skin,"Hidradenitis suppurativa (HS) is an inflammatory skin disease with limited therapeutic options. CD4 T Cells have been described as more inflammatory than T cells in healthy skin. To better understand alterations within the T cell compartment, we profiled CD4 Teffector cells and regulatory T cells (Treg) from inflammatory HS skin lesions and healthy control skin via scRNASequencing.",scRNASeq of Treg and CD4 Teffector cells sort-purified from enzymatically digested skin of biopsied hidradenitis suppurativa inflammatory lesions or of healthy control skin,38113104; 40690378
SAID148,GSE249622,GSM7951935,Human,375,Healthy,Not mentioned,Not mentioned,whole skin,CD69+ IL7R+ Tissue-resident memory T Cell|CD8+ Cytotoxic T/NK Cells|CFD+ Secretory fibroblasts|IL7R+ Naive CD4 T Cell|Regulatory T Cell|cDC2 Dendritic Cell,Fibroblast|Immune,scRNASeq Data of CD4 Tregs and Teffectors in HS lesional skin and healthy skin,"Hidradenitis suppurativa (HS) is an inflammatory skin disease with limited therapeutic options. CD4 T Cells have been described as more inflammatory than T cells in healthy skin. To better understand alterations within the T cell compartment, we profiled CD4 Teffector cells and regulatory T cells (Treg) from inflammatory HS skin lesions and healthy control skin via scRNASequencing.",scRNASeq of Treg and CD4 Teffector cells sort-purified from enzymatically digested skin of biopsied hidradenitis suppurativa inflammatory lesions or of healthy control skin,38113104; 40690378
SAID149,GSE249622,GSM7951936,Human,2443,Healthy,Not mentioned,Not mentioned,whole skin,CD69+ IL7R+ Tissue-resident memory T Cell|CFD+ Secretory fibroblasts|Cycling T Cell|IL7R+ Naive CD4 T Cell|PECAM1+ Blood vascular Endothelial Cell|Regulatory T Cell|Smooth Muscle Cell,Fibroblast|Immune|Smooth Muscle Cell|Vascular Endothelial Cell,scRNASeq Data of CD4 Tregs and Teffectors in HS lesional skin and healthy skin,"Hidradenitis suppurativa (HS) is an inflammatory skin disease with limited therapeutic options. CD4 T Cells have been described as more inflammatory than T cells in healthy skin. To better understand alterations within the T cell compartment, we profiled CD4 Teffector cells and regulatory T cells (Treg) from inflammatory HS skin lesions and healthy control skin via scRNASequencing.",scRNASeq of Treg and CD4 Teffector cells sort-purified from enzymatically digested skin of biopsied hidradenitis suppurativa inflammatory lesions or of healthy control skin,38113104; 40690378
SAID150,GSE249622,GSM7951937,Human,694,Healthy,Not mentioned,Not mentioned,whole skin,CD69+ IL7R+ Tissue-resident memory T Cell|CD8+ Cytotoxic T/NK Cells|CFD+ Secretory fibroblasts|IL7R+ Naive CD4 T Cell|Matrix Remodeling Fibroblasts|PECAM1+ Blood vascular Endothelial Cell|Plasma Cell|Regulatory T Cell|Resident T Cell|Smooth Muscle Cell|cDC2 Dendritic Cell,Fibroblast|Immune|Smooth Muscle Cell|Vascular Endothelial Cell,scRNASeq Data of CD4 Tregs and Teffectors in HS lesional skin and healthy skin,"Hidradenitis suppurativa (HS) is an inflammatory skin disease with limited therapeutic options. CD4 T Cells have been described as more inflammatory than T cells in healthy skin. To better understand alterations within the T cell compartment, we profiled CD4 Teffector cells and regulatory T cells (Treg) from inflammatory HS skin lesions and healthy control skin via scRNASequencing.",scRNASeq of Treg and CD4 Teffector cells sort-purified from enzymatically digested skin of biopsied hidradenitis suppurativa inflammatory lesions or of healthy control skin,38113104; 40690378
SAID151,GSE249622,GSM7951938,Human,2015,Healthy,Not mentioned,Not mentioned,whole skin,CD69+ IL7R+ Tissue-resident memory T Cell|CD8+ Cytotoxic T/NK Cells|CFD+ Secretory fibroblasts|Cycling T Cell|IL7R+ Naive CD4 T Cell|KIR3DL2+ NK/T Cell|Regulatory T Cell|Resident T Cell|Smooth Muscle Cell,Fibroblast|Immune|Smooth Muscle Cell,scRNASeq Data of CD4 Tregs and Teffectors in HS lesional skin and healthy skin,"Hidradenitis suppurativa (HS) is an inflammatory skin disease with limited therapeutic options. CD4 T Cells have been described as more inflammatory than T cells in healthy skin. To better understand alterations within the T cell compartment, we profiled CD4 Teffector cells and regulatory T cells (Treg) from inflammatory HS skin lesions and healthy control skin via scRNASequencing.",scRNASeq of Treg and CD4 Teffector cells sort-purified from enzymatically digested skin of biopsied hidradenitis suppurativa inflammatory lesions or of healthy control skin,38113104; 40690378
SAID152,GSE203034,GSM6152838,Human,931,Healthy,36.2,male,dermis,CFD+ Secretory fibroblasts|IFN-activated Basal Keratinocyte|Matrix Remodeling Fibroblasts|S100A2+ Proliferating Keratinocyte|Smooth Muscle Cell,Fibroblast|Keratinocyte|Smooth Muscle Cell,Single-cell analysis of human dermal fibroblasts isolated from a single male donor over 35 years,"Background: Skin homeostasis is mediated by dermal fibroblasts and is affected by aging. Although age-related heterogeneity in fibroblasts has been reported, the effects of donor and species on this heterogeneity are unclear. Methods: To analyze age-related transcriptomic changes in human dermal fibroblasts, single-cell RNA sequencing was performed on dermal fibroblasts (ASF-4 cells) collected from the inner forearm of a volunteer over three decades. Results: Four main cell subpopulations changed with donor age and showed proliferative, homeostasis, fibrotic, and senescence functional annotations. The downregulation of the expression of genes encoding key extracellular matrix production and mechanotransduction components decreased with donor age. Interestingly, dermal fibroblasts have two putative differentiation pathways: one that involves the acquisition of senescent properties and the acquisition of fibrotic properties without the suppression of proliferation. Aging induced fibroblast differentiation in a manner involving the acquisition of senescent properties. Conclusion:Reconciling the various aspects of fibroblast heterogeneity may provide insight into the mechanisms underlying human skin aging and associated phenomena, including wrinkles, sagging, delayed wound healing, and suppressed scar formation.","The mRNA profiles of human dermal fibroblasts obtained from a volunteer at two different ages over a three-decade period (ASF-4-1, 36.2 years; ASF-4-6, 72.8 years).",37727050
SAID153,GSE193304,GSM5788491,Human,5998,Actinic Keratosis,Not mentioned,Not mentioned,whole skin,ACKR1+ Post-Capillary Venule Endothelial Cell|B Cell|CD69+ IL7R+ Tissue-resident memory T Cell|CD8+ Cytotoxic T/NK Cells|CFD+ Secretory fibroblasts|COL17A1+ KRT14+ Basal Keratinocyte|Cycling T Cell|Hair Follicle Keratinocyte|Hair Follicle Outer Root Sheath Keratinocyte|IFN-activated Basal Keratinocyte|IL7R+ Naive CD4 T Cell|KRT1 KRT10+ Spinous Keratinocyte|KRTDAP+ DMKN+ Spinous Keratinocyte|Langerhans Cell|Lymphatic Endothelial Cell|Mast Cell|Matrix Remodeling Fibroblasts|Melanocyte|PECAM1+ Blood vascular Endothelial Cell|Plasma Cell|Regulatory T Cell|Resident T Cell|S100A2+ Proliferating Keratinocyte|SPP1+ Inflammatory Macrophage|Schwann Cell|Sebocyte|Smooth Muscle Cell|Stress Keratinocyte|Suprabasal Keratinocyte|cDC1 Dendritic Cell|cDC2 Dendritic Cell,Fibroblast|Immune|Keratinocyte|Lymphatic Endothelial Cell|Melanocyte|Schwann cell|Sebaceous Gland Cell|Smooth Muscle Cell|Vascular Endothelial Cell,Single-cell Sequencing Highlights Heterogeneity and Malignant Progression in Actinic Keratosis and Cutaneous Squamous Cell Carcinoma,"Cutaneous squamous cell carcinoma (cSCC) is the second most frequent of the keratinocyte-derived malignancies with actinic keratosis (AK) as a precancerous lesion. To comprehensively delineate the underlying mechanisms for the whole progression from normal skin to AK to invasive cSCC, we performed single-cell RNA-seq (scRNA-seq) to acquire the transcriptomes of 138,982 cells from 13 samples of six patients including AK, squamous cell carcinoma in situ (SCCIS), cSCC and their normal tissues, covering comprehensive clinical courses of cSCC. We identified diverse cell types, including important subtypes with different gene expression profiles and functions in major keratinocytes. In SCCIS, we discovered the malignant subtypes of basal cells with differential proliferative and migration potential. Differentially expressed genes (DEG) analysis screened out multiple key driver genes including transcription factors (TFs) along AK to cSCC progression. Immunohistochemistry (IHC) / immunofluorescence (IF) experiments and single-cell ATAC sequencing (scATAC-seq) data verified the expression changes of these genes. The functional experiments confirmed the important roles of these genes in regulating cell proliferation, apoptosis, migration and invasion in cSCC tumor. Furthermore, we comprehensively described the tumor microenvironment (TME) landscape and potential keratinocyte-TME crosstalk in cSCC providing theoretical basis for immunotherapy. Together, our findings provide a valuable resource for deciphering the progression from AK to cSCC and identifying potential targets for anticancer treatment of cSCC.","single-cell RNA-seq profiles of 13 samples from 6 patients presenting for surgical resection using the 10X Genomics Chromium platform. All these samples included 3 AK samples, 1 SCCIS tumor samples, 3 cSCC tumor samples (low-risk and high-risk) and patient-matched 6 normal skin samples without any treatment",38099574
SAID154,GSE193304,GSM5788492,Human,4498,Healthy,Not mentioned,Not mentioned,whole skin,B Cell|CD69+ IL7R+ Tissue-resident memory T Cell|CD8+ Cytotoxic T/NK Cells|CFD+ Secretory fibroblasts|COL17A1+ KRT14+ Basal Keratinocyte|Cycling T Cell|Hair Follicle Keratinocyte|Hair Follicle Outer Root Sheath Keratinocyte|IL7R+ Naive CD4 T Cell|KRT1 KRT10+ Spinous Keratinocyte|KRTDAP+ DMKN+ Spinous Keratinocyte|Langerhans Cell|Melanocyte|PECAM1+ Blood vascular Endothelial Cell|Regulatory T Cell|Resident T Cell|S100A2+ Proliferating Keratinocyte|SPP1+ Inflammatory Macrophage|Smooth Muscle Cell|Stress Keratinocyte|Suprabasal Keratinocyte|cDC2 Dendritic Cell,Fibroblast|Immune|Keratinocyte|Melanocyte|Smooth Muscle Cell|Vascular Endothelial Cell,Single-cell Sequencing Highlights Heterogeneity and Malignant Progression in Actinic Keratosis and Cutaneous Squamous Cell Carcinoma,"Cutaneous squamous cell carcinoma (cSCC) is the second most frequent of the keratinocyte-derived malignancies with actinic keratosis (AK) as a precancerous lesion. To comprehensively delineate the underlying mechanisms for the whole progression from normal skin to AK to invasive cSCC, we performed single-cell RNA-seq (scRNA-seq) to acquire the transcriptomes of 138,982 cells from 13 samples of six patients including AK, squamous cell carcinoma in situ (SCCIS), cSCC and their normal tissues, covering comprehensive clinical courses of cSCC. We identified diverse cell types, including important subtypes with different gene expression profiles and functions in major keratinocytes. In SCCIS, we discovered the malignant subtypes of basal cells with differential proliferative and migration potential. Differentially expressed genes (DEG) analysis screened out multiple key driver genes including transcription factors (TFs) along AK to cSCC progression. Immunohistochemistry (IHC) / immunofluorescence (IF) experiments and single-cell ATAC sequencing (scATAC-seq) data verified the expression changes of these genes. The functional experiments confirmed the important roles of these genes in regulating cell proliferation, apoptosis, migration and invasion in cSCC tumor. Furthermore, we comprehensively described the tumor microenvironment (TME) landscape and potential keratinocyte-TME crosstalk in cSCC providing theoretical basis for immunotherapy. Together, our findings provide a valuable resource for deciphering the progression from AK to cSCC and identifying potential targets for anticancer treatment of cSCC.","single-cell RNA-seq profiles of 13 samples from 6 patients presenting for surgical resection using the 10X Genomics Chromium platform. All these samples included 3 AK samples, 1 SCCIS tumor samples, 3 cSCC tumor samples (low-risk and high-risk) and patient-matched 6 normal skin samples without any treatment",38099574
SAID155,GSE193304,GSM5788493,Human,2673,Actinic Keratosis,Not mentioned,Not mentioned,whole skin,B Cell|CD69+ IL7R+ Tissue-resident memory T Cell|CD8+ Cytotoxic T/NK Cells|CFD+ Secretory fibroblasts|COL17A1+ KRT14+ Basal Keratinocyte|Cycling T Cell|Eccrine Sweat Gland Cell|Hair Follicle Keratinocyte|Hair Follicle Outer Root Sheath Keratinocyte|IFN-activated Basal Keratinocyte|IL7R+ Naive CD4 T Cell|KRT1 KRT10+ Spinous Keratinocyte|KRTDAP+ DMKN+ Spinous Keratinocyte|Langerhans Cell|Lymphatic Endothelial Cell|Mast Cell|Melanocyte|PECAM1+ Blood vascular Endothelial Cell|Regulatory T Cell|Resident T Cell|S100A2+ Proliferating Keratinocyte|SPP1+ Inflammatory Macrophage|Sebocyte|Smooth Muscle Cell|Stress Keratinocyte|Suprabasal Keratinocyte|cDC2 Dendritic Cell,Eccrine Sweat Gland Cell|Fibroblast|Immune|Keratinocyte|Lymphatic Endothelial Cell|Melanocyte|Sebaceous Gland Cell|Smooth Muscle Cell|Vascular Endothelial Cell,Single-cell Sequencing Highlights Heterogeneity and Malignant Progression in Actinic Keratosis and Cutaneous Squamous Cell Carcinoma,"Cutaneous squamous cell carcinoma (cSCC) is the second most frequent of the keratinocyte-derived malignancies with actinic keratosis (AK) as a precancerous lesion. To comprehensively delineate the underlying mechanisms for the whole progression from normal skin to AK to invasive cSCC, we performed single-cell RNA-seq (scRNA-seq) to acquire the transcriptomes of 138,982 cells from 13 samples of six patients including AK, squamous cell carcinoma in situ (SCCIS), cSCC and their normal tissues, covering comprehensive clinical courses of cSCC. We identified diverse cell types, including important subtypes with different gene expression profiles and functions in major keratinocytes. In SCCIS, we discovered the malignant subtypes of basal cells with differential proliferative and migration potential. Differentially expressed genes (DEG) analysis screened out multiple key driver genes including transcription factors (TFs) along AK to cSCC progression. Immunohistochemistry (IHC) / immunofluorescence (IF) experiments and single-cell ATAC sequencing (scATAC-seq) data verified the expression changes of these genes. The functional experiments confirmed the important roles of these genes in regulating cell proliferation, apoptosis, migration and invasion in cSCC tumor. Furthermore, we comprehensively described the tumor microenvironment (TME) landscape and potential keratinocyte-TME crosstalk in cSCC providing theoretical basis for immunotherapy. Together, our findings provide a valuable resource for deciphering the progression from AK to cSCC and identifying potential targets for anticancer treatment of cSCC.","single-cell RNA-seq profiles of 13 samples from 6 patients presenting for surgical resection using the 10X Genomics Chromium platform. All these samples included 3 AK samples, 1 SCCIS tumor samples, 3 cSCC tumor samples (low-risk and high-risk) and patient-matched 6 normal skin samples without any treatment",38099574
SAID156,GSE193304,GSM5788494,Human,13290,Squamous cell carcinoma,Not mentioned,Not mentioned,whole skin,ACKR1+ Post-Capillary Venule Endothelial Cell|B Cell|CD69+ IL7R+ Tissue-resident memory T Cell|CD8+ Cytotoxic T/NK Cells|CFD+ Secretory fibroblasts|COL17A1+ KRT14+ Basal Keratinocyte|Cycling T Cell|Eccrine Sweat Gland Cell|Hair Follicle Keratinocyte|Hair Follicle Outer Root Sheath Keratinocyte|IFN-activated Basal Keratinocyte|IL7R+ Naive CD4 T Cell|KRT1 KRT10+ Spinous Keratinocyte|KRTDAP+ DMKN+ Spinous Keratinocyte|Langerhans Cell|Lymphatic Endothelial Cell|Mast Cell|Matrix Remodeling Fibroblasts|Melanocyte|PECAM1+ Blood vascular Endothelial Cell|Regulatory T Cell|Resident T Cell|S100A2+ Proliferating Keratinocyte|SPP1+ Inflammatory Macrophage|Schwann Cell|Smooth Muscle Cell|Stress Keratinocyte|Suprabasal Keratinocyte|cDC1 Dendritic Cell|cDC2 Dendritic Cell,Eccrine Sweat Gland Cell|Fibroblast|Immune|Keratinocyte|Lymphatic Endothelial Cell|Melanocyte|Schwann cell|Smooth Muscle Cell|Vascular Endothelial Cell,Single-cell Sequencing Highlights Heterogeneity and Malignant Progression in Actinic Keratosis and Cutaneous Squamous Cell Carcinoma,"Cutaneous squamous cell carcinoma (cSCC) is the second most frequent of the keratinocyte-derived malignancies with actinic keratosis (AK) as a precancerous lesion. To comprehensively delineate the underlying mechanisms for the whole progression from normal skin to AK to invasive cSCC, we performed single-cell RNA-seq (scRNA-seq) to acquire the transcriptomes of 138,982 cells from 13 samples of six patients including AK, squamous cell carcinoma in situ (SCCIS), cSCC and their normal tissues, covering comprehensive clinical courses of cSCC. We identified diverse cell types, including important subtypes with different gene expression profiles and functions in major keratinocytes. In SCCIS, we discovered the malignant subtypes of basal cells with differential proliferative and migration potential. Differentially expressed genes (DEG) analysis screened out multiple key driver genes including transcription factors (TFs) along AK to cSCC progression. Immunohistochemistry (IHC) / immunofluorescence (IF) experiments and single-cell ATAC sequencing (scATAC-seq) data verified the expression changes of these genes. The functional experiments confirmed the important roles of these genes in regulating cell proliferation, apoptosis, migration and invasion in cSCC tumor. Furthermore, we comprehensively described the tumor microenvironment (TME) landscape and potential keratinocyte-TME crosstalk in cSCC providing theoretical basis for immunotherapy. Together, our findings provide a valuable resource for deciphering the progression from AK to cSCC and identifying potential targets for anticancer treatment of cSCC.","single-cell RNA-seq profiles of 13 samples from 6 patients presenting for surgical resection using the 10X Genomics Chromium platform. All these samples included 3 AK samples, 1 SCCIS tumor samples, 3 cSCC tumor samples (low-risk and high-risk) and patient-matched 6 normal skin samples without any treatment",38099574
SAID157,GSE193304,GSM5788495,Human,5395,Healthy,Not mentioned,Not mentioned,whole skin,ACKR1+ Post-Capillary Venule Endothelial Cell|B Cell|CD69+ IL7R+ Tissue-resident memory T Cell|CD8+ Cytotoxic T/NK Cells|CFD+ Secretory fibroblasts|COL17A1+ KRT14+ Basal Keratinocyte|Cycling T Cell|Eccrine Sweat Gland Cell|FCN1+ Monocyte|Hair Follicle Outer Root Sheath Keratinocyte|IFN-activated Basal Keratinocyte|IL7R+ Naive CD4 T Cell|KRT1 KRT10+ Spinous Keratinocyte|KRTDAP+ DMKN+ Spinous Keratinocyte|Langerhans Cell|Lymphatic Endothelial Cell|Mast Cell|Matrix Remodeling Fibroblasts|Melanocyte|PECAM1+ Blood vascular Endothelial Cell|Plasma Cell|Regulatory T Cell|Resident T Cell|S100A2+ Proliferating Keratinocyte|SPP1+ Inflammatory Macrophage|Schwann Cell|Smooth Muscle Cell|Stress Keratinocyte|Suprabasal Keratinocyte|cDC1 Dendritic Cell|cDC2 Dendritic Cell,Eccrine Sweat Gland Cell|Fibroblast|Immune|Keratinocyte|Lymphatic Endothelial Cell|Melanocyte|Schwann cell|Smooth Muscle Cell|Vascular Endothelial Cell,Single-cell Sequencing Highlights Heterogeneity and Malignant Progression in Actinic Keratosis and Cutaneous Squamous Cell Carcinoma,"Cutaneous squamous cell carcinoma (cSCC) is the second most frequent of the keratinocyte-derived malignancies with actinic keratosis (AK) as a precancerous lesion. To comprehensively delineate the underlying mechanisms for the whole progression from normal skin to AK to invasive cSCC, we performed single-cell RNA-seq (scRNA-seq) to acquire the transcriptomes of 138,982 cells from 13 samples of six patients including AK, squamous cell carcinoma in situ (SCCIS), cSCC and their normal tissues, covering comprehensive clinical courses of cSCC. We identified diverse cell types, including important subtypes with different gene expression profiles and functions in major keratinocytes. In SCCIS, we discovered the malignant subtypes of basal cells with differential proliferative and migration potential. Differentially expressed genes (DEG) analysis screened out multiple key driver genes including transcription factors (TFs) along AK to cSCC progression. Immunohistochemistry (IHC) / immunofluorescence (IF) experiments and single-cell ATAC sequencing (scATAC-seq) data verified the expression changes of these genes. The functional experiments confirmed the important roles of these genes in regulating cell proliferation, apoptosis, migration and invasion in cSCC tumor. Furthermore, we comprehensively described the tumor microenvironment (TME) landscape and potential keratinocyte-TME crosstalk in cSCC providing theoretical basis for immunotherapy. Together, our findings provide a valuable resource for deciphering the progression from AK to cSCC and identifying potential targets for anticancer treatment of cSCC.","single-cell RNA-seq profiles of 13 samples from 6 patients presenting for surgical resection using the 10X Genomics Chromium platform. All these samples included 3 AK samples, 1 SCCIS tumor samples, 3 cSCC tumor samples (low-risk and high-risk) and patient-matched 6 normal skin samples without any treatment",38099574
SAID158,GSE193304,GSM5788496,Human,24852,Actinic Keratosis,Not mentioned,Not mentioned,whole skin,ACTA2+ Myoepithelial-like Keratinocyte|B Cell|CD69+ IL7R+ Tissue-resident memory T Cell|CD8+ Cytotoxic T/NK Cells|CFD+ Secretory fibroblasts|COL17A1+ KRT14+ Basal Keratinocyte|Cycling T Cell|Eccrine Sweat Gland Cell|Hair Follicle Keratinocyte|Hair Follicle Outer Root Sheath Keratinocyte|IFN-activated Basal Keratinocyte|IL7R+ Naive CD4 T Cell|KRT1 KRT10+ Spinous Keratinocyte|KRT2+ SLURP1+ Granular Keratinocyte|KRTDAP+ DMKN+ Spinous Keratinocyte|LOR+ Cornified Keratinocyte|Langerhans Cell|MKI67+ Granular Keratinocyte|Matrix Remodeling Fibroblasts|Melanocyte|Plasma Cell|Regulatory T Cell|Resident T Cell|S100A2+ Proliferating Keratinocyte|Sebocyte|Stress Keratinocyte|Suprabasal Keratinocyte|Unknown|cDC1 Dendritic Cell|cDC2 Dendritic Cell,Eccrine Sweat Gland Cell|Fibroblast|Immune|Keratinocyte|Melanocyte|Sebaceous Gland Cell|Unknown,Single-cell Sequencing Highlights Heterogeneity and Malignant Progression in Actinic Keratosis and Cutaneous Squamous Cell Carcinoma,"Cutaneous squamous cell carcinoma (cSCC) is the second most frequent of the keratinocyte-derived malignancies with actinic keratosis (AK) as a precancerous lesion. To comprehensively delineate the underlying mechanisms for the whole progression from normal skin to AK to invasive cSCC, we performed single-cell RNA-seq (scRNA-seq) to acquire the transcriptomes of 138,982 cells from 13 samples of six patients including AK, squamous cell carcinoma in situ (SCCIS), cSCC and their normal tissues, covering comprehensive clinical courses of cSCC. We identified diverse cell types, including important subtypes with different gene expression profiles and functions in major keratinocytes. In SCCIS, we discovered the malignant subtypes of basal cells with differential proliferative and migration potential. Differentially expressed genes (DEG) analysis screened out multiple key driver genes including transcription factors (TFs) along AK to cSCC progression. Immunohistochemistry (IHC) / immunofluorescence (IF) experiments and single-cell ATAC sequencing (scATAC-seq) data verified the expression changes of these genes. The functional experiments confirmed the important roles of these genes in regulating cell proliferation, apoptosis, migration and invasion in cSCC tumor. Furthermore, we comprehensively described the tumor microenvironment (TME) landscape and potential keratinocyte-TME crosstalk in cSCC providing theoretical basis for immunotherapy. Together, our findings provide a valuable resource for deciphering the progression from AK to cSCC and identifying potential targets for anticancer treatment of cSCC.","single-cell RNA-seq profiles of 13 samples from 6 patients presenting for surgical resection using the 10X Genomics Chromium platform. All these samples included 3 AK samples, 1 SCCIS tumor samples, 3 cSCC tumor samples (low-risk and high-risk) and patient-matched 6 normal skin samples without any treatment",38099574
SAID159,GSE193304,GSM5788497,Human,5367,Healthy,Not mentioned,Not mentioned,whole skin,CD69+ IL7R+ Tissue-resident memory T Cell|CD8+ Cytotoxic T/NK Cells|CFD+ Secretory fibroblasts|COL17A1+ KRT14+ Basal Keratinocyte|Cycling T Cell|Hair Follicle Keratinocyte|Hair Follicle Outer Root Sheath Keratinocyte|IFN-activated Basal Keratinocyte|IL7R+ Naive CD4 T Cell|KRT1 KRT10+ Spinous Keratinocyte|KRTDAP+ DMKN+ Spinous Keratinocyte|Langerhans Cell|Melanocyte|Regulatory T Cell|Resident T Cell|S100A2+ Proliferating Keratinocyte|Stress Keratinocyte|Suprabasal Keratinocyte|cDC1 Dendritic Cell|cDC2 Dendritic Cell,Fibroblast|Immune|Keratinocyte|Melanocyte,Single-cell Sequencing Highlights Heterogeneity and Malignant Progression in Actinic Keratosis and Cutaneous Squamous Cell Carcinoma,"Cutaneous squamous cell carcinoma (cSCC) is the second most frequent of the keratinocyte-derived malignancies with actinic keratosis (AK) as a precancerous lesion. To comprehensively delineate the underlying mechanisms for the whole progression from normal skin to AK to invasive cSCC, we performed single-cell RNA-seq (scRNA-seq) to acquire the transcriptomes of 138,982 cells from 13 samples of six patients including AK, squamous cell carcinoma in situ (SCCIS), cSCC and their normal tissues, covering comprehensive clinical courses of cSCC. We identified diverse cell types, including important subtypes with different gene expression profiles and functions in major keratinocytes. In SCCIS, we discovered the malignant subtypes of basal cells with differential proliferative and migration potential. Differentially expressed genes (DEG) analysis screened out multiple key driver genes including transcription factors (TFs) along AK to cSCC progression. Immunohistochemistry (IHC) / immunofluorescence (IF) experiments and single-cell ATAC sequencing (scATAC-seq) data verified the expression changes of these genes. The functional experiments confirmed the important roles of these genes in regulating cell proliferation, apoptosis, migration and invasion in cSCC tumor. Furthermore, we comprehensively described the tumor microenvironment (TME) landscape and potential keratinocyte-TME crosstalk in cSCC providing theoretical basis for immunotherapy. Together, our findings provide a valuable resource for deciphering the progression from AK to cSCC and identifying potential targets for anticancer treatment of cSCC.","single-cell RNA-seq profiles of 13 samples from 6 patients presenting for surgical resection using the 10X Genomics Chromium platform. All these samples included 3 AK samples, 1 SCCIS tumor samples, 3 cSCC tumor samples (low-risk and high-risk) and patient-matched 6 normal skin samples without any treatment",38099574
SAID160,GSE193304,GSM5788498,Human,626,Squamous cell carcinoma,Not mentioned,Not mentioned,whole skin,CD69+ IL7R+ Tissue-resident memory T Cell|CD8+ Cytotoxic T/NK Cells|COL17A1+ KRT14+ Basal Keratinocyte|Hair Follicle Keratinocyte|Hair Follicle Outer Root Sheath Keratinocyte|IL7R+ Naive CD4 T Cell|KRT1 KRT10+ Spinous Keratinocyte|KRTDAP+ DMKN+ Spinous Keratinocyte|Langerhans Cell|Melanocyte|Regulatory T Cell|SPP1+ Inflammatory Macrophage|Stress Keratinocyte|Suprabasal Keratinocyte|cDC2 Dendritic Cell,Immune|Keratinocyte|Melanocyte,Single-cell Sequencing Highlights Heterogeneity and Malignant Progression in Actinic Keratosis and Cutaneous Squamous Cell Carcinoma,"Cutaneous squamous cell carcinoma (cSCC) is the second most frequent of the keratinocyte-derived malignancies with actinic keratosis (AK) as a precancerous lesion. To comprehensively delineate the underlying mechanisms for the whole progression from normal skin to AK to invasive cSCC, we performed single-cell RNA-seq (scRNA-seq) to acquire the transcriptomes of 138,982 cells from 13 samples of six patients including AK, squamous cell carcinoma in situ (SCCIS), cSCC and their normal tissues, covering comprehensive clinical courses of cSCC. We identified diverse cell types, including important subtypes with different gene expression profiles and functions in major keratinocytes. In SCCIS, we discovered the malignant subtypes of basal cells with differential proliferative and migration potential. Differentially expressed genes (DEG) analysis screened out multiple key driver genes including transcription factors (TFs) along AK to cSCC progression. Immunohistochemistry (IHC) / immunofluorescence (IF) experiments and single-cell ATAC sequencing (scATAC-seq) data verified the expression changes of these genes. The functional experiments confirmed the important roles of these genes in regulating cell proliferation, apoptosis, migration and invasion in cSCC tumor. Furthermore, we comprehensively described the tumor microenvironment (TME) landscape and potential keratinocyte-TME crosstalk in cSCC providing theoretical basis for immunotherapy. Together, our findings provide a valuable resource for deciphering the progression from AK to cSCC and identifying potential targets for anticancer treatment of cSCC.","single-cell RNA-seq profiles of 13 samples from 6 patients presenting for surgical resection using the 10X Genomics Chromium platform. All these samples included 3 AK samples, 1 SCCIS tumor samples, 3 cSCC tumor samples (low-risk and high-risk) and patient-matched 6 normal skin samples without any treatment",38099574
SAID161,GSE193304,GSM5788499,Human,7685,Healthy,Not mentioned,Not mentioned,whole skin,ACKR1+ Post-Capillary Venule Endothelial Cell|B Cell|CD69+ IL7R+ Tissue-resident memory T Cell|CD8+ Cytotoxic T/NK Cells|CFD+ Secretory fibroblasts|COL17A1+ KRT14+ Basal Keratinocyte|Cycling T Cell|Eccrine Sweat Gland Cell|Hair Follicle Keratinocyte|Hair Follicle Outer Root Sheath Keratinocyte|IL7R+ Naive CD4 T Cell|KIR3DL2+ NK/T Cell|KRT1 KRT10+ Spinous Keratinocyte|KRTDAP+ DMKN+ Spinous Keratinocyte|Langerhans Cell|Lymphatic Endothelial Cell|Mast Cell|Matrix Remodeling Fibroblasts|Melanocyte|PECAM1+ Blood vascular Endothelial Cell|Plasma Cell|Regulatory T Cell|Resident T Cell|SPP1+ Inflammatory Macrophage|Schwann Cell|Smooth Muscle Cell|Stress Keratinocyte|Suprabasal Keratinocyte|cDC1 Dendritic Cell|cDC2 Dendritic Cell,Eccrine Sweat Gland Cell|Fibroblast|Immune|Keratinocyte|Lymphatic Endothelial Cell|Melanocyte|Schwann cell|Smooth Muscle Cell|Vascular Endothelial Cell,Single-cell Sequencing Highlights Heterogeneity and Malignant Progression in Actinic Keratosis and Cutaneous Squamous Cell Carcinoma,"Cutaneous squamous cell carcinoma (cSCC) is the second most frequent of the keratinocyte-derived malignancies with actinic keratosis (AK) as a precancerous lesion. To comprehensively delineate the underlying mechanisms for the whole progression from normal skin to AK to invasive cSCC, we performed single-cell RNA-seq (scRNA-seq) to acquire the transcriptomes of 138,982 cells from 13 samples of six patients including AK, squamous cell carcinoma in situ (SCCIS), cSCC and their normal tissues, covering comprehensive clinical courses of cSCC. We identified diverse cell types, including important subtypes with different gene expression profiles and functions in major keratinocytes. In SCCIS, we discovered the malignant subtypes of basal cells with differential proliferative and migration potential. Differentially expressed genes (DEG) analysis screened out multiple key driver genes including transcription factors (TFs) along AK to cSCC progression. Immunohistochemistry (IHC) / immunofluorescence (IF) experiments and single-cell ATAC sequencing (scATAC-seq) data verified the expression changes of these genes. The functional experiments confirmed the important roles of these genes in regulating cell proliferation, apoptosis, migration and invasion in cSCC tumor. Furthermore, we comprehensively described the tumor microenvironment (TME) landscape and potential keratinocyte-TME crosstalk in cSCC providing theoretical basis for immunotherapy. Together, our findings provide a valuable resource for deciphering the progression from AK to cSCC and identifying potential targets for anticancer treatment of cSCC.","single-cell RNA-seq profiles of 13 samples from 6 patients presenting for surgical resection using the 10X Genomics Chromium platform. All these samples included 3 AK samples, 1 SCCIS tumor samples, 3 cSCC tumor samples (low-risk and high-risk) and patient-matched 6 normal skin samples without any treatment",38099574
SAID162,GSE193304,GSM5788500,Human,11709,Squamous cell carcinoma,Not mentioned,Not mentioned,whole skin,B Cell|CD69+ IL7R+ Tissue-resident memory T Cell|CD8+ Cytotoxic T/NK Cells|CFD+ Secretory fibroblasts|COL17A1+ KRT14+ Basal Keratinocyte|Cycling T Cell|Eccrine Sweat Gland Cell|FCN1+ Monocyte|Hair Follicle Keratinocyte|Hair Follicle Outer Root Sheath Keratinocyte|IFN-activated Basal Keratinocyte|IL7R+ Naive CD4 T Cell|KIR3DL2+ NK/T Cell|KRT1 KRT10+ Spinous Keratinocyte|KRTDAP+ DMKN+ Spinous Keratinocyte|Langerhans Cell|Lymphatic Endothelial Cell|Mast Cell|Matrix Remodeling Fibroblasts|Melanocyte|PECAM1+ Blood vascular Endothelial Cell|Plasma Cell|Regulatory T Cell|Resident T Cell|S100A2+ Proliferating Keratinocyte|SPP1+ Inflammatory Macrophage|Schwann Cell|Smooth Muscle Cell|Stress Keratinocyte|Suprabasal Keratinocyte|cDC1 Dendritic Cell|cDC2 Dendritic Cell,Eccrine Sweat Gland Cell|Fibroblast|Immune|Keratinocyte|Lymphatic Endothelial Cell|Melanocyte|Schwann cell|Smooth Muscle Cell|Vascular Endothelial Cell,Single-cell Sequencing Highlights Heterogeneity and Malignant Progression in Actinic Keratosis and Cutaneous Squamous Cell Carcinoma,"Cutaneous squamous cell carcinoma (cSCC) is the second most frequent of the keratinocyte-derived malignancies with actinic keratosis (AK) as a precancerous lesion. To comprehensively delineate the underlying mechanisms for the whole progression from normal skin to AK to invasive cSCC, we performed single-cell RNA-seq (scRNA-seq) to acquire the transcriptomes of 138,982 cells from 13 samples of six patients including AK, squamous cell carcinoma in situ (SCCIS), cSCC and their normal tissues, covering comprehensive clinical courses of cSCC. We identified diverse cell types, including important subtypes with different gene expression profiles and functions in major keratinocytes. In SCCIS, we discovered the malignant subtypes of basal cells with differential proliferative and migration potential. Differentially expressed genes (DEG) analysis screened out multiple key driver genes including transcription factors (TFs) along AK to cSCC progression. Immunohistochemistry (IHC) / immunofluorescence (IF) experiments and single-cell ATAC sequencing (scATAC-seq) data verified the expression changes of these genes. The functional experiments confirmed the important roles of these genes in regulating cell proliferation, apoptosis, migration and invasion in cSCC tumor. Furthermore, we comprehensively described the tumor microenvironment (TME) landscape and potential keratinocyte-TME crosstalk in cSCC providing theoretical basis for immunotherapy. Together, our findings provide a valuable resource for deciphering the progression from AK to cSCC and identifying potential targets for anticancer treatment of cSCC.","single-cell RNA-seq profiles of 13 samples from 6 patients presenting for surgical resection using the 10X Genomics Chromium platform. All these samples included 3 AK samples, 1 SCCIS tumor samples, 3 cSCC tumor samples (low-risk and high-risk) and patient-matched 6 normal skin samples without any treatment",38099574
SAID163,GSE193304,GSM5788501,Human,1301,Healthy,Not mentioned,Not mentioned,whole skin,ACKR1+ Post-Capillary Venule Endothelial Cell|CD69+ IL7R+ Tissue-resident memory T Cell|CD8+ Cytotoxic T/NK Cells|CFD+ Secretory fibroblasts|COL17A1+ KRT14+ Basal Keratinocyte|Cycling T Cell|Hair Follicle Keratinocyte|Hair Follicle Outer Root Sheath Keratinocyte|IFN-activated Basal Keratinocyte|IL7R+ Naive CD4 T Cell|KRT1 KRT10+ Spinous Keratinocyte|KRTDAP+ DMKN+ Spinous Keratinocyte|Langerhans Cell|Melanocyte|Regulatory T Cell|Resident T Cell|S100A2+ Proliferating Keratinocyte|SPP1+ Inflammatory Macrophage|Stress Keratinocyte|Suprabasal Keratinocyte|cDC2 Dendritic Cell,Fibroblast|Immune|Keratinocyte|Melanocyte|Vascular Endothelial Cell,Single-cell Sequencing Highlights Heterogeneity and Malignant Progression in Actinic Keratosis and Cutaneous Squamous Cell Carcinoma,"Cutaneous squamous cell carcinoma (cSCC) is the second most frequent of the keratinocyte-derived malignancies with actinic keratosis (AK) as a precancerous lesion. To comprehensively delineate the underlying mechanisms for the whole progression from normal skin to AK to invasive cSCC, we performed single-cell RNA-seq (scRNA-seq) to acquire the transcriptomes of 138,982 cells from 13 samples of six patients including AK, squamous cell carcinoma in situ (SCCIS), cSCC and their normal tissues, covering comprehensive clinical courses of cSCC. We identified diverse cell types, including important subtypes with different gene expression profiles and functions in major keratinocytes. In SCCIS, we discovered the malignant subtypes of basal cells with differential proliferative and migration potential. Differentially expressed genes (DEG) analysis screened out multiple key driver genes including transcription factors (TFs) along AK to cSCC progression. Immunohistochemistry (IHC) / immunofluorescence (IF) experiments and single-cell ATAC sequencing (scATAC-seq) data verified the expression changes of these genes. The functional experiments confirmed the important roles of these genes in regulating cell proliferation, apoptosis, migration and invasion in cSCC tumor. Furthermore, we comprehensively described the tumor microenvironment (TME) landscape and potential keratinocyte-TME crosstalk in cSCC providing theoretical basis for immunotherapy. Together, our findings provide a valuable resource for deciphering the progression from AK to cSCC and identifying potential targets for anticancer treatment of cSCC.","single-cell RNA-seq profiles of 13 samples from 6 patients presenting for surgical resection using the 10X Genomics Chromium platform. All these samples included 3 AK samples, 1 SCCIS tumor samples, 3 cSCC tumor samples (low-risk and high-risk) and patient-matched 6 normal skin samples without any treatment",38099574
SAID164,GSE193304,GSM5788503,Human,1138,Healthy,Not mentioned,Not mentioned,whole skin,B Cell|CD69+ IL7R+ Tissue-resident memory T Cell|CD8+ Cytotoxic T/NK Cells|CFD+ Secretory fibroblasts|COL17A1+ KRT14+ Basal Keratinocyte|Cycling T Cell|FCN1+ Monocyte|Hair Follicle Keratinocyte|Hair Follicle Outer Root Sheath Keratinocyte|IFN-activated Basal Keratinocyte|IL7R+ Naive CD4 T Cell|KRT1 KRT10+ Spinous Keratinocyte|KRTDAP+ DMKN+ Spinous Keratinocyte|Langerhans Cell|Melanocyte|PECAM1+ Blood vascular Endothelial Cell|Regulatory T Cell|Resident T Cell|S100A2+ Proliferating Keratinocyte|Sebocyte|Stress Keratinocyte|Suprabasal Keratinocyte|cDC1 Dendritic Cell|cDC2 Dendritic Cell,Fibroblast|Immune|Keratinocyte|Melanocyte|Sebaceous Gland Cell|Vascular Endothelial Cell,Single-cell Sequencing Highlights Heterogeneity and Malignant Progression in Actinic Keratosis and Cutaneous Squamous Cell Carcinoma,"Cutaneous squamous cell carcinoma (cSCC) is the second most frequent of the keratinocyte-derived malignancies with actinic keratosis (AK) as a precancerous lesion. To comprehensively delineate the underlying mechanisms for the whole progression from normal skin to AK to invasive cSCC, we performed single-cell RNA-seq (scRNA-seq) to acquire the transcriptomes of 138,982 cells from 13 samples of six patients including AK, squamous cell carcinoma in situ (SCCIS), cSCC and their normal tissues, covering comprehensive clinical courses of cSCC. We identified diverse cell types, including important subtypes with different gene expression profiles and functions in major keratinocytes. In SCCIS, we discovered the malignant subtypes of basal cells with differential proliferative and migration potential. Differentially expressed genes (DEG) analysis screened out multiple key driver genes including transcription factors (TFs) along AK to cSCC progression. Immunohistochemistry (IHC) / immunofluorescence (IF) experiments and single-cell ATAC sequencing (scATAC-seq) data verified the expression changes of these genes. The functional experiments confirmed the important roles of these genes in regulating cell proliferation, apoptosis, migration and invasion in cSCC tumor. Furthermore, we comprehensively described the tumor microenvironment (TME) landscape and potential keratinocyte-TME crosstalk in cSCC providing theoretical basis for immunotherapy. Together, our findings provide a valuable resource for deciphering the progression from AK to cSCC and identifying potential targets for anticancer treatment of cSCC.","single-cell RNA-seq profiles of 13 samples from 6 patients presenting for surgical resection using the 10X Genomics Chromium platform. All these samples included 3 AK samples, 1 SCCIS tumor samples, 3 cSCC tumor samples (low-risk and high-risk) and patient-matched 6 normal skin samples without any treatment",38099574
SAID165,GSE195674,GSM5847946,Human,4291,Lymphoma,Not mentioned,male,whole skin,ACKR1+ Post-Capillary Venule Endothelial Cell|B Cell|CD69+ IL7R+ Tissue-resident memory T Cell|CD8+ Cytotoxic T/NK Cells|CFD+ Secretory fibroblasts|Cycling T Cell|Eccrine Sweat Gland Cell|FCN1+ Monocyte|Hair Follicle Keratinocyte|IL7R+ Naive CD4 T Cell|KIR3DL2+ NK/T Cell|KRT1 KRT10+ Spinous Keratinocyte|KRTDAP+ DMKN+ Spinous Keratinocyte|Langerhans Cell|Lymphatic Endothelial Cell|Mast Cell|Matrix Remodeling Fibroblasts|Melanocyte|PECAM1+ Blood vascular Endothelial Cell|Plasma Cell|Regulatory T Cell|Resident T Cell|SPP1+ Inflammatory Macrophage|Schwann Cell|Smooth Muscle Cell|Stress Keratinocyte|Suprabasal Keratinocyte|Unknown|cDC1 Dendritic Cell|cDC2 Dendritic Cell,Eccrine Sweat Gland Cell|Fibroblast|Immune|Keratinocyte|Lymphatic Endothelial Cell|Melanocyte|Schwann cell|Smooth Muscle Cell|Unknown|Vascular Endothelial Cell,Single cell RNA sequencing and TCR repertoire analysis of Adult T-cell Leukemia/Lymphoma (ATLL),"We examined ATLL using archived fresh frozen tissue after the biopsy by single-cell RNA sequencing (scRNA-seq) with T-cell receptor (TCR) clonal analysis. Highly clonal tumor cells showed multiple activating pathways, suggesting dynamic evolution of the malignancy. Dissecting diverse cell types comprising the TME led to the identification of a novel subset of cancer-associated fibroblast which showed enriched epidermal growth factor receptor (EGFR)-related transcripts.","Human skin samples were obtained using remnants of biopsy tissue taken for diagnostic purposes.Specimens were placed in phosphate-buffered saline (PBS) on ice. Biopsy samples were cryopreserved in optimal cutting temperature (OCT) compound and stored at -80ºC. Single cell dissociates were loaded into the Chromium system (10x Genomics, USA) targeting 25,000 cells. The Chromium Single Cell 5’ Kit (10x Genomics, USA) was used to generate scRNA-seq and TCR libraries, according to the manufacturer’s instructions. scRNA-seq and TCR-seq data were aligned to the human reference genome (GRCh38) and processed using the CellRanger 4.0.0 pipeline (10x Genomics). In this study, we observed that the clonally expanded malignant tumor cells in ATLL are CD4 T-cells through scRNA-seq combined with TCR clonal analysis.",35464471
SAID166,GSE237754,GSM7648532,Human,7017,Healthy,Not mentioned,Not mentioned,whole skin,ACKR1+ Post-Capillary Venule Endothelial Cell|B Cell|CD69+ IL7R+ Tissue-resident memory T Cell|CD8+ Cytotoxic T/NK Cells|CFD+ Secretory fibroblasts|COL17A1+ KRT14+ Basal Keratinocyte|Cycling T Cell|Eccrine Sweat Gland Cell|Hair Follicle Keratinocyte|Hair Follicle Outer Root Sheath Keratinocyte|IL7R+ Naive CD4 T Cell|KIR3DL2+ NK/T Cell|KRT1 KRT10+ Spinous Keratinocyte|KRTDAP+ DMKN+ Spinous Keratinocyte|Langerhans Cell|Lymphatic Endothelial Cell|Mast Cell|Matrix Remodeling Fibroblasts|Melanocyte|PECAM1+ Blood vascular Endothelial Cell|Plasma Cell|Regulatory T Cell|Resident T Cell|SPP1+ Inflammatory Macrophage|Schwann Cell|Smooth Muscle Cell|Stress Keratinocyte|Suprabasal Keratinocyte|Unknown|cDC1 Dendritic Cell|cDC2 Dendritic Cell,Eccrine Sweat Gland Cell|Fibroblast|Immune|Keratinocyte|Lymphatic Endothelial Cell|Melanocyte|Schwann cell|Smooth Muscle Cell|Unknown|Vascular Endothelial Cell,Transcriptome network analysis of inflammation and fibrosis in keloids [scRNA-seq],"Background:Keloid (KL) is a common benign skin tumor. KL is typically characterized by significant fibrosis and an intensive inflammatory response. Therefore, a comprehensive understanding of the interactions between cellular inflammation and fibrotic cells is essential to elucidate the mechanisms driving the progression of KL and to develop therapeutics. Objective: Investigate the transcriptome landscape of inflammation and fibrosis in keloid scars. Methods: In this paper, we performed transcriptome sequencing and microRNA (miRNA) sequencing on unselected live cells from six human keloid tissues and normal skin tissues to elucidate a comprehensive transcriptome landscape. In addition, we used single-cell RNA sequencing (scRNA-seq) analysis to analyze intercellular communication networks and enrich fibroblast populations in two additional keloid and normal skin samples to study fibroblast diversity. Results: By RNA sequencing and a miRNA-mRNA-PPI network analysis, we identified miR-615-5p and miR-122b-3p as possible miRNAs associated with keloids, as they differed most significantly in keloids. Similarly, COL3A1, COL1A2, THBS2, TNC, IGTA, THBS4, TGFB3 as genes with significant differences in keloid may be associated with keloid development. Using single-cell RNA sequencing data from 24086 cells collected from normal or keloid, we report reconstructed intercellular signaling network analysis and aggregation to modules associated with specific cell subpopulations at the cellular level for keloid alterations. Conclusions: Our multitranscriptomic dataset delineates inflammatory and fibro heterogeneity of human keloids, underlining the importance of intercellular crosstalk between inflammatory cells and fibro cells and revealing potential therapeutic targets.","We performed transcriptome sequencing and microRNA (miRNA) sequencing on unselected live cells from six human keloid tissues and normal skin tissues to elucidate a comprehensive transcriptome landscape. In addition, we used single-cell RNA sequencing (scRNA-seq) analysis to analyze intercellular communication networks and enrich fibroblast populations in two additional keloid and normal skin samples to study fibroblast diversity.",
SAID167,GSE237754,GSM7648533,Human,10901,Keloid,Not mentioned,Not mentioned,whole skin,ACKR1+ Post-Capillary Venule Endothelial Cell|B Cell|CD69+ IL7R+ Tissue-resident memory T Cell|CD8+ Cytotoxic T/NK Cells|CFD+ Secretory fibroblasts|COL17A1+ KRT14+ Basal Keratinocyte|Cycling T Cell|Eccrine Sweat Gland Cell|IL7R+ Naive CD4 T Cell|KIR3DL2+ NK/T Cell|Lymphatic Endothelial Cell|Mast Cell|Matrix Remodeling Fibroblasts|Melanocyte|PECAM1+ Blood vascular Endothelial Cell|Plasma Cell|Regulatory T Cell|Resident T Cell|SPP1+ Inflammatory Macrophage|Schwann Cell|Smooth Muscle Cell|Suprabasal Keratinocyte|cDC1 Dendritic Cell|cDC2 Dendritic Cell,Eccrine Sweat Gland Cell|Fibroblast|Immune|Keratinocyte|Lymphatic Endothelial Cell|Melanocyte|Schwann cell|Smooth Muscle Cell|Vascular Endothelial Cell,Transcriptome network analysis of inflammation and fibrosis in keloids [scRNA-seq],"Background:Keloid (KL) is a common benign skin tumor. KL is typically characterized by significant fibrosis and an intensive inflammatory response. Therefore, a comprehensive understanding of the interactions between cellular inflammation and fibrotic cells is essential to elucidate the mechanisms driving the progression of KL and to develop therapeutics. Objective: Investigate the transcriptome landscape of inflammation and fibrosis in keloid scars. Methods: In this paper, we performed transcriptome sequencing and microRNA (miRNA) sequencing on unselected live cells from six human keloid tissues and normal skin tissues to elucidate a comprehensive transcriptome landscape. In addition, we used single-cell RNA sequencing (scRNA-seq) analysis to analyze intercellular communication networks and enrich fibroblast populations in two additional keloid and normal skin samples to study fibroblast diversity. Results: By RNA sequencing and a miRNA-mRNA-PPI network analysis, we identified miR-615-5p and miR-122b-3p as possible miRNAs associated with keloids, as they differed most significantly in keloids. Similarly, COL3A1, COL1A2, THBS2, TNC, IGTA, THBS4, TGFB3 as genes with significant differences in keloid may be associated with keloid development. Using single-cell RNA sequencing data from 24086 cells collected from normal or keloid, we report reconstructed intercellular signaling network analysis and aggregation to modules associated with specific cell subpopulations at the cellular level for keloid alterations. Conclusions: Our multitranscriptomic dataset delineates inflammatory and fibro heterogeneity of human keloids, underlining the importance of intercellular crosstalk between inflammatory cells and fibro cells and revealing potential therapeutic targets.","We performed transcriptome sequencing and microRNA (miRNA) sequencing on unselected live cells from six human keloid tissues and normal skin tissues to elucidate a comprehensive transcriptome landscape. In addition, we used single-cell RNA sequencing (scRNA-seq) analysis to analyze intercellular communication networks and enrich fibroblast populations in two additional keloid and normal skin samples to study fibroblast diversity.",
SAID168,GSE245859,GSM7849998,Human,1690,Epidermolytic Ichthyosis,Not mentioned,Not mentioned,Revertant Mosaic Skin,COL17A1+ KRT14+ Basal Keratinocyte|Cycling T Cell|IFN-activated Basal Keratinocyte|KRTDAP+ DMKN+ Spinous Keratinocyte|S100A2+ Proliferating Keratinocyte|Stress Keratinocyte|Suprabasal Keratinocyte,Immune|Keratinocyte,Treatment with cultured epidermal autograft from revertant skin for epidermolytic ichthyosis,We performed clinical trial of treatment with cultured epidermal autograft (CEA) produced from patients’ own revertant epidermal keratinocytes as a proof-of-concept study. We successfully produced CEAs from genetically confirmed revertant skin of the three EI patients and genetically confirmed that CEAs mainly consist of revertant wild-type cells by amplicon sequencing and droplet digital PCR analysis. Single-cell RNA sequencing analysis confirmed normal proliferation and safety profiling of CEAs.,"To assess the proliferation/differentiation abilities and safety of cultured epidermal autograft generated from the patients’ revertant skin, we performed single-cell RNA sequencing analysis using cells from cultured epidermal autograft and control cultured normal human keratinocytes to see the gene expression profiles.",38739763
SAID169,GSE245859,GSM7849999,Human,1401,Epidermolytic Ichthyosis,Not mentioned,Not mentioned,Revertant Mosaic Skin,COL17A1+ KRT14+ Basal Keratinocyte|Cycling T Cell|IFN-activated Basal Keratinocyte|KRT1 KRT10+ Spinous Keratinocyte|KRTDAP+ DMKN+ Spinous Keratinocyte|S100A2+ Proliferating Keratinocyte|Stress Keratinocyte|Suprabasal Keratinocyte,Immune|Keratinocyte,Treatment with cultured epidermal autograft from revertant skin for epidermolytic ichthyosis,We performed clinical trial of treatment with cultured epidermal autograft (CEA) produced from patients’ own revertant epidermal keratinocytes as a proof-of-concept study. We successfully produced CEAs from genetically confirmed revertant skin of the three EI patients and genetically confirmed that CEAs mainly consist of revertant wild-type cells by amplicon sequencing and droplet digital PCR analysis. Single-cell RNA sequencing analysis confirmed normal proliferation and safety profiling of CEAs.,"To assess the proliferation/differentiation abilities and safety of cultured epidermal autograft generated from the patients’ revertant skin, we performed single-cell RNA sequencing analysis using cells from cultured epidermal autograft and control cultured normal human keratinocytes to see the gene expression profiles.",38739763
SAID170,GSE248121,GSM7906167,Human,1173,Healthy,56/58,male,whole skin,CFD+ Secretory fibroblasts|COL17A1+ KRT14+ Basal Keratinocyte|Hair Follicle Keratinocyte|Hair Follicle Outer Root Sheath Keratinocyte|KRT1 KRT10+ Spinous Keratinocyte|KRTDAP+ DMKN+ Spinous Keratinocyte|Langerhans Cell|Lymphatic Endothelial Cell|Melanocyte|PECAM1+ Blood vascular Endothelial Cell|Smooth Muscle Cell|Stress Keratinocyte|Suprabasal Keratinocyte|cDC2 Dendritic Cell,Fibroblast|Immune|Keratinocyte|Lymphatic Endothelial Cell|Melanocyte|Smooth Muscle Cell|Vascular Endothelial Cell,The Characteristics of cell in Psoriatic Resolved Lesions Revealed and Onsite Recurrent by Single-cell Transcriptome,"Skin biopsy from the previously resolved region (PN), the autologous on-site recurrence with psoriatic plaque (PP)and the non-lesion control (CN) were obtained from the lower back of four male plaque psoriasis patients. Single-cell RNA sequencing (scRNA-seq) was performed after cell dissociation. In our article, sub-clustering and characterization of T cells were demonstrated, functional comparisons of T-cell subsets were conducted further among PN, PP and CN.","The previously resolved region (PN), the autologous on-site recurrence with psoriatic plaque (PP)and the appearing-normal control (CN) were obtained from the lower back of four male plaque psoriasis patients. Single-cell RNA sequencing (scRNA-seq) were performed after cell dissociation. The specimen named “CN” has combinated the cells of appearing-normal control from Patient D1 and Patient D2.",39067676
SAID171,GSE248121,GSM7906168,Human,1950,Psoriasis,58,male,whole skin,CD69+ IL7R+ Tissue-resident memory T Cell|CFD+ Secretory fibroblasts|COL17A1+ KRT14+ Basal Keratinocyte|Eccrine Sweat Gland Cell|Hair Follicle Keratinocyte|Hair Follicle Outer Root Sheath Keratinocyte|KRT1 KRT10+ Spinous Keratinocyte|KRTDAP+ DMKN+ Spinous Keratinocyte|Langerhans Cell|Lymphatic Endothelial Cell|Matrix Remodeling Fibroblasts|Melanocyte|PECAM1+ Blood vascular Endothelial Cell|Regulatory T Cell|Resident T Cell|Smooth Muscle Cell|Stress Keratinocyte|Suprabasal Keratinocyte|cDC2 Dendritic Cell,Eccrine Sweat Gland Cell|Fibroblast|Immune|Keratinocyte|Lymphatic Endothelial Cell|Melanocyte|Smooth Muscle Cell|Vascular Endothelial Cell,The Characteristics of cell in Psoriatic Resolved Lesions Revealed and Onsite Recurrent by Single-cell Transcriptome,"Skin biopsy from the previously resolved region (PN), the autologous on-site recurrence with psoriatic plaque (PP)and the non-lesion control (CN) were obtained from the lower back of four male plaque psoriasis patients. Single-cell RNA sequencing (scRNA-seq) was performed after cell dissociation. In our article, sub-clustering and characterization of T cells were demonstrated, functional comparisons of T-cell subsets were conducted further among PN, PP and CN.","The previously resolved region (PN), the autologous on-site recurrence with psoriatic plaque (PP)and the appearing-normal control (CN) were obtained from the lower back of four male plaque psoriasis patients. Single-cell RNA sequencing (scRNA-seq) were performed after cell dissociation. The specimen named “CN” has combinated the cells of appearing-normal control from Patient D1 and Patient D2.",39067676
SAID172,GSE248121,GSM7906169,Human,4918,Resolved Psoriatic Lesion,58,male,whole skin,CD69+ IL7R+ Tissue-resident memory T Cell|CD8+ Cytotoxic T/NK Cells|CFD+ Secretory fibroblasts|COL17A1+ KRT14+ Basal Keratinocyte|Cycling T Cell|Eccrine Sweat Gland Cell|Hair Follicle Keratinocyte|Hair Follicle Outer Root Sheath Keratinocyte|IL7R+ Naive CD4 T Cell|KIR3DL2+ NK/T Cell|KRT1 KRT10+ Spinous Keratinocyte|KRTDAP+ DMKN+ Spinous Keratinocyte|Langerhans Cell|Lymphatic Endothelial Cell|MKI67+ Granular Keratinocyte|Melanocyte|PECAM1+ Blood vascular Endothelial Cell|Regulatory T Cell|Resident T Cell|S100A2+ Proliferating Keratinocyte|Sebocyte|Smooth Muscle Cell|Stress Keratinocyte|Suprabasal Keratinocyte|cDC2 Dendritic Cell,Eccrine Sweat Gland Cell|Fibroblast|Immune|Keratinocyte|Lymphatic Endothelial Cell|Melanocyte|Sebaceous Gland Cell|Smooth Muscle Cell|Vascular Endothelial Cell,The Characteristics of cell in Psoriatic Resolved Lesions Revealed and Onsite Recurrent by Single-cell Transcriptome,"Skin biopsy from the previously resolved region (PN), the autologous on-site recurrence with psoriatic plaque (PP)and the non-lesion control (CN) were obtained from the lower back of four male plaque psoriasis patients. Single-cell RNA sequencing (scRNA-seq) was performed after cell dissociation. In our article, sub-clustering and characterization of T cells were demonstrated, functional comparisons of T-cell subsets were conducted further among PN, PP and CN.","The previously resolved region (PN), the autologous on-site recurrence with psoriatic plaque (PP)and the appearing-normal control (CN) were obtained from the lower back of four male plaque psoriasis patients. Single-cell RNA sequencing (scRNA-seq) were performed after cell dissociation. The specimen named “CN” has combinated the cells of appearing-normal control from Patient D1 and Patient D2.",39067676
SAID173,GSE248121,GSM7906170,Human,3809,Psoriasis,56,male,whole skin,B Cell|CD69+ IL7R+ Tissue-resident memory T Cell|CD8+ Cytotoxic T/NK Cells|CFD+ Secretory fibroblasts|COL17A1+ KRT14+ Basal Keratinocyte|Cycling T Cell|Eccrine Sweat Gland Cell|Hair Follicle Keratinocyte|Hair Follicle Outer Root Sheath Keratinocyte|KRT1 KRT10+ Spinous Keratinocyte|KRTDAP+ DMKN+ Spinous Keratinocyte|Langerhans Cell|Matrix Remodeling Fibroblasts|Melanocyte|PECAM1+ Blood vascular Endothelial Cell|Regulatory T Cell|Resident T Cell|S100A2+ Proliferating Keratinocyte|SPP1+ Inflammatory Macrophage|Smooth Muscle Cell|Stress Keratinocyte|Suprabasal Keratinocyte|cDC1 Dendritic Cell|cDC2 Dendritic Cell,Eccrine Sweat Gland Cell|Fibroblast|Immune|Keratinocyte|Melanocyte|Smooth Muscle Cell|Vascular Endothelial Cell,The Characteristics of cell in Psoriatic Resolved Lesions Revealed and Onsite Recurrent by Single-cell Transcriptome,"Skin biopsy from the previously resolved region (PN), the autologous on-site recurrence with psoriatic plaque (PP)and the non-lesion control (CN) were obtained from the lower back of four male plaque psoriasis patients. Single-cell RNA sequencing (scRNA-seq) was performed after cell dissociation. In our article, sub-clustering and characterization of T cells were demonstrated, functional comparisons of T-cell subsets were conducted further among PN, PP and CN.","The previously resolved region (PN), the autologous on-site recurrence with psoriatic plaque (PP)and the appearing-normal control (CN) were obtained from the lower back of four male plaque psoriasis patients. Single-cell RNA sequencing (scRNA-seq) were performed after cell dissociation. The specimen named “CN” has combinated the cells of appearing-normal control from Patient D1 and Patient D2.",39067676
SAID174,GSE248121,GSM7906171,Human,6047,Resolved Psoriatic Lesion,56,male,whole skin,ACKR1+ Post-Capillary Venule Endothelial Cell|B Cell|CD69+ IL7R+ Tissue-resident memory T Cell|CD8+ Cytotoxic T/NK Cells|CFD+ Secretory fibroblasts|COL17A1+ KRT14+ Basal Keratinocyte|Cycling T Cell|Eccrine Sweat Gland Cell|Hair Follicle Keratinocyte|Hair Follicle Outer Root Sheath Keratinocyte|IFN-activated Basal Keratinocyte|KRT1 KRT10+ Spinous Keratinocyte|KRT2+ SLURP1+ Granular Keratinocyte|KRTDAP+ DMKN+ Spinous Keratinocyte|Langerhans Cell|Lymphatic Endothelial Cell|Mast Cell|Matrix Remodeling Fibroblasts|Melanocyte|PECAM1+ Blood vascular Endothelial Cell|Regulatory T Cell|Resident T Cell|S100A2+ Proliferating Keratinocyte|Smooth Muscle Cell|Stress Keratinocyte|Suprabasal Keratinocyte|cDC1 Dendritic Cell|cDC2 Dendritic Cell,Eccrine Sweat Gland Cell|Fibroblast|Immune|Keratinocyte|Lymphatic Endothelial Cell|Melanocyte|Smooth Muscle Cell|Vascular Endothelial Cell,The Characteristics of cell in Psoriatic Resolved Lesions Revealed and Onsite Recurrent by Single-cell Transcriptome,"Skin biopsy from the previously resolved region (PN), the autologous on-site recurrence with psoriatic plaque (PP)and the non-lesion control (CN) were obtained from the lower back of four male plaque psoriasis patients. Single-cell RNA sequencing (scRNA-seq) was performed after cell dissociation. In our article, sub-clustering and characterization of T cells were demonstrated, functional comparisons of T-cell subsets were conducted further among PN, PP and CN.","The previously resolved region (PN), the autologous on-site recurrence with psoriatic plaque (PP)and the appearing-normal control (CN) were obtained from the lower back of four male plaque psoriasis patients. Single-cell RNA sequencing (scRNA-seq) were performed after cell dissociation. The specimen named “CN” has combinated the cells of appearing-normal control from Patient D1 and Patient D2.",39067676
SAID175,GSE248121,GSM7906172,Human,945,Psoriasis,50,male,whole skin,CD69+ IL7R+ Tissue-resident memory T Cell|CD8+ Cytotoxic T/NK Cells|CFD+ Secretory fibroblasts|COL17A1+ KRT14+ Basal Keratinocyte|Eccrine Sweat Gland Cell|Hair Follicle Keratinocyte|Hair Follicle Outer Root Sheath Keratinocyte|KRT1 KRT10+ Spinous Keratinocyte|KRTDAP+ DMKN+ Spinous Keratinocyte|Langerhans Cell|Lymphatic Endothelial Cell|Melanocyte|PECAM1+ Blood vascular Endothelial Cell|Regulatory T Cell|Resident T Cell|Schwann Cell|Smooth Muscle Cell|Stress Keratinocyte|Suprabasal Keratinocyte,Eccrine Sweat Gland Cell|Fibroblast|Immune|Keratinocyte|Lymphatic Endothelial Cell|Melanocyte|Schwann cell|Smooth Muscle Cell|Vascular Endothelial Cell,The Characteristics of cell in Psoriatic Resolved Lesions Revealed and Onsite Recurrent by Single-cell Transcriptome,"Skin biopsy from the previously resolved region (PN), the autologous on-site recurrence with psoriatic plaque (PP)and the non-lesion control (CN) were obtained from the lower back of four male plaque psoriasis patients. Single-cell RNA sequencing (scRNA-seq) was performed after cell dissociation. In our article, sub-clustering and characterization of T cells were demonstrated, functional comparisons of T-cell subsets were conducted further among PN, PP and CN.","The previously resolved region (PN), the autologous on-site recurrence with psoriatic plaque (PP)and the appearing-normal control (CN) were obtained from the lower back of four male plaque psoriasis patients. Single-cell RNA sequencing (scRNA-seq) were performed after cell dissociation. The specimen named “CN” has combinated the cells of appearing-normal control from Patient D1 and Patient D2.",39067676
SAID176,GSE248121,GSM7906173,Human,5104,Psoriasis,50,male,whole skin,CD69+ IL7R+ Tissue-resident memory T Cell|CD8+ Cytotoxic T/NK Cells|CFD+ Secretory fibroblasts|COL17A1+ KRT14+ Basal Keratinocyte|Eccrine Sweat Gland Cell|Hair Follicle Keratinocyte|Hair Follicle Outer Root Sheath Keratinocyte|IL7R+ Naive CD4 T Cell|KRT1 KRT10+ Spinous Keratinocyte|KRTDAP+ DMKN+ Spinous Keratinocyte|Langerhans Cell|Lymphatic Endothelial Cell|Melanocyte|PECAM1+ Blood vascular Endothelial Cell|Regulatory T Cell|Resident T Cell|Schwann Cell|Smooth Muscle Cell|Stress Keratinocyte|Suprabasal Keratinocyte|Unknown|cDC1 Dendritic Cell|cDC2 Dendritic Cell,Eccrine Sweat Gland Cell|Fibroblast|Immune|Keratinocyte|Lymphatic Endothelial Cell|Melanocyte|Schwann cell|Smooth Muscle Cell|Unknown|Vascular Endothelial Cell,The Characteristics of cell in Psoriatic Resolved Lesions Revealed and Onsite Recurrent by Single-cell Transcriptome,"Skin biopsy from the previously resolved region (PN), the autologous on-site recurrence with psoriatic plaque (PP)and the non-lesion control (CN) were obtained from the lower back of four male plaque psoriasis patients. Single-cell RNA sequencing (scRNA-seq) was performed after cell dissociation. In our article, sub-clustering and characterization of T cells were demonstrated, functional comparisons of T-cell subsets were conducted further among PN, PP and CN.","The previously resolved region (PN), the autologous on-site recurrence with psoriatic plaque (PP)and the appearing-normal control (CN) were obtained from the lower back of four male plaque psoriasis patients. Single-cell RNA sequencing (scRNA-seq) were performed after cell dissociation. The specimen named “CN” has combinated the cells of appearing-normal control from Patient D1 and Patient D2.",39067676
SAID177,GSE248121,GSM7906174,Human,8209,Resolved Psoriatic Lesion,50,male,whole skin,ACKR1+ Post-Capillary Venule Endothelial Cell|CD69+ IL7R+ Tissue-resident memory T Cell|CD8+ Cytotoxic T/NK Cells|CFD+ Secretory fibroblasts|COL17A1+ KRT14+ Basal Keratinocyte|Cycling T Cell|Eccrine Sweat Gland Cell|Hair Follicle Keratinocyte|Hair Follicle Outer Root Sheath Keratinocyte|KRT1 KRT10+ Spinous Keratinocyte|KRT2+ SLURP1+ Granular Keratinocyte|KRTDAP+ DMKN+ Spinous Keratinocyte|Langerhans Cell|Lymphatic Endothelial Cell|MKI67+ Granular Keratinocyte|Melanocyte|PECAM1+ Blood vascular Endothelial Cell|Plasma Cell|Resident T Cell|SPP1+ Inflammatory Macrophage|Schwann Cell|Smooth Muscle Cell|Stress Keratinocyte|Suprabasal Keratinocyte|Unknown|cDC1 Dendritic Cell|cDC2 Dendritic Cell,Eccrine Sweat Gland Cell|Fibroblast|Immune|Keratinocyte|Lymphatic Endothelial Cell|Melanocyte|Schwann cell|Smooth Muscle Cell|Unknown|Vascular Endothelial Cell,The Characteristics of cell in Psoriatic Resolved Lesions Revealed and Onsite Recurrent by Single-cell Transcriptome,"Skin biopsy from the previously resolved region (PN), the autologous on-site recurrence with psoriatic plaque (PP)and the non-lesion control (CN) were obtained from the lower back of four male plaque psoriasis patients. Single-cell RNA sequencing (scRNA-seq) was performed after cell dissociation. In our article, sub-clustering and characterization of T cells were demonstrated, functional comparisons of T-cell subsets were conducted further among PN, PP and CN.","The previously resolved region (PN), the autologous on-site recurrence with psoriatic plaque (PP)and the appearing-normal control (CN) were obtained from the lower back of four male plaque psoriasis patients. Single-cell RNA sequencing (scRNA-seq) were performed after cell dissociation. The specimen named “CN” has combinated the cells of appearing-normal control from Patient D1 and Patient D2.",39067676
SAID178,GSE248121,GSM7906175,Human,4056,Psoriasis,34,male,whole skin,ACKR1+ Post-Capillary Venule Endothelial Cell|CD69+ IL7R+ Tissue-resident memory T Cell|CD8+ Cytotoxic T/NK Cells|CFD+ Secretory fibroblasts|COL17A1+ KRT14+ Basal Keratinocyte|Eccrine Sweat Gland Cell|Hair Follicle Keratinocyte|Hair Follicle Outer Root Sheath Keratinocyte|KRT1 KRT10+ Spinous Keratinocyte|KRT2+ SLURP1+ Granular Keratinocyte|KRTDAP+ DMKN+ Spinous Keratinocyte|Langerhans Cell|Lymphatic Endothelial Cell|MHC-II+ Stressed Suprabasal Keratinocyte|Melanocyte|PECAM1+ Blood vascular Endothelial Cell|Plasma Cell|Regulatory T Cell|Resident T Cell|Schwann Cell|Smooth Muscle Cell|Stress Keratinocyte|Suprabasal Keratinocyte|cDC1 Dendritic Cell|cDC2 Dendritic Cell,Eccrine Sweat Gland Cell|Fibroblast|Immune|Keratinocyte|Lymphatic Endothelial Cell|Melanocyte|Schwann cell|Smooth Muscle Cell|Vascular Endothelial Cell,The Characteristics of cell in Psoriatic Resolved Lesions Revealed and Onsite Recurrent by Single-cell Transcriptome,"Skin biopsy from the previously resolved region (PN), the autologous on-site recurrence with psoriatic plaque (PP)and the non-lesion control (CN) were obtained from the lower back of four male plaque psoriasis patients. Single-cell RNA sequencing (scRNA-seq) was performed after cell dissociation. In our article, sub-clustering and characterization of T cells were demonstrated, functional comparisons of T-cell subsets were conducted further among PN, PP and CN.","The previously resolved region (PN), the autologous on-site recurrence with psoriatic plaque (PP)and the appearing-normal control (CN) were obtained from the lower back of four male plaque psoriasis patients. Single-cell RNA sequencing (scRNA-seq) were performed after cell dissociation. The specimen named “CN” has combinated the cells of appearing-normal control from Patient D1 and Patient D2.",39067676
SAID179,GSE248121,GSM7906176,Human,6300,Psoriasis,34,male,whole skin,ACKR1+ Post-Capillary Venule Endothelial Cell|B Cell|CD69+ IL7R+ Tissue-resident memory T Cell|CD8+ Cytotoxic T/NK Cells|CFD+ Secretory fibroblasts|COL17A1+ KRT14+ Basal Keratinocyte|Cycling T Cell|Eccrine Sweat Gland Cell|Hair Follicle Keratinocyte|Hair Follicle Outer Root Sheath Keratinocyte|IFN-activated Basal Keratinocyte|IL7R+ Naive CD4 T Cell|KRT1 KRT10+ Spinous Keratinocyte|KRT2+ SLURP1+ Granular Keratinocyte|KRTDAP+ DMKN+ Spinous Keratinocyte|Langerhans Cell|Lymphatic Endothelial Cell|Mast Cell|Melanocyte|PECAM1+ Blood vascular Endothelial Cell|Regulatory T Cell|Resident T Cell|S100A2+ Proliferating Keratinocyte|SPP1+ Inflammatory Macrophage|Schwann Cell|Smooth Muscle Cell|Stress Keratinocyte|Suprabasal Keratinocyte|Unknown|cDC1 Dendritic Cell|cDC2 Dendritic Cell,Eccrine Sweat Gland Cell|Fibroblast|Immune|Keratinocyte|Lymphatic Endothelial Cell|Melanocyte|Schwann cell|Smooth Muscle Cell|Unknown|Vascular Endothelial Cell,The Characteristics of cell in Psoriatic Resolved Lesions Revealed and Onsite Recurrent by Single-cell Transcriptome,"Skin biopsy from the previously resolved region (PN), the autologous on-site recurrence with psoriatic plaque (PP)and the non-lesion control (CN) were obtained from the lower back of four male plaque psoriasis patients. Single-cell RNA sequencing (scRNA-seq) was performed after cell dissociation. In our article, sub-clustering and characterization of T cells were demonstrated, functional comparisons of T-cell subsets were conducted further among PN, PP and CN.","The previously resolved region (PN), the autologous on-site recurrence with psoriatic plaque (PP)and the appearing-normal control (CN) were obtained from the lower back of four male plaque psoriasis patients. Single-cell RNA sequencing (scRNA-seq) were performed after cell dissociation. The specimen named “CN” has combinated the cells of appearing-normal control from Patient D1 and Patient D2.",39067676
SAID180,GSE213849,GSM6595205,Human,409,Healthy,Not mentioned,Not mentioned,whole skin,CD69+ IL7R+ Tissue-resident memory T Cell|CD8+ Cytotoxic T/NK Cells|CFD+ Secretory fibroblasts|IL7R+ Naive CD4 T Cell|Lymphatic Endothelial Cell|Plasma Cell|Regulatory T Cell|Resident T Cell,Fibroblast|Immune|Lymphatic Endothelial Cell,Single-cell transcriptome analysis of CD3+ T lymphocytes from prurigo nodularis lesional skin reveals Th17 polarization,"Prurigo nodularis (PN) is a chronic inflammatory skin disease characterized by symmetrically distributed, intensely pruritic nodules of unknown etiology and unmet therapeutic need. The lack of approved therapies and the limited efficacy of off-label treatments reflect the current poor understanding of its pathogenesis. We aimed to comprehensively characterize the phenotypic variation of CD3+ T cells and asses cell-specific gene expression in the lesional skin of patients with PN versus in patients with atopic dermatitis (AD) and in healthy controls (HC).  To this end, single-cell RNA sequencing (scRNA-Seq) using 10x Genomics was carried out to compare CD3+ T cells transcriptomic heterogeneity between lesional samples of PN (n=6), AD (n=5) and HC (n=5).","Four millimetres punch skin biopsies were obtained from lesional skin of 11 patients (6 from PN and 5 from AD) and 5 from HC. CD3+ T cells were sorted by flow cytometry from cell suspension obtained after enzymatic and mechanic dissociation of lesional skin biopsy samples or healthy skin samples. Samples with at least 90% viability after lymphocytes sorting were used for further scRNA-Seq analysis. Cell suspensions were loaded onto separate chip inlet to perform cell encapsulation into droplets. Reverse transcription, cDNA generation and library preparation were achieve using the standard 10X Genomics single cell protocol. Raw sequencing data were demultiplexed, aligned to a reference genome (GrCh38) and counted using Cell Ranger (version 3.0.2, 10x Genomics).",37263486
SAID181,GSE213849,GSM6595206,Human,610,Healthy,Not mentioned,Not mentioned,whole skin,CD69+ IL7R+ Tissue-resident memory T Cell|CD8+ Cytotoxic T/NK Cells|COL17A1+ KRT14+ Basal Keratinocyte|IL7R+ Naive CD4 T Cell|Regulatory T Cell|Resident T Cell|Smooth Muscle Cell,Immune|Keratinocyte|Smooth Muscle Cell,Single-cell transcriptome analysis of CD3+ T lymphocytes from prurigo nodularis lesional skin reveals Th17 polarization,"Prurigo nodularis (PN) is a chronic inflammatory skin disease characterized by symmetrically distributed, intensely pruritic nodules of unknown etiology and unmet therapeutic need. The lack of approved therapies and the limited efficacy of off-label treatments reflect the current poor understanding of its pathogenesis. We aimed to comprehensively characterize the phenotypic variation of CD3+ T cells and asses cell-specific gene expression in the lesional skin of patients with PN versus in patients with atopic dermatitis (AD) and in healthy controls (HC).  To this end, single-cell RNA sequencing (scRNA-Seq) using 10x Genomics was carried out to compare CD3+ T cells transcriptomic heterogeneity between lesional samples of PN (n=6), AD (n=5) and HC (n=5).","Four millimetres punch skin biopsies were obtained from lesional skin of 11 patients (6 from PN and 5 from AD) and 5 from HC. CD3+ T cells were sorted by flow cytometry from cell suspension obtained after enzymatic and mechanic dissociation of lesional skin biopsy samples or healthy skin samples. Samples with at least 90% viability after lymphocytes sorting were used for further scRNA-Seq analysis. Cell suspensions were loaded onto separate chip inlet to perform cell encapsulation into droplets. Reverse transcription, cDNA generation and library preparation were achieve using the standard 10X Genomics single cell protocol. Raw sequencing data were demultiplexed, aligned to a reference genome (GrCh38) and counted using Cell Ranger (version 3.0.2, 10x Genomics).",37263486
SAID182,GSE213849,GSM6595208,Human,385,Healthy,Not mentioned,Not mentioned,whole skin,CD69+ IL7R+ Tissue-resident memory T Cell|CD8+ Cytotoxic T/NK Cells|IL7R+ Naive CD4 T Cell|Regulatory T Cell|Resident T Cell|Smooth Muscle Cell,Immune|Smooth Muscle Cell,Single-cell transcriptome analysis of CD3+ T lymphocytes from prurigo nodularis lesional skin reveals Th17 polarization,"Prurigo nodularis (PN) is a chronic inflammatory skin disease characterized by symmetrically distributed, intensely pruritic nodules of unknown etiology and unmet therapeutic need. The lack of approved therapies and the limited efficacy of off-label treatments reflect the current poor understanding of its pathogenesis. We aimed to comprehensively characterize the phenotypic variation of CD3+ T cells and asses cell-specific gene expression in the lesional skin of patients with PN versus in patients with atopic dermatitis (AD) and in healthy controls (HC).  To this end, single-cell RNA sequencing (scRNA-Seq) using 10x Genomics was carried out to compare CD3+ T cells transcriptomic heterogeneity between lesional samples of PN (n=6), AD (n=5) and HC (n=5).","Four millimetres punch skin biopsies were obtained from lesional skin of 11 patients (6 from PN and 5 from AD) and 5 from HC. CD3+ T cells were sorted by flow cytometry from cell suspension obtained after enzymatic and mechanic dissociation of lesional skin biopsy samples or healthy skin samples. Samples with at least 90% viability after lymphocytes sorting were used for further scRNA-Seq analysis. Cell suspensions were loaded onto separate chip inlet to perform cell encapsulation into droplets. Reverse transcription, cDNA generation and library preparation were achieve using the standard 10X Genomics single cell protocol. Raw sequencing data were demultiplexed, aligned to a reference genome (GrCh38) and counted using Cell Ranger (version 3.0.2, 10x Genomics).",37263486
SAID183,GSE213849,GSM6595209,Human,719,Healthy,Not mentioned,Not mentioned,whole skin,CD69+ IL7R+ Tissue-resident memory T Cell|CD8+ Cytotoxic T/NK Cells|Cycling T Cell|IL7R+ Naive CD4 T Cell|Regulatory T Cell,Immune,Single-cell transcriptome analysis of CD3+ T lymphocytes from prurigo nodularis lesional skin reveals Th17 polarization,"Prurigo nodularis (PN) is a chronic inflammatory skin disease characterized by symmetrically distributed, intensely pruritic nodules of unknown etiology and unmet therapeutic need. The lack of approved therapies and the limited efficacy of off-label treatments reflect the current poor understanding of its pathogenesis. We aimed to comprehensively characterize the phenotypic variation of CD3+ T cells and asses cell-specific gene expression in the lesional skin of patients with PN versus in patients with atopic dermatitis (AD) and in healthy controls (HC).  To this end, single-cell RNA sequencing (scRNA-Seq) using 10x Genomics was carried out to compare CD3+ T cells transcriptomic heterogeneity between lesional samples of PN (n=6), AD (n=5) and HC (n=5).","Four millimetres punch skin biopsies were obtained from lesional skin of 11 patients (6 from PN and 5 from AD) and 5 from HC. CD3+ T cells were sorted by flow cytometry from cell suspension obtained after enzymatic and mechanic dissociation of lesional skin biopsy samples or healthy skin samples. Samples with at least 90% viability after lymphocytes sorting were used for further scRNA-Seq analysis. Cell suspensions were loaded onto separate chip inlet to perform cell encapsulation into droplets. Reverse transcription, cDNA generation and library preparation were achieve using the standard 10X Genomics single cell protocol. Raw sequencing data were demultiplexed, aligned to a reference genome (GrCh38) and counted using Cell Ranger (version 3.0.2, 10x Genomics).",37263486
SAID184,GSE213849,GSM6595210,Human,994,Atopic dermatitis,Not mentioned,Not mentioned,whole skin,CD69+ IL7R+ Tissue-resident memory T Cell|CD8+ Cytotoxic T/NK Cells|Cycling T Cell|Eccrine Sweat Gland Cell|IL7R+ Naive CD4 T Cell|Mast Cell|Regulatory T Cell|Resident T Cell,Eccrine Sweat Gland Cell|Immune,Single-cell transcriptome analysis of CD3+ T lymphocytes from prurigo nodularis lesional skin reveals Th17 polarization,"Prurigo nodularis (PN) is a chronic inflammatory skin disease characterized by symmetrically distributed, intensely pruritic nodules of unknown etiology and unmet therapeutic need. The lack of approved therapies and the limited efficacy of off-label treatments reflect the current poor understanding of its pathogenesis. We aimed to comprehensively characterize the phenotypic variation of CD3+ T cells and asses cell-specific gene expression in the lesional skin of patients with PN versus in patients with atopic dermatitis (AD) and in healthy controls (HC).  To this end, single-cell RNA sequencing (scRNA-Seq) using 10x Genomics was carried out to compare CD3+ T cells transcriptomic heterogeneity between lesional samples of PN (n=6), AD (n=5) and HC (n=5).","Four millimetres punch skin biopsies were obtained from lesional skin of 11 patients (6 from PN and 5 from AD) and 5 from HC. CD3+ T cells were sorted by flow cytometry from cell suspension obtained after enzymatic and mechanic dissociation of lesional skin biopsy samples or healthy skin samples. Samples with at least 90% viability after lymphocytes sorting were used for further scRNA-Seq analysis. Cell suspensions were loaded onto separate chip inlet to perform cell encapsulation into droplets. Reverse transcription, cDNA generation and library preparation were achieve using the standard 10X Genomics single cell protocol. Raw sequencing data were demultiplexed, aligned to a reference genome (GrCh38) and counted using Cell Ranger (version 3.0.2, 10x Genomics).",37263486
SAID185,GSE213849,GSM6595211,Human,588,Atopic dermatitis,Not mentioned,Not mentioned,whole skin,CD69+ IL7R+ Tissue-resident memory T Cell|CD8+ Cytotoxic T/NK Cells|CFD+ Secretory fibroblasts|COL17A1+ KRT14+ Basal Keratinocyte|Cycling T Cell|IL7R+ Naive CD4 T Cell|KRT1 KRT10+ Spinous Keratinocyte|KRTDAP+ DMKN+ Spinous Keratinocyte|Regulatory T Cell|Resident T Cell|Schwann Cell|Smooth Muscle Cell|cDC2 Dendritic Cell,Fibroblast|Immune|Keratinocyte|Schwann cell|Smooth Muscle Cell,Single-cell transcriptome analysis of CD3+ T lymphocytes from prurigo nodularis lesional skin reveals Th17 polarization,"Prurigo nodularis (PN) is a chronic inflammatory skin disease characterized by symmetrically distributed, intensely pruritic nodules of unknown etiology and unmet therapeutic need. The lack of approved therapies and the limited efficacy of off-label treatments reflect the current poor understanding of its pathogenesis. We aimed to comprehensively characterize the phenotypic variation of CD3+ T cells and asses cell-specific gene expression in the lesional skin of patients with PN versus in patients with atopic dermatitis (AD) and in healthy controls (HC).  To this end, single-cell RNA sequencing (scRNA-Seq) using 10x Genomics was carried out to compare CD3+ T cells transcriptomic heterogeneity between lesional samples of PN (n=6), AD (n=5) and HC (n=5).","Four millimetres punch skin biopsies were obtained from lesional skin of 11 patients (6 from PN and 5 from AD) and 5 from HC. CD3+ T cells were sorted by flow cytometry from cell suspension obtained after enzymatic and mechanic dissociation of lesional skin biopsy samples or healthy skin samples. Samples with at least 90% viability after lymphocytes sorting were used for further scRNA-Seq analysis. Cell suspensions were loaded onto separate chip inlet to perform cell encapsulation into droplets. Reverse transcription, cDNA generation and library preparation were achieve using the standard 10X Genomics single cell protocol. Raw sequencing data were demultiplexed, aligned to a reference genome (GrCh38) and counted using Cell Ranger (version 3.0.2, 10x Genomics).",37263486
SAID186,GSE213849,GSM6595212,Human,583,Atopic dermatitis,Not mentioned,Not mentioned,whole skin,CD69+ IL7R+ Tissue-resident memory T Cell|CD8+ Cytotoxic T/NK Cells|Cycling T Cell|IL7R+ Naive CD4 T Cell|Regulatory T Cell|Resident T Cell|Schwann Cell,Immune|Schwann cell,Single-cell transcriptome analysis of CD3+ T lymphocytes from prurigo nodularis lesional skin reveals Th17 polarization,"Prurigo nodularis (PN) is a chronic inflammatory skin disease characterized by symmetrically distributed, intensely pruritic nodules of unknown etiology and unmet therapeutic need. The lack of approved therapies and the limited efficacy of off-label treatments reflect the current poor understanding of its pathogenesis. We aimed to comprehensively characterize the phenotypic variation of CD3+ T cells and asses cell-specific gene expression in the lesional skin of patients with PN versus in patients with atopic dermatitis (AD) and in healthy controls (HC).  To this end, single-cell RNA sequencing (scRNA-Seq) using 10x Genomics was carried out to compare CD3+ T cells transcriptomic heterogeneity between lesional samples of PN (n=6), AD (n=5) and HC (n=5).","Four millimetres punch skin biopsies were obtained from lesional skin of 11 patients (6 from PN and 5 from AD) and 5 from HC. CD3+ T cells were sorted by flow cytometry from cell suspension obtained after enzymatic and mechanic dissociation of lesional skin biopsy samples or healthy skin samples. Samples with at least 90% viability after lymphocytes sorting were used for further scRNA-Seq analysis. Cell suspensions were loaded onto separate chip inlet to perform cell encapsulation into droplets. Reverse transcription, cDNA generation and library preparation were achieve using the standard 10X Genomics single cell protocol. Raw sequencing data were demultiplexed, aligned to a reference genome (GrCh38) and counted using Cell Ranger (version 3.0.2, 10x Genomics).",37263486
SAID187,GSE213849,GSM6595215,Human,478,Prurigo nodularis,Not mentioned,Not mentioned,whole skin,CD69+ IL7R+ Tissue-resident memory T Cell|CD8+ Cytotoxic T/NK Cells|CFD+ Secretory fibroblasts|IL7R+ Naive CD4 T Cell|KRT1 KRT10+ Spinous Keratinocyte|PECAM1+ Blood vascular Endothelial Cell|Regulatory T Cell|Resident T Cell|Schwann Cell|Smooth Muscle Cell,Fibroblast|Immune|Keratinocyte|Schwann cell|Smooth Muscle Cell|Vascular Endothelial Cell,Single-cell transcriptome analysis of CD3+ T lymphocytes from prurigo nodularis lesional skin reveals Th17 polarization,"Prurigo nodularis (PN) is a chronic inflammatory skin disease characterized by symmetrically distributed, intensely pruritic nodules of unknown etiology and unmet therapeutic need. The lack of approved therapies and the limited efficacy of off-label treatments reflect the current poor understanding of its pathogenesis. We aimed to comprehensively characterize the phenotypic variation of CD3+ T cells and asses cell-specific gene expression in the lesional skin of patients with PN versus in patients with atopic dermatitis (AD) and in healthy controls (HC).  To this end, single-cell RNA sequencing (scRNA-Seq) using 10x Genomics was carried out to compare CD3+ T cells transcriptomic heterogeneity between lesional samples of PN (n=6), AD (n=5) and HC (n=5).","Four millimetres punch skin biopsies were obtained from lesional skin of 11 patients (6 from PN and 5 from AD) and 5 from HC. CD3+ T cells were sorted by flow cytometry from cell suspension obtained after enzymatic and mechanic dissociation of lesional skin biopsy samples or healthy skin samples. Samples with at least 90% viability after lymphocytes sorting were used for further scRNA-Seq analysis. Cell suspensions were loaded onto separate chip inlet to perform cell encapsulation into droplets. Reverse transcription, cDNA generation and library preparation were achieve using the standard 10X Genomics single cell protocol. Raw sequencing data were demultiplexed, aligned to a reference genome (GrCh38) and counted using Cell Ranger (version 3.0.2, 10x Genomics).",37263486
SAID188,GSE213849,GSM6595217,Human,408,Prurigo nodularis,Not mentioned,Not mentioned,whole skin,CD69+ IL7R+ Tissue-resident memory T Cell|CD8+ Cytotoxic T/NK Cells|CFD+ Secretory fibroblasts|Cycling T Cell|IL7R+ Naive CD4 T Cell|KRT1 KRT10+ Spinous Keratinocyte|Regulatory T Cell|Resident T Cell,Fibroblast|Immune|Keratinocyte,Single-cell transcriptome analysis of CD3+ T lymphocytes from prurigo nodularis lesional skin reveals Th17 polarization,"Prurigo nodularis (PN) is a chronic inflammatory skin disease characterized by symmetrically distributed, intensely pruritic nodules of unknown etiology and unmet therapeutic need. The lack of approved therapies and the limited efficacy of off-label treatments reflect the current poor understanding of its pathogenesis. We aimed to comprehensively characterize the phenotypic variation of CD3+ T cells and asses cell-specific gene expression in the lesional skin of patients with PN versus in patients with atopic dermatitis (AD) and in healthy controls (HC).  To this end, single-cell RNA sequencing (scRNA-Seq) using 10x Genomics was carried out to compare CD3+ T cells transcriptomic heterogeneity between lesional samples of PN (n=6), AD (n=5) and HC (n=5).","Four millimetres punch skin biopsies were obtained from lesional skin of 11 patients (6 from PN and 5 from AD) and 5 from HC. CD3+ T cells were sorted by flow cytometry from cell suspension obtained after enzymatic and mechanic dissociation of lesional skin biopsy samples or healthy skin samples. Samples with at least 90% viability after lymphocytes sorting were used for further scRNA-Seq analysis. Cell suspensions were loaded onto separate chip inlet to perform cell encapsulation into droplets. Reverse transcription, cDNA generation and library preparation were achieve using the standard 10X Genomics single cell protocol. Raw sequencing data were demultiplexed, aligned to a reference genome (GrCh38) and counted using Cell Ranger (version 3.0.2, 10x Genomics).",37263486
SAID189,GSE213849,GSM6595218,Human,356,Prurigo nodularis,Not mentioned,Not mentioned,whole skin,CD69+ IL7R+ Tissue-resident memory T Cell|CD8+ Cytotoxic T/NK Cells|IL7R+ Naive CD4 T Cell|PECAM1+ Blood vascular Endothelial Cell|Regulatory T Cell|Resident T Cell|SPP1+ Inflammatory Macrophage,Immune|Vascular Endothelial Cell,Single-cell transcriptome analysis of CD3+ T lymphocytes from prurigo nodularis lesional skin reveals Th17 polarization,"Prurigo nodularis (PN) is a chronic inflammatory skin disease characterized by symmetrically distributed, intensely pruritic nodules of unknown etiology and unmet therapeutic need. The lack of approved therapies and the limited efficacy of off-label treatments reflect the current poor understanding of its pathogenesis. We aimed to comprehensively characterize the phenotypic variation of CD3+ T cells and asses cell-specific gene expression in the lesional skin of patients with PN versus in patients with atopic dermatitis (AD) and in healthy controls (HC).  To this end, single-cell RNA sequencing (scRNA-Seq) using 10x Genomics was carried out to compare CD3+ T cells transcriptomic heterogeneity between lesional samples of PN (n=6), AD (n=5) and HC (n=5).","Four millimetres punch skin biopsies were obtained from lesional skin of 11 patients (6 from PN and 5 from AD) and 5 from HC. CD3+ T cells were sorted by flow cytometry from cell suspension obtained after enzymatic and mechanic dissociation of lesional skin biopsy samples or healthy skin samples. Samples with at least 90% viability after lymphocytes sorting were used for further scRNA-Seq analysis. Cell suspensions were loaded onto separate chip inlet to perform cell encapsulation into droplets. Reverse transcription, cDNA generation and library preparation were achieve using the standard 10X Genomics single cell protocol. Raw sequencing data were demultiplexed, aligned to a reference genome (GrCh38) and counted using Cell Ranger (version 3.0.2, 10x Genomics).",37263486
SAID190,GSE213849,GSM6595219,Human,512,Prurigo nodularis,Not mentioned,Not mentioned,whole skin,CD69+ IL7R+ Tissue-resident memory T Cell|CD8+ Cytotoxic T/NK Cells|CFD+ Secretory fibroblasts|Cycling T Cell|IL7R+ Naive CD4 T Cell|Lymphatic Endothelial Cell|Regulatory T Cell|Resident T Cell|Smooth Muscle Cell,Fibroblast|Immune|Lymphatic Endothelial Cell|Smooth Muscle Cell,Single-cell transcriptome analysis of CD3+ T lymphocytes from prurigo nodularis lesional skin reveals Th17 polarization,"Prurigo nodularis (PN) is a chronic inflammatory skin disease characterized by symmetrically distributed, intensely pruritic nodules of unknown etiology and unmet therapeutic need. The lack of approved therapies and the limited efficacy of off-label treatments reflect the current poor understanding of its pathogenesis. We aimed to comprehensively characterize the phenotypic variation of CD3+ T cells and asses cell-specific gene expression in the lesional skin of patients with PN versus in patients with atopic dermatitis (AD) and in healthy controls (HC).  To this end, single-cell RNA sequencing (scRNA-Seq) using 10x Genomics was carried out to compare CD3+ T cells transcriptomic heterogeneity between lesional samples of PN (n=6), AD (n=5) and HC (n=5).","Four millimetres punch skin biopsies were obtained from lesional skin of 11 patients (6 from PN and 5 from AD) and 5 from HC. CD3+ T cells were sorted by flow cytometry from cell suspension obtained after enzymatic and mechanic dissociation of lesional skin biopsy samples or healthy skin samples. Samples with at least 90% viability after lymphocytes sorting were used for further scRNA-Seq analysis. Cell suspensions were loaded onto separate chip inlet to perform cell encapsulation into droplets. Reverse transcription, cDNA generation and library preparation were achieve using the standard 10X Genomics single cell protocol. Raw sequencing data were demultiplexed, aligned to a reference genome (GrCh38) and counted using Cell Ranger (version 3.0.2, 10x Genomics).",37263486
SAID191,GSE213849,GSM6595220,Human,382,Prurigo nodularis,Not mentioned,Not mentioned,whole skin,CD69+ IL7R+ Tissue-resident memory T Cell|CD8+ Cytotoxic T/NK Cells|CFD+ Secretory fibroblasts|IL7R+ Naive CD4 T Cell|Matrix Remodeling Fibroblasts|Regulatory T Cell|Resident T Cell,Fibroblast|Immune,Single-cell transcriptome analysis of CD3+ T lymphocytes from prurigo nodularis lesional skin reveals Th17 polarization,"Prurigo nodularis (PN) is a chronic inflammatory skin disease characterized by symmetrically distributed, intensely pruritic nodules of unknown etiology and unmet therapeutic need. The lack of approved therapies and the limited efficacy of off-label treatments reflect the current poor understanding of its pathogenesis. We aimed to comprehensively characterize the phenotypic variation of CD3+ T cells and asses cell-specific gene expression in the lesional skin of patients with PN versus in patients with atopic dermatitis (AD) and in healthy controls (HC).  To this end, single-cell RNA sequencing (scRNA-Seq) using 10x Genomics was carried out to compare CD3+ T cells transcriptomic heterogeneity between lesional samples of PN (n=6), AD (n=5) and HC (n=5).","Four millimetres punch skin biopsies were obtained from lesional skin of 11 patients (6 from PN and 5 from AD) and 5 from HC. CD3+ T cells were sorted by flow cytometry from cell suspension obtained after enzymatic and mechanic dissociation of lesional skin biopsy samples or healthy skin samples. Samples with at least 90% viability after lymphocytes sorting were used for further scRNA-Seq analysis. Cell suspensions were loaded onto separate chip inlet to perform cell encapsulation into droplets. Reverse transcription, cDNA generation and library preparation were achieve using the standard 10X Genomics single cell protocol. Raw sequencing data were demultiplexed, aligned to a reference genome (GrCh38) and counted using Cell Ranger (version 3.0.2, 10x Genomics).",37263486
SAID192,GSE233137,GSM7401927,Human,796,Forskolin Treatment,Neonatal,Not mentioned,foreskin,CFD+ Secretory fibroblasts|Cycling T Cell|Matrix Remodeling Fibroblasts|Melanocyte|S100A2+ Proliferating Keratinocyte,Fibroblast|Immune|Keratinocyte|Melanocyte,Gene expression profile at single cell level of cultured normal human epidermal melanocytes (NHEMs) [NHEM_FSK_scRNA],NHEMs are considered as a homogeneous population in the human epidermis. We used single cell RNA sequencing (scRNA-seq) to analyze the diversity of NHEMs in culture.,NHEMs were cultured in Medium 254 (M254) and treated with 20µM forskolin (fsk) either every day or every alternate day for 7 days,39163475
SAID193,GSE233137,GSM7401928,Human,2011,Forskolin Treatment,Neonatal,Not mentioned,foreskin,CFD+ Secretory fibroblasts|Matrix Remodeling Fibroblasts|Melanocyte|SPP1+ Inflammatory Macrophage|Smooth Muscle Cell|Suprabasal Keratinocyte,Fibroblast|Immune|Keratinocyte|Melanocyte|Smooth Muscle Cell,Gene expression profile at single cell level of cultured normal human epidermal melanocytes (NHEMs) [NHEM_FSK_scRNA],NHEMs are considered as a homogeneous population in the human epidermis. We used single cell RNA sequencing (scRNA-seq) to analyze the diversity of NHEMs in culture.,NHEMs were cultured in Medium 254 (M254) and treated with 20µM forskolin (fsk) either every day or every alternate day for 7 days,39163475
SAID194,HRA000166,HRR060114,Human,2639,Lymphoma,31,female,subcutaneous tissue,B Cell|CD69+ IL7R+ Tissue-resident memory T Cell|CD8+ Cytotoxic T/NK Cells|CFD+ Secretory fibroblasts|COL17A1+ KRT14+ Basal Keratinocyte|Cycling T Cell|Eccrine Sweat Gland Cell|FCN1+ Monocyte|Hair Follicle Outer Root Sheath Keratinocyte|IL7R+ Naive CD4 T Cell|KRTDAP+ DMKN+ Spinous Keratinocyte|Langerhans Cell|Lymphatic Endothelial Cell|Mast Cell|PECAM1+ Blood vascular Endothelial Cell|Plasma Cell|Regulatory T Cell|Resident T Cell|S100A2+ Proliferating Keratinocyte|SPP1+ Inflammatory Macrophage|Schwann Cell|Smooth Muscle Cell|cDC1 Dendritic Cell|cDC2 Dendritic Cell,Eccrine Sweat Gland Cell|Fibroblast|Immune|Keratinocyte|Lymphatic Endothelial Cell|Schwann cell|Smooth Muscle Cell|Vascular Endothelial Cell,,,,
SAID195,HRA000166,HRR060115,Human,2804,Lymphoma,35,male,subcutaneous tissue,B Cell|CD69+ IL7R+ Tissue-resident memory T Cell|CD8+ Cytotoxic T/NK Cells|CFD+ Secretory fibroblasts|Cycling T Cell|Eccrine Sweat Gland Cell|FCN1+ Monocyte|Hair Follicle Outer Root Sheath Keratinocyte|IL7R+ Naive CD4 T Cell|Langerhans Cell|Lymphatic Endothelial Cell|Mast Cell|PECAM1+ Blood vascular Endothelial Cell|Plasma Cell|Regulatory T Cell|Resident T Cell|Schwann Cell|Smooth Muscle Cell|Suprabasal Keratinocyte|cDC1 Dendritic Cell|cDC2 Dendritic Cell,Eccrine Sweat Gland Cell|Fibroblast|Immune|Keratinocyte|Lymphatic Endothelial Cell|Schwann cell|Smooth Muscle Cell|Vascular Endothelial Cell,,,,
SAID196,HRA000166,HRR060116,Human,5789,Lymphoma,36,male,subcutaneous tissue,B Cell|CD69+ IL7R+ Tissue-resident memory T Cell|CD8+ Cytotoxic T/NK Cells|CFD+ Secretory fibroblasts|Cycling T Cell|FCN1+ Monocyte|IL7R+ Naive CD4 T Cell|KIR3DL2+ NK/T Cell|Langerhans Cell|Lymphatic Endothelial Cell|Mast Cell|PECAM1+ Blood vascular Endothelial Cell|Plasma Cell|Regulatory T Cell|Resident T Cell|SPP1+ Inflammatory Macrophage|Schwann Cell|Smooth Muscle Cell|Suprabasal Keratinocyte|Unknown|cDC1 Dendritic Cell|cDC2 Dendritic Cell,Fibroblast|Immune|Keratinocyte|Lymphatic Endothelial Cell|Schwann cell|Smooth Muscle Cell|Unknown|Vascular Endothelial Cell,,,,
SAID197,HRA000166,HRR060118,Human,978,Lymphoma,70,male,subcutaneous tissue,B Cell|CD69+ IL7R+ Tissue-resident memory T Cell|CD8+ Cytotoxic T/NK Cells|CFD+ Secretory fibroblasts|COL17A1+ KRT14+ Basal Keratinocyte|Cycling T Cell|Eccrine Sweat Gland Cell|FCN1+ Monocyte|Hair Follicle Keratinocyte|Hair Follicle Outer Root Sheath Keratinocyte|IL7R+ Naive CD4 T Cell|KRTDAP+ DMKN+ Spinous Keratinocyte|Langerhans Cell|Mast Cell|Matrix Remodeling Fibroblasts|Melanocyte|PECAM1+ Blood vascular Endothelial Cell|Plasma Cell|Regulatory T Cell|Resident T Cell|SPP1+ Inflammatory Macrophage|Schwann Cell|Smooth Muscle Cell|Suprabasal Keratinocyte|cDC1 Dendritic Cell|cDC2 Dendritic Cell,Eccrine Sweat Gland Cell|Fibroblast|Immune|Keratinocyte|Melanocyte|Schwann cell|Smooth Muscle Cell|Vascular Endothelial Cell,,,,
SAID198,HRA000166,HRR060122,Human,1104,Lymphoma,76,male,subcutaneous tissue,B Cell|CD69+ IL7R+ Tissue-resident memory T Cell|CD8+ Cytotoxic T/NK Cells|CFD+ Secretory fibroblasts|COL17A1+ KRT14+ Basal Keratinocyte|Cycling T Cell|Eccrine Sweat Gland Cell|FCN1+ Monocyte|Hair Follicle Keratinocyte|Hair Follicle Outer Root Sheath Keratinocyte|IL7R+ Naive CD4 T Cell|KIR3DL2+ NK/T Cell|KRTDAP+ DMKN+ Spinous Keratinocyte|Mast Cell|Matrix Remodeling Fibroblasts|PECAM1+ Blood vascular Endothelial Cell|Plasma Cell|Regulatory T Cell|Resident T Cell|SPP1+ Inflammatory Macrophage|Smooth Muscle Cell|Suprabasal Keratinocyte|cDC1 Dendritic Cell|cDC2 Dendritic Cell,Eccrine Sweat Gland Cell|Fibroblast|Immune|Keratinocyte|Smooth Muscle Cell|Vascular Endothelial Cell,,,,
SAID199,HRA000166,HRR060124,Human,890,Lymphoma,76,male,subcutaneous tissue,B Cell|CD69+ IL7R+ Tissue-resident memory T Cell|CD8+ Cytotoxic T/NK Cells|Cycling T Cell|IL7R+ Naive CD4 T Cell|KIR3DL2+ NK/T Cell|Mast Cell|Plasma Cell|Regulatory T Cell|Resident T Cell|SPP1+ Inflammatory Macrophage|Smooth Muscle Cell|cDC1 Dendritic Cell|cDC2 Dendritic Cell,Immune|Smooth Muscle Cell,,,,
SAID200,HRA000166,HRR060128,Human,1620,Lymphoma,15,male,subcutaneous tissue,B Cell|CD69+ IL7R+ Tissue-resident memory T Cell|CD8+ Cytotoxic T/NK Cells|CFD+ Secretory fibroblasts|Cycling T Cell|FCN1+ Monocyte|IL7R+ Naive CD4 T Cell|Langerhans Cell|Regulatory T Cell|Resident T Cell|cDC1 Dendritic Cell|cDC2 Dendritic Cell,Fibroblast|Immune,,,,
SAID201,HRA000166,HRR060130,Human,975,Lymphoma,57,female,subcutaneous tissue,B Cell|CD69+ IL7R+ Tissue-resident memory T Cell|CD8+ Cytotoxic T/NK Cells|Cycling T Cell|FCN1+ Monocyte|IL7R+ Naive CD4 T Cell|KIR3DL2+ NK/T Cell|Mast Cell|Regulatory T Cell|Resident T Cell|cDC2 Dendritic Cell,Immune,,,,
SAID202,HRA000166,HRR060132,Human,512,Lymphoma,57,female,subcutaneous tissue,B Cell|CD69+ IL7R+ Tissue-resident memory T Cell|CD8+ Cytotoxic T/NK Cells|CFD+ Secretory fibroblasts|Cycling T Cell|Eccrine Sweat Gland Cell|FCN1+ Monocyte|IL7R+ Naive CD4 T Cell|KRT1 KRT10+ Spinous Keratinocyte|Langerhans Cell|Lymphatic Endothelial Cell|Mast Cell|PECAM1+ Blood vascular Endothelial Cell|Regulatory T Cell|Resident T Cell|SPP1+ Inflammatory Macrophage|Smooth Muscle Cell|Suprabasal Keratinocyte|cDC1 Dendritic Cell|cDC2 Dendritic Cell,Eccrine Sweat Gland Cell|Fibroblast|Immune|Keratinocyte|Lymphatic Endothelial Cell|Smooth Muscle Cell|Vascular Endothelial Cell,,,,
SAID203,HRA000166,HRR060134,Human,3420,Lymphoma,60,male,subcutaneous tissue,B Cell|CD69+ IL7R+ Tissue-resident memory T Cell|CD8+ Cytotoxic T/NK Cells|CFD+ Secretory fibroblasts|Cycling T Cell|Hair Follicle Keratinocyte|IL7R+ Naive CD4 T Cell|KIR3DL2+ NK/T Cell|KRT1 KRT10+ Spinous Keratinocyte|KRTDAP+ DMKN+ Spinous Keratinocyte|Lymphatic Endothelial Cell|Mast Cell|Matrix Remodeling Fibroblasts|Melanocyte|PECAM1+ Blood vascular Endothelial Cell|Plasma Cell|Regulatory T Cell|Resident T Cell|S100A2+ Proliferating Keratinocyte|SPP1+ Inflammatory Macrophage|SPP1+ Inflammatory Macrophages|Smooth Muscle Cell|Suprabasal Keratinocyte|cDC1 Dendritic Cell|cDC2 Dendritic Cell,Fibroblast|Immune|Keratinocyte|Lymphatic Endothelial Cell|Melanocyte|Smooth Muscle Cell|Vascular Endothelial Cell,,,,
SAID204,HRA000166,HRR060136,Human,2075,Lymphoma,60,male,subcutaneous tissue,B Cell|CD69+ IL7R+ Tissue-resident memory T Cell|CD8+ Cytotoxic T/NK Cells|CFD+ Secretory fibroblasts|Cycling T Cell|Eccrine Sweat Gland Cell|Hair Follicle Keratinocyte|IL7R+ Naive CD4 T Cell|KIR3DL2+ NK/T Cell|KRTDAP+ DMKN+ Spinous Keratinocyte|Langerhans Cell|Lymphatic Endothelial Cell|Mast Cell|Melanocyte|PECAM1+ Blood vascular Endothelial Cell|Plasma Cell|Regulatory T Cell|Resident T Cell|SPP1+ Inflammatory Macrophage|Smooth Muscle Cell|cDC2 Dendritic Cell,Eccrine Sweat Gland Cell|Fibroblast|Immune|Keratinocyte|Lymphatic Endothelial Cell|Melanocyte|Smooth Muscle Cell|Vascular Endothelial Cell,,,,
SAID205,HRA000166,HRR060138,Human,1574,Lymphoma,48,female,subcutaneous tissue,ACKR1+ Post-Capillary Venule Endothelial Cell|B Cell|CD69+ IL7R+ Tissue-resident memory T Cell|CD8+ Cytotoxic T/NK Cells|CFD+ Secretory fibroblasts|Cycling T Cell|Hair Follicle Keratinocyte|Hair Follicle Outer Root Sheath Keratinocyte|IL7R+ Naive CD4 T Cell|KIR3DL2+ NK/T Cell|KRTDAP+ DMKN+ Spinous Keratinocyte|Lymphatic Endothelial Cell|Mast Cell|Melanocyte|PECAM1+ Blood vascular Endothelial Cell|Plasma Cell|Regulatory T Cell|Resident T Cell|Suprabasal Keratinocyte|Unknown|cDC1 Dendritic Cell|cDC2 Dendritic Cell,Fibroblast|Immune|Keratinocyte|Lymphatic Endothelial Cell|Melanocyte|Unknown|Vascular Endothelial Cell,,,,
SAID206,HRA000166,HRR060140,Human,1702,Lymphoma,48,female,subcutaneous tissue,B Cell|CD69+ IL7R+ Tissue-resident memory T Cell|CD8+ Cytotoxic T/NK Cells|CFD+ Secretory fibroblasts|COL17A1+ KRT14+ Basal Keratinocyte|Cycling T Cell|Eccrine Sweat Gland Cell|Hair Follicle Keratinocyte|Hair Follicle Outer Root Sheath Keratinocyte|IL7R+ Naive CD4 T Cell|KIR3DL2+ NK/T Cell|KRTDAP+ DMKN+ Spinous Keratinocyte|Langerhans Cell|Lymphatic Endothelial Cell|Mast Cell|Matrix Remodeling Fibroblasts|Melanocyte|PECAM1+ Blood vascular Endothelial Cell|Plasma Cell|Regulatory T Cell|Resident T Cell|SPP1+ Inflammatory Macrophage|Smooth Muscle Cell|Stress Keratinocyte|Suprabasal Keratinocyte|cDC1 Dendritic Cell|cDC2 Dendritic Cell,Eccrine Sweat Gland Cell|Fibroblast|Immune|Keratinocyte|Lymphatic Endothelial Cell|Melanocyte|Smooth Muscle Cell|Vascular Endothelial Cell,,,,
SAID207,HRA000166,HRR060142,Human,3882,Lymphoma,41,female,subcutaneous tissue,B Cell|CD69+ IL7R+ Tissue-resident memory T Cell|CD8+ Cytotoxic T/NK Cells|CFD+ Secretory fibroblasts|Cycling T Cell|Eccrine Sweat Gland Cell|Hair Follicle Outer Root Sheath Keratinocyte|IL7R+ Naive CD4 T Cell|KIR3DL2+ NK/T Cell|Langerhans Cell|Lymphatic Endothelial Cell|Mast Cell|Matrix Remodeling Fibroblasts|Melanocyte|PECAM1+ Blood vascular Endothelial Cell|Regulatory T Cell|Resident T Cell|Schwann Cell|Smooth Muscle Cell|Unknown|cDC1 Dendritic Cell|cDC2 Dendritic Cell,Eccrine Sweat Gland Cell|Fibroblast|Immune|Keratinocyte|Lymphatic Endothelial Cell|Melanocyte|Schwann cell|Smooth Muscle Cell|Unknown|Vascular Endothelial Cell,,,,
SAID208,GSE132802,GSM3892569,Human,6342,DRESS,Not mentioned,Not mentioned,whole skin,ACKR1+ Post-Capillary Venule Endothelial Cell|ACTA2+ Myoepithelial-like Keratinocyte|B Cell|CD69+ IL7R+ Tissue-resident memory T Cell|CD8+ Cytotoxic T/NK Cells|CFD+ Secretory fibroblasts|COL17A1+ KRT14+ Basal Keratinocyte|Cycling T Cell|FCN1+ Monocyte|Hair Follicle Keratinocyte|Hair Follicle Outer Root Sheath Keratinocyte|IFN-activated Basal Keratinocyte|IL7R+ Naive CD4 T Cell|KIR3DL2+ NK/T Cell|KRT1 KRT10+ Spinous Keratinocyte|KRTDAP+ DMKN+ Spinous Keratinocyte|Langerhans Cell|Lymphatic Endothelial Cell|Mast Cell|Matrix Remodeling Fibroblasts|Melanocyte|PECAM1+ Blood vascular Endothelial Cell|Plasma Cell|Regulatory T Cell|Resident T Cell|S100A2+ Proliferating Keratinocyte|SPP1+ Inflammatory Macrophage|Schwann Cell|Smooth Muscle Cell|Stress Keratinocyte|Suprabasal Keratinocyte|Unknown|cDC1 Dendritic Cell|cDC2 Dendritic Cell,Fibroblast|Immune|Keratinocyte|Lymphatic Endothelial Cell|Melanocyte|Schwann cell|Smooth Muscle Cell|Unknown|Vascular Endothelial Cell,"Single-cell RNA-sequencing of skin, fresh blood, and cultured peripheral blood mononuclear cells from a patient with drug-induced hypersensitivity syndrome and healthy volunteers","Purpose: Determine new therapeutic targets for a refractory drug-induced hypersensitivity syndrome/DRESS using single cell transcriptomic analysis. Methods: Skin cells were dissociated from skin biopsies of a patient with DRESS and 5 healthy volunteers using enzymatic digestion, then viable skin cells were sorted using flow cytometry. Peripheral blood mononuclear cells (PBMCs) were isolated from peripheral blood using Ficoll-paque density separation. PBMCs were cultured with or without medications for 4 days. In detail, 200,000 PBMCs were cultivated in 200ul of RPMI-1640 supplemented with 10% human AB serum with (PBMC_T4_BACT) or without (PBMC_T4_CTRL) 48 ug/mL sulfamethoxazole/trimethoprim (SMX-TMP). For the in vitro therapeutic experiments, PBMCs were cultured in the presence of SMX-TMP with (DRESS_Day4_TOFA) or without (DRESS_Day4_BACT) tofacitinib. The patient was treated with 10mg/d of tofacitinib, a JAK3 inhibitor. The freshly isolated PBMCs were collected again two weeks after initiation of intervention (PBMC_POST2W). Single cells from the skin, freshly isolated PBMCs, and culture PBMCs were captured using droplet based single-cell approach (10x Genomics) and library were prepared. Results: The lymphocytes in skin and PBMCs exhibited upregulation of skin-homing chemokine receptors, CCR4 and CCR10, and JAK3 and STAT1. Treatment with tofacitinib dramatically extinguished skin inflammation in a chronic refractory case of DiHS/DRESS. Conclusions: A successful intervention with tofacitinib in a refractory case of DiHS/DRESS was guided by the use of scRNAseq, which demonstrated aberrant activity in the JAK-STAT pathway.","Transcriptome profiles of skin, blood, and cultured PBMCs were generated by droplet-based single cell RNA-seq.",31959990
SAID209,GSE132802,GSM3892577,Human,408,Healthy,Not mentioned,Not mentioned,whole skin,CD69+ IL7R+ Tissue-resident memory T Cell|CD8+ Cytotoxic T/NK Cells|CFD+ Secretory fibroblasts|COL17A1+ KRT14+ Basal Keratinocyte|Cycling T Cell|Eccrine Sweat Gland Cell|Hair Follicle Keratinocyte|Hair Follicle Outer Root Sheath Keratinocyte|IL7R+ Naive CD4 T Cell|KRT1 KRT10+ Spinous Keratinocyte|KRTDAP+ DMKN+ Spinous Keratinocyte|Lymphatic Endothelial Cell|Mast Cell|Melanocyte|PECAM1+ Blood vascular Endothelial Cell|Regulatory T Cell|Smooth Muscle Cell|Suprabasal Keratinocyte|cDC2 Dendritic Cell,Eccrine Sweat Gland Cell|Fibroblast|Immune|Keratinocyte|Lymphatic Endothelial Cell|Melanocyte|Smooth Muscle Cell|Vascular Endothelial Cell,"Single-cell RNA-sequencing of skin, fresh blood, and cultured peripheral blood mononuclear cells from a patient with drug-induced hypersensitivity syndrome and healthy volunteers","Purpose: Determine new therapeutic targets for a refractory drug-induced hypersensitivity syndrome/DRESS using single cell transcriptomic analysis. Methods: Skin cells were dissociated from skin biopsies of a patient with DRESS and 5 healthy volunteers using enzymatic digestion, then viable skin cells were sorted using flow cytometry. Peripheral blood mononuclear cells (PBMCs) were isolated from peripheral blood using Ficoll-paque density separation. PBMCs were cultured with or without medications for 4 days. In detail, 200,000 PBMCs were cultivated in 200ul of RPMI-1640 supplemented with 10% human AB serum with (PBMC_T4_BACT) or without (PBMC_T4_CTRL) 48 ug/mL sulfamethoxazole/trimethoprim (SMX-TMP). For the in vitro therapeutic experiments, PBMCs were cultured in the presence of SMX-TMP with (DRESS_Day4_TOFA) or without (DRESS_Day4_BACT) tofacitinib. The patient was treated with 10mg/d of tofacitinib, a JAK3 inhibitor. The freshly isolated PBMCs were collected again two weeks after initiation of intervention (PBMC_POST2W). Single cells from the skin, freshly isolated PBMCs, and culture PBMCs were captured using droplet based single-cell approach (10x Genomics) and library were prepared. Results: The lymphocytes in skin and PBMCs exhibited upregulation of skin-homing chemokine receptors, CCR4 and CCR10, and JAK3 and STAT1. Treatment with tofacitinib dramatically extinguished skin inflammation in a chronic refractory case of DiHS/DRESS. Conclusions: A successful intervention with tofacitinib in a refractory case of DiHS/DRESS was guided by the use of scRNAseq, which demonstrated aberrant activity in the JAK-STAT pathway.","Transcriptome profiles of skin, blood, and cultured PBMCs were generated by droplet-based single cell RNA-seq.",31959990
SAID210,GSE132802,GSM3892578,Human,760,Healthy,Not mentioned,Not mentioned,whole skin,CD69+ IL7R+ Tissue-resident memory T Cell|CD8+ Cytotoxic T/NK Cells|CFD+ Secretory fibroblasts|COL17A1+ KRT14+ Basal Keratinocyte|Eccrine Sweat Gland Cell|Hair Follicle Keratinocyte|Hair Follicle Outer Root Sheath Keratinocyte|IL7R+ Naive CD4 T Cell|KRT1 KRT10+ Spinous Keratinocyte|KRTDAP+ DMKN+ Spinous Keratinocyte|Lymphatic Endothelial Cell|Mast Cell|Matrix Remodeling Fibroblasts|Melanocyte|PECAM1+ Blood vascular Endothelial Cell|Regulatory T Cell|Resident T Cell|SPP1+ Inflammatory Macrophage|Schwann Cell|Smooth Muscle Cell|Suprabasal Keratinocyte|cDC2 Dendritic Cell,Eccrine Sweat Gland Cell|Fibroblast|Immune|Keratinocyte|Lymphatic Endothelial Cell|Melanocyte|Schwann cell|Smooth Muscle Cell|Vascular Endothelial Cell,"Single-cell RNA-sequencing of skin, fresh blood, and cultured peripheral blood mononuclear cells from a patient with drug-induced hypersensitivity syndrome and healthy volunteers","Purpose: Determine new therapeutic targets for a refractory drug-induced hypersensitivity syndrome/DRESS using single cell transcriptomic analysis. Methods: Skin cells were dissociated from skin biopsies of a patient with DRESS and 5 healthy volunteers using enzymatic digestion, then viable skin cells were sorted using flow cytometry. Peripheral blood mononuclear cells (PBMCs) were isolated from peripheral blood using Ficoll-paque density separation. PBMCs were cultured with or without medications for 4 days. In detail, 200,000 PBMCs were cultivated in 200ul of RPMI-1640 supplemented with 10% human AB serum with (PBMC_T4_BACT) or without (PBMC_T4_CTRL) 48 ug/mL sulfamethoxazole/trimethoprim (SMX-TMP). For the in vitro therapeutic experiments, PBMCs were cultured in the presence of SMX-TMP with (DRESS_Day4_TOFA) or without (DRESS_Day4_BACT) tofacitinib. The patient was treated with 10mg/d of tofacitinib, a JAK3 inhibitor. The freshly isolated PBMCs were collected again two weeks after initiation of intervention (PBMC_POST2W). Single cells from the skin, freshly isolated PBMCs, and culture PBMCs were captured using droplet based single-cell approach (10x Genomics) and library were prepared. Results: The lymphocytes in skin and PBMCs exhibited upregulation of skin-homing chemokine receptors, CCR4 and CCR10, and JAK3 and STAT1. Treatment with tofacitinib dramatically extinguished skin inflammation in a chronic refractory case of DiHS/DRESS. Conclusions: A successful intervention with tofacitinib in a refractory case of DiHS/DRESS was guided by the use of scRNAseq, which demonstrated aberrant activity in the JAK-STAT pathway.","Transcriptome profiles of skin, blood, and cultured PBMCs were generated by droplet-based single cell RNA-seq.",31959990
SAID211,GSE132802,GSM3892579,Human,1578,Healthy,Not mentioned,Not mentioned,whole skin,CD69+ IL7R+ Tissue-resident memory T Cell|CD8+ Cytotoxic T/NK Cells|CFD+ Secretory fibroblasts|COL17A1+ KRT14+ Basal Keratinocyte|Cycling T Cell|Eccrine Sweat Gland Cell|Hair Follicle Keratinocyte|Hair Follicle Outer Root Sheath Keratinocyte|IL7R+ Naive CD4 T Cell|KRT1 KRT10+ Spinous Keratinocyte|KRTDAP+ DMKN+ Spinous Keratinocyte|Lymphatic Endothelial Cell|Mast Cell|Melanocyte|PECAM1+ Blood vascular Endothelial Cell|Regulatory T Cell|SPP1+ Inflammatory Macrophage|Schwann Cell|Smooth Muscle Cell|Stress Keratinocyte|Suprabasal Keratinocyte|cDC1 Dendritic Cell|cDC2 Dendritic Cell,Eccrine Sweat Gland Cell|Fibroblast|Immune|Keratinocyte|Lymphatic Endothelial Cell|Melanocyte|Schwann cell|Smooth Muscle Cell|Vascular Endothelial Cell,"Single-cell RNA-sequencing of skin, fresh blood, and cultured peripheral blood mononuclear cells from a patient with drug-induced hypersensitivity syndrome and healthy volunteers","Purpose: Determine new therapeutic targets for a refractory drug-induced hypersensitivity syndrome/DRESS using single cell transcriptomic analysis. Methods: Skin cells were dissociated from skin biopsies of a patient with DRESS and 5 healthy volunteers using enzymatic digestion, then viable skin cells were sorted using flow cytometry. Peripheral blood mononuclear cells (PBMCs) were isolated from peripheral blood using Ficoll-paque density separation. PBMCs were cultured with or without medications for 4 days. In detail, 200,000 PBMCs were cultivated in 200ul of RPMI-1640 supplemented with 10% human AB serum with (PBMC_T4_BACT) or without (PBMC_T4_CTRL) 48 ug/mL sulfamethoxazole/trimethoprim (SMX-TMP). For the in vitro therapeutic experiments, PBMCs were cultured in the presence of SMX-TMP with (DRESS_Day4_TOFA) or without (DRESS_Day4_BACT) tofacitinib. The patient was treated with 10mg/d of tofacitinib, a JAK3 inhibitor. The freshly isolated PBMCs were collected again two weeks after initiation of intervention (PBMC_POST2W). Single cells from the skin, freshly isolated PBMCs, and culture PBMCs were captured using droplet based single-cell approach (10x Genomics) and library were prepared. Results: The lymphocytes in skin and PBMCs exhibited upregulation of skin-homing chemokine receptors, CCR4 and CCR10, and JAK3 and STAT1. Treatment with tofacitinib dramatically extinguished skin inflammation in a chronic refractory case of DiHS/DRESS. Conclusions: A successful intervention with tofacitinib in a refractory case of DiHS/DRESS was guided by the use of scRNAseq, which demonstrated aberrant activity in the JAK-STAT pathway.","Transcriptome profiles of skin, blood, and cultured PBMCs were generated by droplet-based single cell RNA-seq.",31959990
SAID212,GSE132802,GSM3892580,Human,1933,Healthy,Not mentioned,Not mentioned,whole skin,CD69+ IL7R+ Tissue-resident memory T Cell|CD8+ Cytotoxic T/NK Cells|CFD+ Secretory fibroblasts|COL17A1+ KRT14+ Basal Keratinocyte|Cycling T Cell|Eccrine Sweat Gland Cell|Hair Follicle Keratinocyte|Hair Follicle Outer Root Sheath Keratinocyte|IL7R+ Naive CD4 T Cell|KRT1 KRT10+ Spinous Keratinocyte|Lymphatic Endothelial Cell|Mast Cell|Melanocyte|PECAM1+ Blood vascular Endothelial Cell|Regulatory T Cell|SPP1+ Inflammatory Macrophages|Schwann Cell|Smooth Muscle Cell|Stress Keratinocyte|Suprabasal Keratinocyte|cDC2 Dendritic Cell,Eccrine Sweat Gland Cell|Fibroblast|Immune|Keratinocyte|Lymphatic Endothelial Cell|Melanocyte|Schwann cell|Smooth Muscle Cell|Vascular Endothelial Cell,"Single-cell RNA-sequencing of skin, fresh blood, and cultured peripheral blood mononuclear cells from a patient with drug-induced hypersensitivity syndrome and healthy volunteers","Purpose: Determine new therapeutic targets for a refractory drug-induced hypersensitivity syndrome/DRESS using single cell transcriptomic analysis. Methods: Skin cells were dissociated from skin biopsies of a patient with DRESS and 5 healthy volunteers using enzymatic digestion, then viable skin cells were sorted using flow cytometry. Peripheral blood mononuclear cells (PBMCs) were isolated from peripheral blood using Ficoll-paque density separation. PBMCs were cultured with or without medications for 4 days. In detail, 200,000 PBMCs were cultivated in 200ul of RPMI-1640 supplemented with 10% human AB serum with (PBMC_T4_BACT) or without (PBMC_T4_CTRL) 48 ug/mL sulfamethoxazole/trimethoprim (SMX-TMP). For the in vitro therapeutic experiments, PBMCs were cultured in the presence of SMX-TMP with (DRESS_Day4_TOFA) or without (DRESS_Day4_BACT) tofacitinib. The patient was treated with 10mg/d of tofacitinib, a JAK3 inhibitor. The freshly isolated PBMCs were collected again two weeks after initiation of intervention (PBMC_POST2W). Single cells from the skin, freshly isolated PBMCs, and culture PBMCs were captured using droplet based single-cell approach (10x Genomics) and library were prepared. Results: The lymphocytes in skin and PBMCs exhibited upregulation of skin-homing chemokine receptors, CCR4 and CCR10, and JAK3 and STAT1. Treatment with tofacitinib dramatically extinguished skin inflammation in a chronic refractory case of DiHS/DRESS. Conclusions: A successful intervention with tofacitinib in a refractory case of DiHS/DRESS was guided by the use of scRNAseq, which demonstrated aberrant activity in the JAK-STAT pathway.","Transcriptome profiles of skin, blood, and cultured PBMCs were generated by droplet-based single cell RNA-seq.",31959990
SAID213,GSE132802,GSM3892581,Human,952,Healthy,Not mentioned,Not mentioned,whole skin,CD69+ IL7R+ Tissue-resident memory T Cell|CD8+ Cytotoxic T/NK Cells|CFD+ Secretory fibroblasts|COL17A1+ KRT14+ Basal Keratinocyte|Cycling T Cell|Eccrine Sweat Gland Cell|Hair Follicle Keratinocyte|Hair Follicle Outer Root Sheath Keratinocyte|IL7R+ Naive CD4 T Cell|KRT1 KRT10+ Spinous Keratinocyte|KRTDAP+ DMKN+ Spinous Keratinocyte|Matrix Remodeling Fibroblasts|Melanocyte|PECAM1+ Blood vascular Endothelial Cell|Plasma Cell|Regulatory T Cell|Resident T Cell|SPP1+ Inflammatory Macrophage|SPP1+ Inflammatory Macrophages|Schwann Cell|Smooth Muscle Cell|Suprabasal Keratinocyte|cDC2 Dendritic Cell,Eccrine Sweat Gland Cell|Fibroblast|Immune|Keratinocyte|Melanocyte|Schwann cell|Smooth Muscle Cell|Vascular Endothelial Cell,"Single-cell RNA-sequencing of skin, fresh blood, and cultured peripheral blood mononuclear cells from a patient with drug-induced hypersensitivity syndrome and healthy volunteers","Purpose: Determine new therapeutic targets for a refractory drug-induced hypersensitivity syndrome/DRESS using single cell transcriptomic analysis. Methods: Skin cells were dissociated from skin biopsies of a patient with DRESS and 5 healthy volunteers using enzymatic digestion, then viable skin cells were sorted using flow cytometry. Peripheral blood mononuclear cells (PBMCs) were isolated from peripheral blood using Ficoll-paque density separation. PBMCs were cultured with or without medications for 4 days. In detail, 200,000 PBMCs were cultivated in 200ul of RPMI-1640 supplemented with 10% human AB serum with (PBMC_T4_BACT) or without (PBMC_T4_CTRL) 48 ug/mL sulfamethoxazole/trimethoprim (SMX-TMP). For the in vitro therapeutic experiments, PBMCs were cultured in the presence of SMX-TMP with (DRESS_Day4_TOFA) or without (DRESS_Day4_BACT) tofacitinib. The patient was treated with 10mg/d of tofacitinib, a JAK3 inhibitor. The freshly isolated PBMCs were collected again two weeks after initiation of intervention (PBMC_POST2W). Single cells from the skin, freshly isolated PBMCs, and culture PBMCs were captured using droplet based single-cell approach (10x Genomics) and library were prepared. Results: The lymphocytes in skin and PBMCs exhibited upregulation of skin-homing chemokine receptors, CCR4 and CCR10, and JAK3 and STAT1. Treatment with tofacitinib dramatically extinguished skin inflammation in a chronic refractory case of DiHS/DRESS. Conclusions: A successful intervention with tofacitinib in a refractory case of DiHS/DRESS was guided by the use of scRNAseq, which demonstrated aberrant activity in the JAK-STAT pathway.","Transcriptome profiles of skin, blood, and cultured PBMCs were generated by droplet-based single cell RNA-seq.",31959990
SAID214,GSE132802,GSM3892582,Human,1597,Healthy,Not mentioned,Not mentioned,whole skin,B Cell|CD69+ IL7R+ Tissue-resident memory T Cell|CD8+ Cytotoxic T/NK Cells|Cycling T Cell|FCN1+ Monocyte|Mast Cell|Plasma Cell|Regulatory T Cell|Resident T Cell|SPP1+ Inflammatory Macrophage|cDC2 Dendritic Cell,Immune,"Single-cell RNA-sequencing of skin, fresh blood, and cultured peripheral blood mononuclear cells from a patient with drug-induced hypersensitivity syndrome and healthy volunteers","Purpose: Determine new therapeutic targets for a refractory drug-induced hypersensitivity syndrome/DRESS using single cell transcriptomic analysis. Methods: Skin cells were dissociated from skin biopsies of a patient with DRESS and 5 healthy volunteers using enzymatic digestion, then viable skin cells were sorted using flow cytometry. Peripheral blood mononuclear cells (PBMCs) were isolated from peripheral blood using Ficoll-paque density separation. PBMCs were cultured with or without medications for 4 days. In detail, 200,000 PBMCs were cultivated in 200ul of RPMI-1640 supplemented with 10% human AB serum with (PBMC_T4_BACT) or without (PBMC_T4_CTRL) 48 ug/mL sulfamethoxazole/trimethoprim (SMX-TMP). For the in vitro therapeutic experiments, PBMCs were cultured in the presence of SMX-TMP with (DRESS_Day4_TOFA) or without (DRESS_Day4_BACT) tofacitinib. The patient was treated with 10mg/d of tofacitinib, a JAK3 inhibitor. The freshly isolated PBMCs were collected again two weeks after initiation of intervention (PBMC_POST2W). Single cells from the skin, freshly isolated PBMCs, and culture PBMCs were captured using droplet based single-cell approach (10x Genomics) and library were prepared. Results: The lymphocytes in skin and PBMCs exhibited upregulation of skin-homing chemokine receptors, CCR4 and CCR10, and JAK3 and STAT1. Treatment with tofacitinib dramatically extinguished skin inflammation in a chronic refractory case of DiHS/DRESS. Conclusions: A successful intervention with tofacitinib in a refractory case of DiHS/DRESS was guided by the use of scRNAseq, which demonstrated aberrant activity in the JAK-STAT pathway.","Transcriptome profiles of skin, blood, and cultured PBMCs were generated by droplet-based single cell RNA-seq.",31959990
SAID215,GSE203262,GSM6165459,Human,605,Vitiligo Lesion,Not mentioned,Not mentioned,whole skin,ACKR1+ Post-Capillary Venule Endothelial Cell|CD69+ IL7R+ Tissue-resident memory T Cell|CD8+ Cytotoxic T/NK Cells|COL17A1+ KRT14+ Basal Keratinocyte|Hair Follicle Keratinocyte|KRT1 KRT10+ Spinous Keratinocyte|KRTDAP+ DMKN+ Spinous Keratinocyte|Langerhans Cell|Melanocyte|Regulatory T Cell|Stress Keratinocyte|Suprabasal Keratinocyte|cDC1 Dendritic Cell|cDC2 Dendritic Cell,Immune|Keratinocyte|Melanocyte|Vascular Endothelial Cell,single cell RNA-sequencing of matched lesional and nonlesional skin from vitiligo patients,We performed scRNA-seq analyses on patient matched lesional and nonlesional skin from viitiligo patients using the 10x genomics platform to examine different cell populations and keratinocyte states that may contribute to vitiligo disease persistence.,"Suction blisters were generated from patient matched lesional and nonlesional skin from 7 vitiligo patients, unfortunately 1 set (Patient B) did not have sufficient cells and was excluded from analysis",35653192
SAID216,GSE203262,GSM6165460,Human,482,Healthy,Not mentioned,Not mentioned,whole skin,CD69+ IL7R+ Tissue-resident memory T Cell|COL17A1+ KRT14+ Basal Keratinocyte|Hair Follicle Keratinocyte|KRT1 KRT10+ Spinous Keratinocyte|KRTDAP+ DMKN+ Spinous Keratinocyte|Langerhans Cell|Melanocyte|Stress Keratinocyte|Suprabasal Keratinocyte,Immune|Keratinocyte|Melanocyte,single cell RNA-sequencing of matched lesional and nonlesional skin from vitiligo patients,We performed scRNA-seq analyses on patient matched lesional and nonlesional skin from viitiligo patients using the 10x genomics platform to examine different cell populations and keratinocyte states that may contribute to vitiligo disease persistence.,"Suction blisters were generated from patient matched lesional and nonlesional skin from 7 vitiligo patients, unfortunately 1 set (Patient B) did not have sufficient cells and was excluded from analysis",35653192
SAID217,GSE203262,GSM6165462,Human,443,Healthy,Not mentioned,Not mentioned,whole skin,COL17A1+ KRT14+ Basal Keratinocyte|KRT1 KRT10+ Spinous Keratinocyte|KRTDAP+ DMKN+ Spinous Keratinocyte|Langerhans Cell|Melanocyte|Stress Keratinocyte|Suprabasal Keratinocyte,Immune|Keratinocyte|Melanocyte,single cell RNA-sequencing of matched lesional and nonlesional skin from vitiligo patients,We performed scRNA-seq analyses on patient matched lesional and nonlesional skin from viitiligo patients using the 10x genomics platform to examine different cell populations and keratinocyte states that may contribute to vitiligo disease persistence.,"Suction blisters were generated from patient matched lesional and nonlesional skin from 7 vitiligo patients, unfortunately 1 set (Patient B) did not have sufficient cells and was excluded from analysis",35653192
SAID218,GSE203262,GSM6165463,Human,594,Vitiligo Lesion,Not mentioned,Not mentioned,whole skin,CD69+ IL7R+ Tissue-resident memory T Cell|COL17A1+ KRT14+ Basal Keratinocyte|Hair Follicle Keratinocyte|KRT1 KRT10+ Spinous Keratinocyte|KRTDAP+ DMKN+ Spinous Keratinocyte|Langerhans Cell|Mast Cell|Melanocyte|Regulatory T Cell|Suprabasal Keratinocyte,Immune|Keratinocyte|Melanocyte,single cell RNA-sequencing of matched lesional and nonlesional skin from vitiligo patients,We performed scRNA-seq analyses on patient matched lesional and nonlesional skin from viitiligo patients using the 10x genomics platform to examine different cell populations and keratinocyte states that may contribute to vitiligo disease persistence.,"Suction blisters were generated from patient matched lesional and nonlesional skin from 7 vitiligo patients, unfortunately 1 set (Patient B) did not have sufficient cells and was excluded from analysis",35653192
SAID219,GSE203262,GSM6165464,Human,356,Healthy,Not mentioned,Not mentioned,whole skin,CD69+ IL7R+ Tissue-resident memory T Cell|CD8+ Cytotoxic T/NK Cells|COL17A1+ KRT14+ Basal Keratinocyte|KRT1 KRT10+ Spinous Keratinocyte|KRTDAP+ DMKN+ Spinous Keratinocyte|Langerhans Cell|Regulatory T Cell|Suprabasal Keratinocyte,Immune|Keratinocyte,single cell RNA-sequencing of matched lesional and nonlesional skin from vitiligo patients,We performed scRNA-seq analyses on patient matched lesional and nonlesional skin from viitiligo patients using the 10x genomics platform to examine different cell populations and keratinocyte states that may contribute to vitiligo disease persistence.,"Suction blisters were generated from patient matched lesional and nonlesional skin from 7 vitiligo patients, unfortunately 1 set (Patient B) did not have sufficient cells and was excluded from analysis",35653192
SAID220,GSE203262,GSM6165465,Human,543,Vitiligo Lesion,Not mentioned,Not mentioned,whole skin,CD69+ IL7R+ Tissue-resident memory T Cell|CD8+ Cytotoxic T/NK Cells|COL17A1+ KRT14+ Basal Keratinocyte|Cycling T Cell|Hair Follicle Keratinocyte|KRT1 KRT10+ Spinous Keratinocyte|KRTDAP+ DMKN+ Spinous Keratinocyte|Langerhans Cell|Melanocyte|Regulatory T Cell|Stress Keratinocyte|Suprabasal Keratinocyte|cDC1 Dendritic Cell|cDC2 Dendritic Cell,Immune|Keratinocyte|Melanocyte,single cell RNA-sequencing of matched lesional and nonlesional skin from vitiligo patients,We performed scRNA-seq analyses on patient matched lesional and nonlesional skin from viitiligo patients using the 10x genomics platform to examine different cell populations and keratinocyte states that may contribute to vitiligo disease persistence.,"Suction blisters were generated from patient matched lesional and nonlesional skin from 7 vitiligo patients, unfortunately 1 set (Patient B) did not have sufficient cells and was excluded from analysis",35653192
SAID221,GSE158924,GSM4815800,Human,4775,Granuloma Annulare,Not mentioned,Not mentioned,whole skin,B Cell|CD69+ IL7R+ Tissue-resident memory T Cell|CD8+ Cytotoxic T/NK Cells|CFD+ Secretory fibroblasts|Cycling T Cell|Eccrine Sweat Gland Cell|FCN1+ Monocyte|Hair Follicle Outer Root Sheath Keratinocyte|IL7R+ Naive CD4 T Cell|KIR3DL2+ NK/T Cell|KRT1 KRT10+ Spinous Keratinocyte|KRTDAP+ DMKN+ Spinous Keratinocyte|Langerhans Cell|Lymphatic Endothelial Cell|Mast Cell|PECAM1+ Blood vascular Endothelial Cell|Plasma Cell|Regulatory T Cell|Resident T Cell|SPP1+ Inflammatory Macrophage|Smooth Muscle Cell|Suprabasal Keratinocyte|cDC1 Dendritic Cell|cDC2 Dendritic Cell,Eccrine Sweat Gland Cell|Fibroblast|Immune|Keratinocyte|Lymphatic Endothelial Cell|Smooth Muscle Cell|Vascular Endothelial Cell,Treatment of granuloma annulare and suppression of pro-inflammatory cytokine activity with tofacitinib [scRNA-Seq],"Granuloma annulare (GA) is a common inflammatory cutaneous disorder characterized by macrophage accumulation and activation in the skin. Its pathogenesis is poorly understood and there are no reliably effective treatments. Its potential health implications, if any, are unknown. Using single cell RNA sequencing (scRNAseq) we show that in GA, CD4+ T cells over-produce interferon (IFN)-g resulting in inflammatory polarization of macrophages and in altered extracellular matrix (ECM) production induced by the activity of oncostatin M, an interleukin (IL)-6 family cytokine, on fibroblasts. This mechanism identifies Janus kinase (JAK) inhibition as a potential therapeutic strategy, as both IFN-g and OSM signal via the JAK-STAT pathway. Indeed, treatment of five patients with severe, longstanding GA with tofacitinib (a JAK1/3 inhibitor) resulted in clinical and histologic disease remission in three patients and marked improvement in the other two. Treatment was associated with suppression of pathogenic cytokine activity in the skin and dissolution of macrophages. We also found that severe GA was associated with hypercytokinemia in plasma of patients, and JAK inhibition normalized this hypercytokiemia. Together, our results highlight the constitutive activity of the JAK-STAT pathway in GA as a result of IFN-g and OSM and identify JAK inhibitors as a potential molecularly targeted treatment for this disorder.",4 mm punch biopsies of skin were obtained on separate days from 3 patients with GA and 3 healthy volunteers. Biopsies were immediately dissociated using dispase (10 mg/mL) followed by liberase. Live single cells were purified by FACS and single cell libraries were prepared using a 10X chromium controller according to the manufacturer’s instructions and sequenced using an Illumina Hiseq 4000.,33317858
SAID222,GSE158924,GSM4815801,Human,1172,Granuloma Annulare,Not mentioned,Not mentioned,whole skin,B Cell|CD69+ IL7R+ Tissue-resident memory T Cell|CD8+ Cytotoxic T/NK Cells|CFD+ Secretory fibroblasts|Cycling T Cell|Eccrine Sweat Gland Cell|FCN1+ Monocyte|Hair Follicle Keratinocyte|Hair Follicle Outer Root Sheath Keratinocyte|IL7R+ Naive CD4 T Cell|KRT1 KRT10+ Spinous Keratinocyte|Langerhans Cell|Lymphatic Endothelial Cell|Mast Cell|Matrix Remodeling Fibroblasts|Melanocyte|PECAM1+ Blood vascular Endothelial Cell|Plasma Cell|Regulatory T Cell|SPP1+ Inflammatory Macrophage|Schwann Cell|Smooth Muscle Cell|Suprabasal Keratinocyte|cDC1 Dendritic Cell|cDC2 Dendritic Cell,Eccrine Sweat Gland Cell|Fibroblast|Immune|Keratinocyte|Lymphatic Endothelial Cell|Melanocyte|Schwann cell|Smooth Muscle Cell|Vascular Endothelial Cell,Treatment of granuloma annulare and suppression of pro-inflammatory cytokine activity with tofacitinib [scRNA-Seq],"Granuloma annulare (GA) is a common inflammatory cutaneous disorder characterized by macrophage accumulation and activation in the skin. Its pathogenesis is poorly understood and there are no reliably effective treatments. Its potential health implications, if any, are unknown. Using single cell RNA sequencing (scRNAseq) we show that in GA, CD4+ T cells over-produce interferon (IFN)-g resulting in inflammatory polarization of macrophages and in altered extracellular matrix (ECM) production induced by the activity of oncostatin M, an interleukin (IL)-6 family cytokine, on fibroblasts. This mechanism identifies Janus kinase (JAK) inhibition as a potential therapeutic strategy, as both IFN-g and OSM signal via the JAK-STAT pathway. Indeed, treatment of five patients with severe, longstanding GA with tofacitinib (a JAK1/3 inhibitor) resulted in clinical and histologic disease remission in three patients and marked improvement in the other two. Treatment was associated with suppression of pathogenic cytokine activity in the skin and dissolution of macrophages. We also found that severe GA was associated with hypercytokinemia in plasma of patients, and JAK inhibition normalized this hypercytokiemia. Together, our results highlight the constitutive activity of the JAK-STAT pathway in GA as a result of IFN-g and OSM and identify JAK inhibitors as a potential molecularly targeted treatment for this disorder.",4 mm punch biopsies of skin were obtained on separate days from 3 patients with GA and 3 healthy volunteers. Biopsies were immediately dissociated using dispase (10 mg/mL) followed by liberase. Live single cells were purified by FACS and single cell libraries were prepared using a 10X chromium controller according to the manufacturer’s instructions and sequenced using an Illumina Hiseq 4000.,33317858
SAID223,GSE158924,GSM4815802,Human,3738,Granuloma Annulare,Not mentioned,Not mentioned,whole skin,B Cell|CD69+ IL7R+ Tissue-resident memory T Cell|CD8+ Cytotoxic T/NK Cells|CFD+ Secretory fibroblasts|Cycling T Cell|Eccrine Sweat Gland Cell|Hair Follicle Outer Root Sheath Keratinocyte|IL7R+ Naive CD4 T Cell|KIR3DL2+ NK/T Cell|KRT1 KRT10+ Spinous Keratinocyte|KRTDAP+ DMKN+ Spinous Keratinocyte|Langerhans Cell|Lymphatic Endothelial Cell|Mast Cell|Matrix Remodeling Fibroblasts|Melanocyte|PECAM1+ Blood vascular Endothelial Cell|Plasma Cell|Regulatory T Cell|Resident T Cell|SPP1+ Inflammatory Macrophage|Schwann Cell|Smooth Muscle Cell|Suprabasal Keratinocyte|cDC1 Dendritic Cell|cDC2 Dendritic Cell,Eccrine Sweat Gland Cell|Fibroblast|Immune|Keratinocyte|Lymphatic Endothelial Cell|Melanocyte|Schwann cell|Smooth Muscle Cell|Vascular Endothelial Cell,Treatment of granuloma annulare and suppression of pro-inflammatory cytokine activity with tofacitinib [scRNA-Seq],"Granuloma annulare (GA) is a common inflammatory cutaneous disorder characterized by macrophage accumulation and activation in the skin. Its pathogenesis is poorly understood and there are no reliably effective treatments. Its potential health implications, if any, are unknown. Using single cell RNA sequencing (scRNAseq) we show that in GA, CD4+ T cells over-produce interferon (IFN)-g resulting in inflammatory polarization of macrophages and in altered extracellular matrix (ECM) production induced by the activity of oncostatin M, an interleukin (IL)-6 family cytokine, on fibroblasts. This mechanism identifies Janus kinase (JAK) inhibition as a potential therapeutic strategy, as both IFN-g and OSM signal via the JAK-STAT pathway. Indeed, treatment of five patients with severe, longstanding GA with tofacitinib (a JAK1/3 inhibitor) resulted in clinical and histologic disease remission in three patients and marked improvement in the other two. Treatment was associated with suppression of pathogenic cytokine activity in the skin and dissolution of macrophages. We also found that severe GA was associated with hypercytokinemia in plasma of patients, and JAK inhibition normalized this hypercytokiemia. Together, our results highlight the constitutive activity of the JAK-STAT pathway in GA as a result of IFN-g and OSM and identify JAK inhibitors as a potential molecularly targeted treatment for this disorder.",4 mm punch biopsies of skin were obtained on separate days from 3 patients with GA and 3 healthy volunteers. Biopsies were immediately dissociated using dispase (10 mg/mL) followed by liberase. Live single cells were purified by FACS and single cell libraries were prepared using a 10X chromium controller according to the manufacturer’s instructions and sequenced using an Illumina Hiseq 4000.,33317858
SAID224,GSE158924,GSM4815803,Human,864,Healthy,Not mentioned,Not mentioned,whole skin,CD69+ IL7R+ Tissue-resident memory T Cell|CD8+ Cytotoxic T/NK Cells|CFD+ Secretory fibroblasts|Eccrine Sweat Gland Cell|IL7R+ Naive CD4 T Cell|Langerhans Cell|Lymphatic Endothelial Cell|Mast Cell|Matrix Remodeling Fibroblasts|Melanocyte|PECAM1+ Blood vascular Endothelial Cell|Regulatory T Cell|SPP1+ Inflammatory Macrophage|Smooth Muscle Cell|cDC1 Dendritic Cell|cDC2 Dendritic Cell,Eccrine Sweat Gland Cell|Fibroblast|Immune|Lymphatic Endothelial Cell|Melanocyte|Smooth Muscle Cell|Vascular Endothelial Cell,Treatment of granuloma annulare and suppression of pro-inflammatory cytokine activity with tofacitinib [scRNA-Seq],"Granuloma annulare (GA) is a common inflammatory cutaneous disorder characterized by macrophage accumulation and activation in the skin. Its pathogenesis is poorly understood and there are no reliably effective treatments. Its potential health implications, if any, are unknown. Using single cell RNA sequencing (scRNAseq) we show that in GA, CD4+ T cells over-produce interferon (IFN)-g resulting in inflammatory polarization of macrophages and in altered extracellular matrix (ECM) production induced by the activity of oncostatin M, an interleukin (IL)-6 family cytokine, on fibroblasts. This mechanism identifies Janus kinase (JAK) inhibition as a potential therapeutic strategy, as both IFN-g and OSM signal via the JAK-STAT pathway. Indeed, treatment of five patients with severe, longstanding GA with tofacitinib (a JAK1/3 inhibitor) resulted in clinical and histologic disease remission in three patients and marked improvement in the other two. Treatment was associated with suppression of pathogenic cytokine activity in the skin and dissolution of macrophages. We also found that severe GA was associated with hypercytokinemia in plasma of patients, and JAK inhibition normalized this hypercytokiemia. Together, our results highlight the constitutive activity of the JAK-STAT pathway in GA as a result of IFN-g and OSM and identify JAK inhibitors as a potential molecularly targeted treatment for this disorder.",4 mm punch biopsies of skin were obtained on separate days from 3 patients with GA and 3 healthy volunteers. Biopsies were immediately dissociated using dispase (10 mg/mL) followed by liberase. Live single cells were purified by FACS and single cell libraries were prepared using a 10X chromium controller according to the manufacturer’s instructions and sequenced using an Illumina Hiseq 4000.,33317858
SAID225,GSE158924,GSM4815804,Human,5293,Healthy,Not mentioned,Not mentioned,whole skin,ACKR1+ Post-Capillary Venule Endothelial Cell|B Cell|CD69+ IL7R+ Tissue-resident memory T Cell|CD8+ Cytotoxic T/NK Cells|CFD+ Secretory fibroblasts|COL17A1+ KRT14+ Basal Keratinocyte|Cycling T Cell|Hair Follicle Keratinocyte|IL7R+ Naive CD4 T Cell|KRT1 KRT10+ Spinous Keratinocyte|KRTDAP+ DMKN+ Spinous Keratinocyte|Langerhans Cell|Lymphatic Endothelial Cell|Mast Cell|Matrix Remodeling Fibroblasts|Melanocyte|PECAM1+ Blood vascular Endothelial Cell|Plasma Cell|Regulatory T Cell|Resident T Cell|SPP1+ Inflammatory Macrophage|Schwann Cell|Smooth Muscle Cell|Suprabasal Keratinocyte|cDC1 Dendritic Cell|cDC2 Dendritic Cell,Fibroblast|Immune|Keratinocyte|Lymphatic Endothelial Cell|Melanocyte|Schwann cell|Smooth Muscle Cell|Vascular Endothelial Cell,Treatment of granuloma annulare and suppression of pro-inflammatory cytokine activity with tofacitinib [scRNA-Seq],"Granuloma annulare (GA) is a common inflammatory cutaneous disorder characterized by macrophage accumulation and activation in the skin. Its pathogenesis is poorly understood and there are no reliably effective treatments. Its potential health implications, if any, are unknown. Using single cell RNA sequencing (scRNAseq) we show that in GA, CD4+ T cells over-produce interferon (IFN)-g resulting in inflammatory polarization of macrophages and in altered extracellular matrix (ECM) production induced by the activity of oncostatin M, an interleukin (IL)-6 family cytokine, on fibroblasts. This mechanism identifies Janus kinase (JAK) inhibition as a potential therapeutic strategy, as both IFN-g and OSM signal via the JAK-STAT pathway. Indeed, treatment of five patients with severe, longstanding GA with tofacitinib (a JAK1/3 inhibitor) resulted in clinical and histologic disease remission in three patients and marked improvement in the other two. Treatment was associated with suppression of pathogenic cytokine activity in the skin and dissolution of macrophages. We also found that severe GA was associated with hypercytokinemia in plasma of patients, and JAK inhibition normalized this hypercytokiemia. Together, our results highlight the constitutive activity of the JAK-STAT pathway in GA as a result of IFN-g and OSM and identify JAK inhibitors as a potential molecularly targeted treatment for this disorder.",4 mm punch biopsies of skin were obtained on separate days from 3 patients with GA and 3 healthy volunteers. Biopsies were immediately dissociated using dispase (10 mg/mL) followed by liberase. Live single cells were purified by FACS and single cell libraries were prepared using a 10X chromium controller according to the manufacturer’s instructions and sequenced using an Illumina Hiseq 4000.,33317858
SAID226,GSE158924,GSM4815805,Human,3092,Healthy,Not mentioned,Not mentioned,whole skin,ACKR1+ Post-Capillary Venule Endothelial Cell|CD69+ IL7R+ Tissue-resident memory T Cell|CD8+ Cytotoxic T/NK Cells|CFD+ Secretory fibroblasts|COL17A1+ KRT14+ Basal Keratinocyte|Hair Follicle Keratinocyte|Hair Follicle Outer Root Sheath Keratinocyte|KIR3DL2+ NK/T Cell|KRT1 KRT10+ Spinous Keratinocyte|KRTDAP+ DMKN+ Spinous Keratinocyte|Langerhans Cell|Lymphatic Endothelial Cell|Mast Cell|Melanocyte|PECAM1+ Blood vascular Endothelial Cell|Regulatory T Cell|SPP1+ Inflammatory Macrophage|Schwann Cell|Smooth Muscle Cell|Stress Keratinocyte|Suprabasal Keratinocyte|cDC2 Dendritic Cell,Fibroblast|Immune|Keratinocyte|Lymphatic Endothelial Cell|Melanocyte|Schwann cell|Smooth Muscle Cell|Vascular Endothelial Cell,Treatment of granuloma annulare and suppression of pro-inflammatory cytokine activity with tofacitinib [scRNA-Seq],"Granuloma annulare (GA) is a common inflammatory cutaneous disorder characterized by macrophage accumulation and activation in the skin. Its pathogenesis is poorly understood and there are no reliably effective treatments. Its potential health implications, if any, are unknown. Using single cell RNA sequencing (scRNAseq) we show that in GA, CD4+ T cells over-produce interferon (IFN)-g resulting in inflammatory polarization of macrophages and in altered extracellular matrix (ECM) production induced by the activity of oncostatin M, an interleukin (IL)-6 family cytokine, on fibroblasts. This mechanism identifies Janus kinase (JAK) inhibition as a potential therapeutic strategy, as both IFN-g and OSM signal via the JAK-STAT pathway. Indeed, treatment of five patients with severe, longstanding GA with tofacitinib (a JAK1/3 inhibitor) resulted in clinical and histologic disease remission in three patients and marked improvement in the other two. Treatment was associated with suppression of pathogenic cytokine activity in the skin and dissolution of macrophages. We also found that severe GA was associated with hypercytokinemia in plasma of patients, and JAK inhibition normalized this hypercytokiemia. Together, our results highlight the constitutive activity of the JAK-STAT pathway in GA as a result of IFN-g and OSM and identify JAK inhibitors as a potential molecularly targeted treatment for this disorder.",4 mm punch biopsies of skin were obtained on separate days from 3 patients with GA and 3 healthy volunteers. Biopsies were immediately dissociated using dispase (10 mg/mL) followed by liberase. Live single cells were purified by FACS and single cell libraries were prepared using a 10X chromium controller according to the manufacturer’s instructions and sequenced using an Illumina Hiseq 4000.,33317858
SAID227,GSE181297,GSM5494438,Human,9854,Keloid,Not mentioned,male,ear,ACKR1+ Post-Capillary Venule Endothelial Cell|B Cell|CD69+ IL7R+ Tissue-resident memory T Cell|CD8+ Cytotoxic T/NK Cells|CFD+ Secretory fibroblasts|COL17A1+ KRT14+ Basal Keratinocyte|Cycling T Cell|Hair Follicle Keratinocyte|Hair Follicle Outer Root Sheath Keratinocyte|IFN-activated Basal Keratinocyte|IL7R+ Naive CD4 T Cell|KRT1 KRT10+ Spinous Keratinocyte|KRTDAP+ DMKN+ Spinous Keratinocyte|Langerhans Cell|Lymphatic Endothelial Cell|Mast Cell|Matrix Remodeling Fibroblasts|Melanocyte|PECAM1+ Blood vascular Endothelial Cell|Plasma Cell|Regulatory T Cell|Resident T Cell|S100A2+ Proliferating Keratinocyte|SPP1+ Inflammatory Macrophage|Schwann Cell|Smooth Muscle Cell|Stress Keratinocyte|Suprabasal Keratinocyte|Unknown|cDC1 Dendritic Cell|cDC2 Dendritic Cell,Fibroblast|Immune|Keratinocyte|Lymphatic Endothelial Cell|Melanocyte|Schwann cell|Smooth Muscle Cell|Unknown|Vascular Endothelial Cell,Integrated analysis of single-cell and spatial transcriptomics in keloids,"To uncover the underlying pathophysiology of keloids, we used two technologies, single-cell RNA sequencing (scRNA-seq) and spatial transcriptomics (ST). we focused on the molecular signature of keloids. In this study, we provide the comprehensive transcriptomic atlas of keloids and its matched spatial information, essential to understanding intercellular crosstalk in the skin microenvironments.","We employed scRNA-seq on two keloid samples using the platform of 10X Genomics. To further assess the spatial heterogeneity and organization of keloid FBs, we performed ST analysis on tissue from keloid specimens (2 sections from 2 samples including one scRNA-seq paired sample). To confirm the study results, we further applied ST on two independent normal skin sections . Normal skin samples from skin cancer excision were used for ST analysis.",35123990
SAID228,GSE275846,GSM8486557,Human,782,Healthy,29,female,epidermis,CD8+ Cytotoxic T/NK Cells|COL17A1+ KRT14+ Basal Keratinocyte|Hair Follicle Keratinocyte|Hair Follicle Outer Root Sheath Keratinocyte|IL7R+ Naive CD4 T Cell|KRT1 KRT10+ Spinous Keratinocyte|KRTDAP+ DMKN+ Spinous Keratinocyte|Langerhans Cell|Melanocyte|Regulatory T Cell|Stress Keratinocyte|Suprabasal Keratinocyte|cDC2 Dendritic Cell,Immune|Keratinocyte|Melanocyte,Single cell transcriptomics of human epidermis shows decreased expression of several structural genes associated with skin barrier development in aged skin,"Epidermal keratinocytes are continuously dividing cells which, upon differentiation establish the outer skin barrier, the stratum corneum. In older age the epidermis becomes thinner, papillary protrusions flatten and the capacity for skin barrier repair decreases. Here we performed single-cell RNA sequencing of epidermal keratinocytes obtained by suction blisters from the volar forearm of younger (20-30) and older (65-70) healthy female individuals.","Eight healthy women participated in this study – 4 in the younger age group (24, 24, 29,29 yrs) and 4 in the older age group (71,67, 66, 71 yrs).  All women in the older age group were menopaused for at least 10 years and were not taking hormonal substitution therapies. None of the women in the younger age group was taking oral contraceptives. All women in both groups were non-smokers, none had a history of skin disease, none were visiting tanning parlors.",
SAID229,GSE275846,GSM8486558,Human,980,Healthy,71,female,epidermis,CD8+ Cytotoxic T/NK Cells|COL17A1+ KRT14+ Basal Keratinocyte|Hair Follicle Keratinocyte|IL7R+ Naive CD4 T Cell|KRT1 KRT10+ Spinous Keratinocyte|KRTDAP+ DMKN+ Spinous Keratinocyte|Langerhans Cell|Melanocyte|Resident T Cell|Stress Keratinocyte|Suprabasal Keratinocyte|cDC2 Dendritic Cell,Immune|Keratinocyte|Melanocyte,Single cell transcriptomics of human epidermis shows decreased expression of several structural genes associated with skin barrier development in aged skin,"Epidermal keratinocytes are continuously dividing cells which, upon differentiation establish the outer skin barrier, the stratum corneum. In older age the epidermis becomes thinner, papillary protrusions flatten and the capacity for skin barrier repair decreases. Here we performed single-cell RNA sequencing of epidermal keratinocytes obtained by suction blisters from the volar forearm of younger (20-30) and older (65-70) healthy female individuals.","Eight healthy women participated in this study – 4 in the younger age group (24, 24, 29,29 yrs) and 4 in the older age group (71,67, 66, 71 yrs).  All women in the older age group were menopaused for at least 10 years and were not taking hormonal substitution therapies. None of the women in the younger age group was taking oral contraceptives. All women in both groups were non-smokers, none had a history of skin disease, none were visiting tanning parlors.",
SAID230,GSE275846,GSM8486559,Human,765,Healthy,70,female,epidermis,CD69+ IL7R+ Tissue-resident memory T Cell|CD8+ Cytotoxic T/NK Cells|COL17A1+ KRT14+ Basal Keratinocyte|Hair Follicle Keratinocyte|IL7R+ Naive CD4 T Cell|KRT1 KRT10+ Spinous Keratinocyte|KRTDAP+ DMKN+ Spinous Keratinocyte|Langerhans Cell|Melanocyte|Stress Keratinocyte|Suprabasal Keratinocyte|cDC2 Dendritic Cell,Immune|Keratinocyte|Melanocyte,Single cell transcriptomics of human epidermis shows decreased expression of several structural genes associated with skin barrier development in aged skin,"Epidermal keratinocytes are continuously dividing cells which, upon differentiation establish the outer skin barrier, the stratum corneum. In older age the epidermis becomes thinner, papillary protrusions flatten and the capacity for skin barrier repair decreases. Here we performed single-cell RNA sequencing of epidermal keratinocytes obtained by suction blisters from the volar forearm of younger (20-30) and older (65-70) healthy female individuals.","Eight healthy women participated in this study – 4 in the younger age group (24, 24, 29,29 yrs) and 4 in the older age group (71,67, 66, 71 yrs).  All women in the older age group were menopaused for at least 10 years and were not taking hormonal substitution therapies. None of the women in the younger age group was taking oral contraceptives. All women in both groups were non-smokers, none had a history of skin disease, none were visiting tanning parlors.",
SAID231,GSE275846,GSM8486560,Human,1179,Healthy,24,female,epidermis,CD8+ Cytotoxic T/NK Cells|COL17A1+ KRT14+ Basal Keratinocyte|Hair Follicle Keratinocyte|IL7R+ Naive CD4 T Cell|KRT1 KRT10+ Spinous Keratinocyte|KRTDAP+ DMKN+ Spinous Keratinocyte|Langerhans Cell|Melanocyte|Regulatory T Cell|Suprabasal Keratinocyte|cDC2 Dendritic Cell,Immune|Keratinocyte|Melanocyte,Single cell transcriptomics of human epidermis shows decreased expression of several structural genes associated with skin barrier development in aged skin,"Epidermal keratinocytes are continuously dividing cells which, upon differentiation establish the outer skin barrier, the stratum corneum. In older age the epidermis becomes thinner, papillary protrusions flatten and the capacity for skin barrier repair decreases. Here we performed single-cell RNA sequencing of epidermal keratinocytes obtained by suction blisters from the volar forearm of younger (20-30) and older (65-70) healthy female individuals.","Eight healthy women participated in this study – 4 in the younger age group (24, 24, 29,29 yrs) and 4 in the older age group (71,67, 66, 71 yrs).  All women in the older age group were menopaused for at least 10 years and were not taking hormonal substitution therapies. None of the women in the younger age group was taking oral contraceptives. All women in both groups were non-smokers, none had a history of skin disease, none were visiting tanning parlors.",
SAID232,GSE275846,GSM8486561,Human,1151,Healthy,67,female,epidermis,CD69+ IL7R+ Tissue-resident memory T Cell|CD8+ Cytotoxic T/NK Cells|COL17A1+ KRT14+ Basal Keratinocyte|IL7R+ Naive CD4 T Cell|KRT1 KRT10+ Spinous Keratinocyte|KRTDAP+ DMKN+ Spinous Keratinocyte|Langerhans Cell|Melanocyte|Resident T Cell|Stress Keratinocyte|Suprabasal Keratinocyte,Immune|Keratinocyte|Melanocyte,Single cell transcriptomics of human epidermis shows decreased expression of several structural genes associated with skin barrier development in aged skin,"Epidermal keratinocytes are continuously dividing cells which, upon differentiation establish the outer skin barrier, the stratum corneum. In older age the epidermis becomes thinner, papillary protrusions flatten and the capacity for skin barrier repair decreases. Here we performed single-cell RNA sequencing of epidermal keratinocytes obtained by suction blisters from the volar forearm of younger (20-30) and older (65-70) healthy female individuals.","Eight healthy women participated in this study – 4 in the younger age group (24, 24, 29,29 yrs) and 4 in the older age group (71,67, 66, 71 yrs).  All women in the older age group were menopaused for at least 10 years and were not taking hormonal substitution therapies. None of the women in the younger age group was taking oral contraceptives. All women in both groups were non-smokers, none had a history of skin disease, none were visiting tanning parlors.",
SAID233,GSE275846,GSM8486562,Human,775,Healthy,66,female,epidermis,B Cell|CD69+ IL7R+ Tissue-resident memory T Cell|CD8+ Cytotoxic T/NK Cells|COL17A1+ KRT14+ Basal Keratinocyte|Cycling T Cell|Hair Follicle Keratinocyte|IL7R+ Naive CD4 T Cell|KRT1 KRT10+ Spinous Keratinocyte|Langerhans Cell|Melanocyte|Regulatory T Cell|Resident T Cell|SPP1+ Inflammatory Macrophage|Stress Keratinocyte|Suprabasal Keratinocyte|cDC1 Dendritic Cell|cDC2 Dendritic Cell,Immune|Keratinocyte|Melanocyte,Single cell transcriptomics of human epidermis shows decreased expression of several structural genes associated with skin barrier development in aged skin,"Epidermal keratinocytes are continuously dividing cells which, upon differentiation establish the outer skin barrier, the stratum corneum. In older age the epidermis becomes thinner, papillary protrusions flatten and the capacity for skin barrier repair decreases. Here we performed single-cell RNA sequencing of epidermal keratinocytes obtained by suction blisters from the volar forearm of younger (20-30) and older (65-70) healthy female individuals.","Eight healthy women participated in this study – 4 in the younger age group (24, 24, 29,29 yrs) and 4 in the older age group (71,67, 66, 71 yrs).  All women in the older age group were menopaused for at least 10 years and were not taking hormonal substitution therapies. None of the women in the younger age group was taking oral contraceptives. All women in both groups were non-smokers, none had a history of skin disease, none were visiting tanning parlors.",
SAID234,GSE275846,GSM8486564,Human,834,Healthy,29,female,epidermis,CD8+ Cytotoxic T/NK Cells|COL17A1+ KRT14+ Basal Keratinocyte|Hair Follicle Keratinocyte|IL7R+ Naive CD4 T Cell|KRT1 KRT10+ Spinous Keratinocyte|KRTDAP+ DMKN+ Spinous Keratinocyte|Langerhans Cell|Melanocyte|Regulatory T Cell|Stress Keratinocyte|Suprabasal Keratinocyte|cDC2 Dendritic Cell,Immune|Keratinocyte|Melanocyte,Single cell transcriptomics of human epidermis shows decreased expression of several structural genes associated with skin barrier development in aged skin,"Epidermal keratinocytes are continuously dividing cells which, upon differentiation establish the outer skin barrier, the stratum corneum. In older age the epidermis becomes thinner, papillary protrusions flatten and the capacity for skin barrier repair decreases. Here we performed single-cell RNA sequencing of epidermal keratinocytes obtained by suction blisters from the volar forearm of younger (20-30) and older (65-70) healthy female individuals.","Eight healthy women participated in this study – 4 in the younger age group (24, 24, 29,29 yrs) and 4 in the older age group (71,67, 66, 71 yrs).  All women in the older age group were menopaused for at least 10 years and were not taking hormonal substitution therapies. None of the women in the younger age group was taking oral contraceptives. All women in both groups were non-smokers, none had a history of skin disease, none were visiting tanning parlors.",
SAID235,GSE212447,GSM6532919,Human,6449,Alopecia Areata,25,male,scalp,ACKR1+ Post-Capillary Venule Endothelial Cell|B Cell|CD69+ IL7R+ Tissue-resident memory T Cell|CD8+ Cytotoxic T/NK Cells|CFD+ Secretory fibroblasts|COL17A1+ KRT14+ Basal Keratinocyte|Cycling T Cell|Hair Follicle Keratinocyte|Hair Follicle Outer Root Sheath Keratinocyte|IL7R+ Naive CD4 T Cell|KRT1 KRT10+ Spinous Keratinocyte|KRTDAP+ DMKN+ Spinous Keratinocyte|Langerhans Cell|Lymphatic Endothelial Cell|Mast Cell|Matrix Remodeling Fibroblasts|Melanocyte|PECAM1+ Blood vascular Endothelial Cell|Plasma Cell|Regulatory T Cell|Resident T Cell|SPP1+ Inflammatory Macrophage|Schwann Cell|Smooth Muscle Cell|Stress Keratinocyte|Suprabasal Keratinocyte|cDC1 Dendritic Cell|cDC2 Dendritic Cell,Fibroblast|Immune|Keratinocyte|Lymphatic Endothelial Cell|Melanocyte|Schwann cell|Smooth Muscle Cell|Vascular Endothelial Cell,Integrated single-cell chromatin and transcriptomic analyses of human scalp reveal etiological insights into genetic risk for hair and skin disease [scRNA-Seq],"In this study, we use single-cell ATAC sequencing (scATAC-seq) and single-cell RNA sequencing (scRNA-seq) to map chromatin accessibility and gene expression in human scalp samples from healthy patients and patients with alopecia areata","We generated single-cell ATAC-seq and single-cell RNA-seq libraries from human scalp tissue from three sources: punch biopsy samples from healthy control volunteers (C_PB, n = 3), punch biopsies from patients with clinically active alopecia areata (AA, n = 5), and discarded normal peripheral surgical tissue from patients undergoing dermatologic surgeries on the scalp (C_SD, n = 7)",37500727; 40766141
SAID236,GSE212447,GSM6532920,Human,3978,Alopecia Areata,40,female,scalp,ACKR1+ Post-Capillary Venule Endothelial Cell|B Cell|CD69+ IL7R+ Tissue-resident memory T Cell|CD8+ Cytotoxic T/NK Cells|CFD+ Secretory fibroblasts|COL17A1+ KRT14+ Basal Keratinocyte|Cycling T Cell|Eccrine Sweat Gland Cell|Hair Follicle Keratinocyte|Hair Follicle Outer Root Sheath Keratinocyte|IL7R+ Naive CD4 T Cell|KRT1 KRT10+ Spinous Keratinocyte|Langerhans Cell|Lymphatic Endothelial Cell|Mast Cell|Matrix Remodeling Fibroblasts|Melanocyte|PECAM1+ Blood vascular Endothelial Cell|Plasma Cell|Regulatory T Cell|Resident T Cell|SPP1+ Inflammatory Macrophage|Schwann Cell|Sebocyte|Smooth Muscle Cell|Stress Keratinocyte|Suprabasal Keratinocyte|cDC1 Dendritic Cell|cDC2 Dendritic Cell,Eccrine Sweat Gland Cell|Fibroblast|Immune|Keratinocyte|Lymphatic Endothelial Cell|Melanocyte|Schwann cell|Sebaceous Gland Cell|Smooth Muscle Cell|Vascular Endothelial Cell,Integrated single-cell chromatin and transcriptomic analyses of human scalp reveal etiological insights into genetic risk for hair and skin disease [scRNA-Seq],"In this study, we use single-cell ATAC sequencing (scATAC-seq) and single-cell RNA sequencing (scRNA-seq) to map chromatin accessibility and gene expression in human scalp samples from healthy patients and patients with alopecia areata","We generated single-cell ATAC-seq and single-cell RNA-seq libraries from human scalp tissue from three sources: punch biopsy samples from healthy control volunteers (C_PB, n = 3), punch biopsies from patients with clinically active alopecia areata (AA, n = 5), and discarded normal peripheral surgical tissue from patients undergoing dermatologic surgeries on the scalp (C_SD, n = 7)",37500727; 40766141
SAID237,GSE212447,GSM6532921,Human,5699,Alopecia Areata,35,female,scalp,ACKR1+ Post-Capillary Venule Endothelial Cell|B Cell|CD69+ IL7R+ Tissue-resident memory T Cell|CD8+ Cytotoxic T/NK Cells|CFD+ Secretory fibroblasts|COL17A1+ KRT14+ Basal Keratinocyte|Cycling T Cell|Eccrine Sweat Gland Cell|FCN1+ Monocyte|Hair Follicle Keratinocyte|Hair Follicle Outer Root Sheath Keratinocyte|IL7R+ Naive CD4 T Cell|KRT1 KRT10+ Spinous Keratinocyte|KRTDAP+ DMKN+ Spinous Keratinocyte|Langerhans Cell|Lymphatic Endothelial Cell|Mast Cell|Matrix Remodeling Fibroblasts|Melanocyte|PECAM1+ Blood vascular Endothelial Cell|Plasma Cell|Regulatory T Cell|Resident T Cell|SPP1+ Inflammatory Macrophage|SPP1+ Inflammatory Macrophages|Schwann Cell|Smooth Muscle Cell|Stress Keratinocyte|Suprabasal Keratinocyte|cDC1 Dendritic Cell|cDC2 Dendritic Cell,Eccrine Sweat Gland Cell|Fibroblast|Immune|Keratinocyte|Lymphatic Endothelial Cell|Melanocyte|Schwann cell|Smooth Muscle Cell|Vascular Endothelial Cell,Integrated single-cell chromatin and transcriptomic analyses of human scalp reveal etiological insights into genetic risk for hair and skin disease [scRNA-Seq],"In this study, we use single-cell ATAC sequencing (scATAC-seq) and single-cell RNA sequencing (scRNA-seq) to map chromatin accessibility and gene expression in human scalp samples from healthy patients and patients with alopecia areata","We generated single-cell ATAC-seq and single-cell RNA-seq libraries from human scalp tissue from three sources: punch biopsy samples from healthy control volunteers (C_PB, n = 3), punch biopsies from patients with clinically active alopecia areata (AA, n = 5), and discarded normal peripheral surgical tissue from patients undergoing dermatologic surgeries on the scalp (C_SD, n = 7)",37500727; 40766141
SAID238,GSE212447,GSM6532922,Human,4863,Alopecia Areata,55,female,scalp,ACKR1+ Post-Capillary Venule Endothelial Cell|B Cell|CD69+ IL7R+ Tissue-resident memory T Cell|CD8+ Cytotoxic T/NK Cells|CFD+ Secretory fibroblasts|COL17A1+ KRT14+ Basal Keratinocyte|Cycling T Cell|Hair Follicle Keratinocyte|Hair Follicle Outer Root Sheath Keratinocyte|IL7R+ Naive CD4 T Cell|KIR3DL2+ NK/T Cell|KRT1 KRT10+ Spinous Keratinocyte|Langerhans Cell|Lymphatic Endothelial Cell|Mast Cell|Matrix Remodeling Fibroblasts|Melanocyte|PECAM1+ Blood vascular Endothelial Cell|Plasma Cell|Regulatory T Cell|Resident T Cell|SPP1+ Inflammatory Macrophage|SPP1+ Inflammatory Macrophages|Schwann Cell|Smooth Muscle Cell|Stress Keratinocyte|Suprabasal Keratinocyte|cDC1 Dendritic Cell|cDC2 Dendritic Cell,Fibroblast|Immune|Keratinocyte|Lymphatic Endothelial Cell|Melanocyte|Schwann cell|Smooth Muscle Cell|Vascular Endothelial Cell,Integrated single-cell chromatin and transcriptomic analyses of human scalp reveal etiological insights into genetic risk for hair and skin disease [scRNA-Seq],"In this study, we use single-cell ATAC sequencing (scATAC-seq) and single-cell RNA sequencing (scRNA-seq) to map chromatin accessibility and gene expression in human scalp samples from healthy patients and patients with alopecia areata","We generated single-cell ATAC-seq and single-cell RNA-seq libraries from human scalp tissue from three sources: punch biopsy samples from healthy control volunteers (C_PB, n = 3), punch biopsies from patients with clinically active alopecia areata (AA, n = 5), and discarded normal peripheral surgical tissue from patients undergoing dermatologic surgeries on the scalp (C_SD, n = 7)",37500727; 40766141
SAID239,GSE212447,GSM6532923,Human,2559,Healthy,30,male,scalp,ACKR1+ Post-Capillary Venule Endothelial Cell|CD69+ IL7R+ Tissue-resident memory T Cell|CD8+ Cytotoxic T/NK Cells|CFD+ Secretory fibroblasts|COL17A1+ KRT14+ Basal Keratinocyte|Eccrine Sweat Gland Cell|Hair Follicle Keratinocyte|Hair Follicle Outer Root Sheath Keratinocyte|IL7R+ Naive CD4 T Cell|KRT1 KRT10+ Spinous Keratinocyte|KRTDAP+ DMKN+ Spinous Keratinocyte|Langerhans Cell|Lymphatic Endothelial Cell|Mast Cell|Matrix Remodeling Fibroblasts|Melanocyte|PECAM1+ Blood vascular Endothelial Cell|Plasma Cell|Regulatory T Cell|Resident T Cell|SPP1+ Inflammatory Macrophage|Schwann Cell|Smooth Muscle Cell|Suprabasal Keratinocyte|cDC1 Dendritic Cell|cDC2 Dendritic Cell,Eccrine Sweat Gland Cell|Fibroblast|Immune|Keratinocyte|Lymphatic Endothelial Cell|Melanocyte|Schwann cell|Smooth Muscle Cell|Vascular Endothelial Cell,Integrated single-cell chromatin and transcriptomic analyses of human scalp reveal etiological insights into genetic risk for hair and skin disease [scRNA-Seq],"In this study, we use single-cell ATAC sequencing (scATAC-seq) and single-cell RNA sequencing (scRNA-seq) to map chromatin accessibility and gene expression in human scalp samples from healthy patients and patients with alopecia areata","We generated single-cell ATAC-seq and single-cell RNA-seq libraries from human scalp tissue from three sources: punch biopsy samples from healthy control volunteers (C_PB, n = 3), punch biopsies from patients with clinically active alopecia areata (AA, n = 5), and discarded normal peripheral surgical tissue from patients undergoing dermatologic surgeries on the scalp (C_SD, n = 7)",37500727; 40766141
SAID240,GSE212447,GSM6532924,Human,4417,Healthy,20,female,scalp,ACKR1+ Post-Capillary Venule Endothelial Cell|B Cell|CD69+ IL7R+ Tissue-resident memory T Cell|CD8+ Cytotoxic T/NK Cells|CFD+ Secretory fibroblasts|COL17A1+ KRT14+ Basal Keratinocyte|Cycling T Cell|Eccrine Sweat Gland Cell|FCN1+ Monocyte|Hair Follicle Keratinocyte|Hair Follicle Outer Root Sheath Keratinocyte|IL7R+ Naive CD4 T Cell|KIR3DL2+ NK/T Cell|KRT1 KRT10+ Spinous Keratinocyte|KRTDAP+ DMKN+ Spinous Keratinocyte|Langerhans Cell|Lymphatic Endothelial Cell|Mast Cell|Matrix Remodeling Fibroblasts|Melanocyte|PECAM1+ Blood vascular Endothelial Cell|Plasma Cell|Regulatory T Cell|Resident T Cell|SPP1+ Inflammatory Macrophage|Schwann Cell|Smooth Muscle Cell|Stress Keratinocyte|Suprabasal Keratinocyte|Unknown|cDC1 Dendritic Cell|cDC2 Dendritic Cell,Eccrine Sweat Gland Cell|Fibroblast|Immune|Keratinocyte|Lymphatic Endothelial Cell|Melanocyte|Schwann cell|Smooth Muscle Cell|Unknown|Vascular Endothelial Cell,Integrated single-cell chromatin and transcriptomic analyses of human scalp reveal etiological insights into genetic risk for hair and skin disease [scRNA-Seq],"In this study, we use single-cell ATAC sequencing (scATAC-seq) and single-cell RNA sequencing (scRNA-seq) to map chromatin accessibility and gene expression in human scalp samples from healthy patients and patients with alopecia areata","We generated single-cell ATAC-seq and single-cell RNA-seq libraries from human scalp tissue from three sources: punch biopsy samples from healthy control volunteers (C_PB, n = 3), punch biopsies from patients with clinically active alopecia areata (AA, n = 5), and discarded normal peripheral surgical tissue from patients undergoing dermatologic surgeries on the scalp (C_SD, n = 7)",37500727; 40766141
SAID241,GSE212447,GSM6532925,Human,3207,Healthy,25,female,scalp,ACKR1+ Post-Capillary Venule Endothelial Cell|B Cell|CD69+ IL7R+ Tissue-resident memory T Cell|CD8+ Cytotoxic T/NK Cells|CFD+ Secretory fibroblasts|COL17A1+ KRT14+ Basal Keratinocyte|Cycling T Cell|Eccrine Sweat Gland Cell|Hair Follicle Keratinocyte|Hair Follicle Outer Root Sheath Keratinocyte|IFN-activated Basal Keratinocyte|IL7R+ Naive CD4 T Cell|KIR3DL2+ NK/T Cell|KRT1 KRT10+ Spinous Keratinocyte|KRTDAP+ DMKN+ Spinous Keratinocyte|Langerhans Cell|Lymphatic Endothelial Cell|Mast Cell|Matrix Remodeling Fibroblasts|Melanocyte|PECAM1+ Blood vascular Endothelial Cell|Regulatory T Cell|Resident T Cell|S100A2+ Proliferating Keratinocyte|SPP1+ Inflammatory Macrophage|SPP1+ Inflammatory Macrophages|Schwann Cell|Smooth Muscle Cell|Stress Keratinocyte|Suprabasal Keratinocyte|cDC1 Dendritic Cell|cDC2 Dendritic Cell,Eccrine Sweat Gland Cell|Fibroblast|Immune|Keratinocyte|Lymphatic Endothelial Cell|Melanocyte|Schwann cell|Smooth Muscle Cell|Vascular Endothelial Cell,Integrated single-cell chromatin and transcriptomic analyses of human scalp reveal etiological insights into genetic risk for hair and skin disease [scRNA-Seq],"In this study, we use single-cell ATAC sequencing (scATAC-seq) and single-cell RNA sequencing (scRNA-seq) to map chromatin accessibility and gene expression in human scalp samples from healthy patients and patients with alopecia areata","We generated single-cell ATAC-seq and single-cell RNA-seq libraries from human scalp tissue from three sources: punch biopsy samples from healthy control volunteers (C_PB, n = 3), punch biopsies from patients with clinically active alopecia areata (AA, n = 5), and discarded normal peripheral surgical tissue from patients undergoing dermatologic surgeries on the scalp (C_SD, n = 7)",37500727; 40766141
SAID242,GSE212447,GSM6532926,Human,6641,Healthy,45,female,scalp,ACKR1+ Post-Capillary Venule Endothelial Cell|B Cell|CD69+ IL7R+ Tissue-resident memory T Cell|CD8+ Cytotoxic T/NK Cells|CFD+ Secretory fibroblasts|COL17A1+ KRT14+ Basal Keratinocyte|Cycling T Cell|Eccrine Sweat Gland Cell|Hair Follicle Keratinocyte|Hair Follicle Outer Root Sheath Keratinocyte|IFN-activated Basal Keratinocyte|IL7R+ Naive CD4 T Cell|KIR3DL2+ NK/T Cell|KRT1 KRT10+ Spinous Keratinocyte|KRTDAP+ DMKN+ Spinous Keratinocyte|Langerhans Cell|Lymphatic Endothelial Cell|Mast Cell|Matrix Remodeling Fibroblasts|Melanocyte|PECAM1+ Blood vascular Endothelial Cell|Plasma Cell|Regulatory T Cell|Resident T Cell|S100A2+ Proliferating Keratinocyte|SPP1+ Inflammatory Macrophage|SPP1+ Inflammatory Macrophages|Schwann Cell|Sebocyte|Smooth Muscle Cell|Stress Keratinocyte|Suprabasal Keratinocyte|Unknown|cDC1 Dendritic Cell|cDC2 Dendritic Cell,Eccrine Sweat Gland Cell|Fibroblast|Immune|Keratinocyte|Lymphatic Endothelial Cell|Melanocyte|Schwann cell|Sebaceous Gland Cell|Smooth Muscle Cell|Unknown|Vascular Endothelial Cell,Integrated single-cell chromatin and transcriptomic analyses of human scalp reveal etiological insights into genetic risk for hair and skin disease [scRNA-Seq],"In this study, we use single-cell ATAC sequencing (scATAC-seq) and single-cell RNA sequencing (scRNA-seq) to map chromatin accessibility and gene expression in human scalp samples from healthy patients and patients with alopecia areata","We generated single-cell ATAC-seq and single-cell RNA-seq libraries from human scalp tissue from three sources: punch biopsy samples from healthy control volunteers (C_PB, n = 3), punch biopsies from patients with clinically active alopecia areata (AA, n = 5), and discarded normal peripheral surgical tissue from patients undergoing dermatologic surgeries on the scalp (C_SD, n = 7)",37500727; 40766141
SAID243,GSE212447,GSM6532927,Human,1934,Healthy,45,female,scalp,B Cell|CD69+ IL7R+ Tissue-resident memory T Cell|CD8+ Cytotoxic T/NK Cells|CFD+ Secretory fibroblasts|COL17A1+ KRT14+ Basal Keratinocyte|Cycling T Cell|Eccrine Sweat Gland Cell|Hair Follicle Keratinocyte|Hair Follicle Outer Root Sheath Keratinocyte|IL7R+ Naive CD4 T Cell|KRT1 KRT10+ Spinous Keratinocyte|KRTDAP+ DMKN+ Spinous Keratinocyte|Langerhans Cell|Lymphatic Endothelial Cell|Mast Cell|Matrix Remodeling Fibroblasts|Melanocyte|PECAM1+ Blood vascular Endothelial Cell|Regulatory T Cell|Resident T Cell|SPP1+ Inflammatory Macrophage|Schwann Cell|Smooth Muscle Cell|Suprabasal Keratinocyte|cDC1 Dendritic Cell|cDC2 Dendritic Cell,Eccrine Sweat Gland Cell|Fibroblast|Immune|Keratinocyte|Lymphatic Endothelial Cell|Melanocyte|Schwann cell|Smooth Muscle Cell|Vascular Endothelial Cell,Integrated single-cell chromatin and transcriptomic analyses of human scalp reveal etiological insights into genetic risk for hair and skin disease [scRNA-Seq],"In this study, we use single-cell ATAC sequencing (scATAC-seq) and single-cell RNA sequencing (scRNA-seq) to map chromatin accessibility and gene expression in human scalp samples from healthy patients and patients with alopecia areata","We generated single-cell ATAC-seq and single-cell RNA-seq libraries from human scalp tissue from three sources: punch biopsy samples from healthy control volunteers (C_PB, n = 3), punch biopsies from patients with clinically active alopecia areata (AA, n = 5), and discarded normal peripheral surgical tissue from patients undergoing dermatologic surgeries on the scalp (C_SD, n = 7)",37500727; 40766141
SAID244,GSE212447,GSM6532928,Human,6242,Healthy,65,male,scalp,ACKR1+ Post-Capillary Venule Endothelial Cell|B Cell|CD69+ IL7R+ Tissue-resident memory T Cell|CD8+ Cytotoxic T/NK Cells|CFD+ Secretory fibroblasts|COL17A1+ KRT14+ Basal Keratinocyte|Cycling T Cell|Eccrine Sweat Gland Cell|FCN1+ Monocyte|Hair Follicle Keratinocyte|Hair Follicle Outer Root Sheath Keratinocyte|IL7R+ Naive CD4 T Cell|KIR3DL2+ NK/T Cell|KRT1 KRT10+ Spinous Keratinocyte|KRTDAP+ DMKN+ Spinous Keratinocyte|Langerhans Cell|Lymphatic Endothelial Cell|Mast Cell|Matrix Remodeling Fibroblasts|Melanocyte|PECAM1+ Blood vascular Endothelial Cell|Plasma Cell|Regulatory T Cell|Resident T Cell|SPP1+ Inflammatory Macrophage|Schwann Cell|Sebocyte|Smooth Muscle Cell|Stress Keratinocyte|Suprabasal Keratinocyte|Unknown|cDC1 Dendritic Cell|cDC2 Dendritic Cell,Eccrine Sweat Gland Cell|Fibroblast|Immune|Keratinocyte|Lymphatic Endothelial Cell|Melanocyte|Schwann cell|Sebaceous Gland Cell|Smooth Muscle Cell|Unknown|Vascular Endothelial Cell,Integrated single-cell chromatin and transcriptomic analyses of human scalp reveal etiological insights into genetic risk for hair and skin disease [scRNA-Seq],"In this study, we use single-cell ATAC sequencing (scATAC-seq) and single-cell RNA sequencing (scRNA-seq) to map chromatin accessibility and gene expression in human scalp samples from healthy patients and patients with alopecia areata","We generated single-cell ATAC-seq and single-cell RNA-seq libraries from human scalp tissue from three sources: punch biopsy samples from healthy control volunteers (C_PB, n = 3), punch biopsies from patients with clinically active alopecia areata (AA, n = 5), and discarded normal peripheral surgical tissue from patients undergoing dermatologic surgeries on the scalp (C_SD, n = 7)",37500727; 40766141
SAID245,GSE173252,GSM5264341,Human,3068,Healthy,Not mentioned,Not mentioned,dermis,CD69+ IL7R+ Tissue-resident memory T Cell|CD8+ Cytotoxic T/NK Cells|CFD+ Secretory fibroblasts|COL17A1+ KRT14+ Basal Keratinocyte|Cycling T Cell|Eccrine Sweat Gland Cell|FCN1+ Monocyte|Hair Follicle Keratinocyte|Hair Follicle Outer Root Sheath Keratinocyte|IL7R+ Naive CD4 T Cell|Lymphatic Endothelial Cell|Mast Cell|Matrix Remodeling Fibroblasts|Melanocyte|PECAM1+ Blood vascular Endothelial Cell|Plasma Cell|Regulatory T Cell|Resident T Cell|SPP1+ Inflammatory Macrophage|SPP1+ Inflammatory Macrophages|Schwann Cell|Smooth Muscle Cell|Suprabasal Keratinocyte|cDC1 Dendritic Cell|cDC2 Dendritic Cell,Eccrine Sweat Gland Cell|Fibroblast|Immune|Keratinocyte|Lymphatic Endothelial Cell|Melanocyte|Schwann cell|Smooth Muscle Cell|Vascular Endothelial Cell,Deciphering mesenchymal drivers of human Dupuytren’s disease at single-cell level,"Dupuytren’s disease (DD) is a common, progressive fibroproliferative disease affecting the palmar fascia of the hands, causing fingers to irreversibly flex towards the palm with significant loss of function. Surgical treatments are limited, therefore effective new therapies for DD are urgently required. To identify key cellular and molecular pathways driving DD we employed single-cell RNA sequencing (scRNA-seq), profiling the transcriptomes of 35,250 human single cells from DD, non-pathogenic fascia, and healthy dermis. We identify a DD-specific population of pathogenic PDPN+/FAP+ mesenchymal cells displaying elevated expression of fibrillar collagens and profibrogenic genes. In silico trajectory analysis reveals resident fibroblasts to be the source of this pathogenic population. To resolve the processes governing DD progression, genes differentially expressed during fibroblast differentiation were identified including upregulated TNFRSF12A and transcription factor SCX. Knockdown of SCX and blockade of TNFRSF12A inhibited proliferation and altered pro-fibrotic gene expression of cultured human FAP+ mesenchymal cells, demonstrating a functional role for these genes in DD. The power of scRNA-seq is utilised to identify the major pathogenic mesenchymal subpopulations driving DD and key molecular pathways regulating the DD-specific myofibroblast phenotype. Using this precision medicine approach, inhibition of TNFRSF12A has shown potential clinical utility in the treatment of Dupuytren’s disease.","Single, live cells were isolated from DD tissue, non-pathogenic fascia (from the transverse ligament of the palmar aponeurosis, herein referred to as Skoog’s fascia), and healthy dermis (n=3 DD, n=3 Skoog’s fascia, and n=3 healthy dermis). All tissue was taken at the time of corrective surgery for DD.",34274346
SAID246,GSE173252,GSM5264342,Human,2048,Healthy,Not mentioned,Not mentioned,dermis,B Cell|CD69+ IL7R+ Tissue-resident memory T Cell|CD8+ Cytotoxic T/NK Cells|CFD+ Secretory fibroblasts|COL17A1+ KRT14+ Basal Keratinocyte|Cycling T Cell|Eccrine Sweat Gland Cell|Hair Follicle Keratinocyte|Hair Follicle Outer Root Sheath Keratinocyte|IL7R+ Naive CD4 T Cell|KRT1 KRT10+ Spinous Keratinocyte|KRTDAP+ DMKN+ Spinous Keratinocyte|Lymphatic Endothelial Cell|Mast Cell|Matrix Remodeling Fibroblasts|Melanocyte|PECAM1+ Blood vascular Endothelial Cell|Regulatory T Cell|Resident T Cell|Schwann Cell|Smooth Muscle Cell|Suprabasal Keratinocyte|Unknown|cDC1 Dendritic Cell|cDC2 Dendritic Cell,Eccrine Sweat Gland Cell|Fibroblast|Immune|Keratinocyte|Lymphatic Endothelial Cell|Melanocyte|Schwann cell|Smooth Muscle Cell|Unknown|Vascular Endothelial Cell,Deciphering mesenchymal drivers of human Dupuytren’s disease at single-cell level,"Dupuytren’s disease (DD) is a common, progressive fibroproliferative disease affecting the palmar fascia of the hands, causing fingers to irreversibly flex towards the palm with significant loss of function. Surgical treatments are limited, therefore effective new therapies for DD are urgently required. To identify key cellular and molecular pathways driving DD we employed single-cell RNA sequencing (scRNA-seq), profiling the transcriptomes of 35,250 human single cells from DD, non-pathogenic fascia, and healthy dermis. We identify a DD-specific population of pathogenic PDPN+/FAP+ mesenchymal cells displaying elevated expression of fibrillar collagens and profibrogenic genes. In silico trajectory analysis reveals resident fibroblasts to be the source of this pathogenic population. To resolve the processes governing DD progression, genes differentially expressed during fibroblast differentiation were identified including upregulated TNFRSF12A and transcription factor SCX. Knockdown of SCX and blockade of TNFRSF12A inhibited proliferation and altered pro-fibrotic gene expression of cultured human FAP+ mesenchymal cells, demonstrating a functional role for these genes in DD. The power of scRNA-seq is utilised to identify the major pathogenic mesenchymal subpopulations driving DD and key molecular pathways regulating the DD-specific myofibroblast phenotype. Using this precision medicine approach, inhibition of TNFRSF12A has shown potential clinical utility in the treatment of Dupuytren’s disease.","Single, live cells were isolated from DD tissue, non-pathogenic fascia (from the transverse ligament of the palmar aponeurosis, herein referred to as Skoog’s fascia), and healthy dermis (n=3 DD, n=3 Skoog’s fascia, and n=3 healthy dermis). All tissue was taken at the time of corrective surgery for DD.",34274346
SAID247,GSE173252,GSM5264344,Human,1849,Healthy,Not mentioned,Not mentioned,skoog's fascia,CD69+ IL7R+ Tissue-resident memory T Cell|CD8+ Cytotoxic T/NK Cells|CFD+ Secretory fibroblasts|Eccrine Sweat Gland Cell|FCN1+ Monocyte|Hair Follicle Outer Root Sheath Keratinocyte|IL7R+ Naive CD4 T Cell|Lymphatic Endothelial Cell|Mast Cell|Matrix Remodeling Fibroblasts|PECAM1+ Blood vascular Endothelial Cell|Resident T Cell|SPP1+ Inflammatory Macrophage|Schwann Cell|Smooth Muscle Cell|Stress Keratinocyte|Unknown|cDC1 Dendritic Cell|cDC2 Dendritic Cell,Eccrine Sweat Gland Cell|Fibroblast|Immune|Keratinocyte|Lymphatic Endothelial Cell|Schwann cell|Smooth Muscle Cell|Unknown|Vascular Endothelial Cell,Deciphering mesenchymal drivers of human Dupuytren’s disease at single-cell level,"Dupuytren’s disease (DD) is a common, progressive fibroproliferative disease affecting the palmar fascia of the hands, causing fingers to irreversibly flex towards the palm with significant loss of function. Surgical treatments are limited, therefore effective new therapies for DD are urgently required. To identify key cellular and molecular pathways driving DD we employed single-cell RNA sequencing (scRNA-seq), profiling the transcriptomes of 35,250 human single cells from DD, non-pathogenic fascia, and healthy dermis. We identify a DD-specific population of pathogenic PDPN+/FAP+ mesenchymal cells displaying elevated expression of fibrillar collagens and profibrogenic genes. In silico trajectory analysis reveals resident fibroblasts to be the source of this pathogenic population. To resolve the processes governing DD progression, genes differentially expressed during fibroblast differentiation were identified including upregulated TNFRSF12A and transcription factor SCX. Knockdown of SCX and blockade of TNFRSF12A inhibited proliferation and altered pro-fibrotic gene expression of cultured human FAP+ mesenchymal cells, demonstrating a functional role for these genes in DD. The power of scRNA-seq is utilised to identify the major pathogenic mesenchymal subpopulations driving DD and key molecular pathways regulating the DD-specific myofibroblast phenotype. Using this precision medicine approach, inhibition of TNFRSF12A has shown potential clinical utility in the treatment of Dupuytren’s disease.","Single, live cells were isolated from DD tissue, non-pathogenic fascia (from the transverse ligament of the palmar aponeurosis, herein referred to as Skoog’s fascia), and healthy dermis (n=3 DD, n=3 Skoog’s fascia, and n=3 healthy dermis). All tissue was taken at the time of corrective surgery for DD.",34274346
SAID248,GSE173252,GSM5264345,Human,2406,Healthy,Not mentioned,Not mentioned,skoog's fascia,ACKR1+ Post-Capillary Venule Endothelial Cell|CD69+ IL7R+ Tissue-resident memory T Cell|CD8+ Cytotoxic T/NK Cells|CFD+ Secretory fibroblasts|Cycling T Cell|FCN1+ Monocyte|Lymphatic Endothelial Cell|Mast Cell|Matrix Remodeling Fibroblasts|PECAM1+ Blood vascular Endothelial Cell|Schwann Cell|Smooth Muscle Cell|cDC1 Dendritic Cell|cDC2 Dendritic Cell,Fibroblast|Immune|Lymphatic Endothelial Cell|Schwann cell|Smooth Muscle Cell|Vascular Endothelial Cell,Deciphering mesenchymal drivers of human Dupuytren’s disease at single-cell level,"Dupuytren’s disease (DD) is a common, progressive fibroproliferative disease affecting the palmar fascia of the hands, causing fingers to irreversibly flex towards the palm with significant loss of function. Surgical treatments are limited, therefore effective new therapies for DD are urgently required. To identify key cellular and molecular pathways driving DD we employed single-cell RNA sequencing (scRNA-seq), profiling the transcriptomes of 35,250 human single cells from DD, non-pathogenic fascia, and healthy dermis. We identify a DD-specific population of pathogenic PDPN+/FAP+ mesenchymal cells displaying elevated expression of fibrillar collagens and profibrogenic genes. In silico trajectory analysis reveals resident fibroblasts to be the source of this pathogenic population. To resolve the processes governing DD progression, genes differentially expressed during fibroblast differentiation were identified including upregulated TNFRSF12A and transcription factor SCX. Knockdown of SCX and blockade of TNFRSF12A inhibited proliferation and altered pro-fibrotic gene expression of cultured human FAP+ mesenchymal cells, demonstrating a functional role for these genes in DD. The power of scRNA-seq is utilised to identify the major pathogenic mesenchymal subpopulations driving DD and key molecular pathways regulating the DD-specific myofibroblast phenotype. Using this precision medicine approach, inhibition of TNFRSF12A has shown potential clinical utility in the treatment of Dupuytren’s disease.","Single, live cells were isolated from DD tissue, non-pathogenic fascia (from the transverse ligament of the palmar aponeurosis, herein referred to as Skoog’s fascia), and healthy dermis (n=3 DD, n=3 Skoog’s fascia, and n=3 healthy dermis). All tissue was taken at the time of corrective surgery for DD.",34274346
SAID249,GSE173252,GSM5264346,Human,799,Healthy,Not mentioned,Not mentioned,skoog's fascia,CD69+ IL7R+ Tissue-resident memory T Cell|CD8+ Cytotoxic T/NK Cells|CFD+ Secretory fibroblasts|Cycling T Cell|Eccrine Sweat Gland Cell|Hair Follicle Keratinocyte|Lymphatic Endothelial Cell|Mast Cell|Matrix Remodeling Fibroblasts|PECAM1+ Blood vascular Endothelial Cell|Regulatory T Cell|Schwann Cell|Smooth Muscle Cell|cDC2 Dendritic Cell,Eccrine Sweat Gland Cell|Fibroblast|Immune|Keratinocyte|Lymphatic Endothelial Cell|Schwann cell|Smooth Muscle Cell|Vascular Endothelial Cell,Deciphering mesenchymal drivers of human Dupuytren’s disease at single-cell level,"Dupuytren’s disease (DD) is a common, progressive fibroproliferative disease affecting the palmar fascia of the hands, causing fingers to irreversibly flex towards the palm with significant loss of function. Surgical treatments are limited, therefore effective new therapies for DD are urgently required. To identify key cellular and molecular pathways driving DD we employed single-cell RNA sequencing (scRNA-seq), profiling the transcriptomes of 35,250 human single cells from DD, non-pathogenic fascia, and healthy dermis. We identify a DD-specific population of pathogenic PDPN+/FAP+ mesenchymal cells displaying elevated expression of fibrillar collagens and profibrogenic genes. In silico trajectory analysis reveals resident fibroblasts to be the source of this pathogenic population. To resolve the processes governing DD progression, genes differentially expressed during fibroblast differentiation were identified including upregulated TNFRSF12A and transcription factor SCX. Knockdown of SCX and blockade of TNFRSF12A inhibited proliferation and altered pro-fibrotic gene expression of cultured human FAP+ mesenchymal cells, demonstrating a functional role for these genes in DD. The power of scRNA-seq is utilised to identify the major pathogenic mesenchymal subpopulations driving DD and key molecular pathways regulating the DD-specific myofibroblast phenotype. Using this precision medicine approach, inhibition of TNFRSF12A has shown potential clinical utility in the treatment of Dupuytren’s disease.","Single, live cells were isolated from DD tissue, non-pathogenic fascia (from the transverse ligament of the palmar aponeurosis, herein referred to as Skoog’s fascia), and healthy dermis (n=3 DD, n=3 Skoog’s fascia, and n=3 healthy dermis). All tissue was taken at the time of corrective surgery for DD.",34274346
SAID250,GSE173252,GSM5264347,Human,2807,Dupuytren’s Disease,Not mentioned,Not mentioned,dermis,B Cell|CD69+ IL7R+ Tissue-resident memory T Cell|CD8+ Cytotoxic T/NK Cells|CFD+ Secretory fibroblasts|COL17A1+ KRT14+ Basal Keratinocyte|Cycling T Cell|Eccrine Sweat Gland Cell|FCN1+ Monocyte|Hair Follicle Keratinocyte|Hair Follicle Outer Root Sheath Keratinocyte|IL7R+ Naive CD4 T Cell|Lymphatic Endothelial Cell|Mast Cell|Matrix Remodeling Fibroblasts|PECAM1+ Blood vascular Endothelial Cell|Plasma Cell|Regulatory T Cell|Resident T Cell|SPP1+ Inflammatory Macrophage|Schwann Cell|Smooth Muscle Cell|Suprabasal Keratinocyte|Unknown|cDC1 Dendritic Cell|cDC2 Dendritic Cell,Eccrine Sweat Gland Cell|Fibroblast|Immune|Keratinocyte|Lymphatic Endothelial Cell|Schwann cell|Smooth Muscle Cell|Unknown|Vascular Endothelial Cell,Deciphering mesenchymal drivers of human Dupuytren’s disease at single-cell level,"Dupuytren’s disease (DD) is a common, progressive fibroproliferative disease affecting the palmar fascia of the hands, causing fingers to irreversibly flex towards the palm with significant loss of function. Surgical treatments are limited, therefore effective new therapies for DD are urgently required. To identify key cellular and molecular pathways driving DD we employed single-cell RNA sequencing (scRNA-seq), profiling the transcriptomes of 35,250 human single cells from DD, non-pathogenic fascia, and healthy dermis. We identify a DD-specific population of pathogenic PDPN+/FAP+ mesenchymal cells displaying elevated expression of fibrillar collagens and profibrogenic genes. In silico trajectory analysis reveals resident fibroblasts to be the source of this pathogenic population. To resolve the processes governing DD progression, genes differentially expressed during fibroblast differentiation were identified including upregulated TNFRSF12A and transcription factor SCX. Knockdown of SCX and blockade of TNFRSF12A inhibited proliferation and altered pro-fibrotic gene expression of cultured human FAP+ mesenchymal cells, demonstrating a functional role for these genes in DD. The power of scRNA-seq is utilised to identify the major pathogenic mesenchymal subpopulations driving DD and key molecular pathways regulating the DD-specific myofibroblast phenotype. Using this precision medicine approach, inhibition of TNFRSF12A has shown potential clinical utility in the treatment of Dupuytren’s disease.","Single, live cells were isolated from DD tissue, non-pathogenic fascia (from the transverse ligament of the palmar aponeurosis, herein referred to as Skoog’s fascia), and healthy dermis (n=3 DD, n=3 Skoog’s fascia, and n=3 healthy dermis). All tissue was taken at the time of corrective surgery for DD.",34274346
SAID251,GSE173252,GSM5264348,Human,4678,Dupuytren’s Disease,Not mentioned,Not mentioned,dermis,ACKR1+ Post-Capillary Venule Endothelial Cell|B Cell|CD69+ IL7R+ Tissue-resident memory T Cell|CD8+ Cytotoxic T/NK Cells|CFD+ Secretory fibroblasts|COL17A1+ KRT14+ Basal Keratinocyte|Cycling T Cell|FCN1+ Monocyte|Hair Follicle Keratinocyte|Hair Follicle Outer Root Sheath Keratinocyte|IL7R+ Naive CD4 T Cell|Lymphatic Endothelial Cell|Mast Cell|Matrix Remodeling Fibroblasts|PECAM1+ Blood vascular Endothelial Cell|Plasma Cell|Regulatory T Cell|Resident T Cell|SPP1+ Inflammatory Macrophage|Schwann Cell|Smooth Muscle Cell|Suprabasal Keratinocyte|cDC2 Dendritic Cell,Fibroblast|Immune|Keratinocyte|Lymphatic Endothelial Cell|Schwann cell|Smooth Muscle Cell|Vascular Endothelial Cell,Deciphering mesenchymal drivers of human Dupuytren’s disease at single-cell level,"Dupuytren’s disease (DD) is a common, progressive fibroproliferative disease affecting the palmar fascia of the hands, causing fingers to irreversibly flex towards the palm with significant loss of function. Surgical treatments are limited, therefore effective new therapies for DD are urgently required. To identify key cellular and molecular pathways driving DD we employed single-cell RNA sequencing (scRNA-seq), profiling the transcriptomes of 35,250 human single cells from DD, non-pathogenic fascia, and healthy dermis. We identify a DD-specific population of pathogenic PDPN+/FAP+ mesenchymal cells displaying elevated expression of fibrillar collagens and profibrogenic genes. In silico trajectory analysis reveals resident fibroblasts to be the source of this pathogenic population. To resolve the processes governing DD progression, genes differentially expressed during fibroblast differentiation were identified including upregulated TNFRSF12A and transcription factor SCX. Knockdown of SCX and blockade of TNFRSF12A inhibited proliferation and altered pro-fibrotic gene expression of cultured human FAP+ mesenchymal cells, demonstrating a functional role for these genes in DD. The power of scRNA-seq is utilised to identify the major pathogenic mesenchymal subpopulations driving DD and key molecular pathways regulating the DD-specific myofibroblast phenotype. Using this precision medicine approach, inhibition of TNFRSF12A has shown potential clinical utility in the treatment of Dupuytren’s disease.","Single, live cells were isolated from DD tissue, non-pathogenic fascia (from the transverse ligament of the palmar aponeurosis, herein referred to as Skoog’s fascia), and healthy dermis (n=3 DD, n=3 Skoog’s fascia, and n=3 healthy dermis). All tissue was taken at the time of corrective surgery for DD.",34274346
SAID252,GSE173252,GSM5264349,Human,4128,Dupuytren’s Disease,Not mentioned,Not mentioned,dermis,B Cell|CD69+ IL7R+ Tissue-resident memory T Cell|CD8+ Cytotoxic T/NK Cells|CFD+ Secretory fibroblasts|Cycling T Cell|Eccrine Sweat Gland Cell|Hair Follicle Keratinocyte|Hair Follicle Outer Root Sheath Keratinocyte|IL7R+ Naive CD4 T Cell|Lymphatic Endothelial Cell|Mast Cell|Matrix Remodeling Fibroblasts|Melanocyte|PECAM1+ Blood vascular Endothelial Cell|Regulatory T Cell|Resident T Cell|SPP1+ Inflammatory Macrophage|SPP1+ Inflammatory Macrophages|Schwann Cell|Smooth Muscle Cell|Suprabasal Keratinocyte|cDC1 Dendritic Cell|cDC2 Dendritic Cell,Eccrine Sweat Gland Cell|Fibroblast|Immune|Keratinocyte|Lymphatic Endothelial Cell|Melanocyte|Schwann cell|Smooth Muscle Cell|Vascular Endothelial Cell,Deciphering mesenchymal drivers of human Dupuytren’s disease at single-cell level,"Dupuytren’s disease (DD) is a common, progressive fibroproliferative disease affecting the palmar fascia of the hands, causing fingers to irreversibly flex towards the palm with significant loss of function. Surgical treatments are limited, therefore effective new therapies for DD are urgently required. To identify key cellular and molecular pathways driving DD we employed single-cell RNA sequencing (scRNA-seq), profiling the transcriptomes of 35,250 human single cells from DD, non-pathogenic fascia, and healthy dermis. We identify a DD-specific population of pathogenic PDPN+/FAP+ mesenchymal cells displaying elevated expression of fibrillar collagens and profibrogenic genes. In silico trajectory analysis reveals resident fibroblasts to be the source of this pathogenic population. To resolve the processes governing DD progression, genes differentially expressed during fibroblast differentiation were identified including upregulated TNFRSF12A and transcription factor SCX. Knockdown of SCX and blockade of TNFRSF12A inhibited proliferation and altered pro-fibrotic gene expression of cultured human FAP+ mesenchymal cells, demonstrating a functional role for these genes in DD. The power of scRNA-seq is utilised to identify the major pathogenic mesenchymal subpopulations driving DD and key molecular pathways regulating the DD-specific myofibroblast phenotype. Using this precision medicine approach, inhibition of TNFRSF12A has shown potential clinical utility in the treatment of Dupuytren’s disease.","Single, live cells were isolated from DD tissue, non-pathogenic fascia (from the transverse ligament of the palmar aponeurosis, herein referred to as Skoog’s fascia), and healthy dermis (n=3 DD, n=3 Skoog’s fascia, and n=3 healthy dermis). All tissue was taken at the time of corrective surgery for DD.",34274346
